tick,time_s,command.steering,command.throttle,command.brake,command.direction,command.wheel_brakes,state.position.0,state.position.1,state.position.2,state.heading,state.speed,state.pitch,state.roll,state.wheels.0.position.0,state.wheels.0.position.1,state.wheels.0.position.2,state.wheels.0.orientation.0,state.wheels.0.orientation.1,state.wheels.0.orientation.2,state.wheels.0.orientation.3,state.wheels.1.position.0,state.wheels.1.position.1,state.wheels.1.position.2,state.wheels.1.orientation.0,state.wheels.1.orientation.1,state.wheels.1.orientation.2,state.wheels.1.orientation.3,state.wheels.2.position.0,state.wheels.2.position.1,state.wheels.2.position.2,state.wheels.2.orientation.0,state.wheels.2.orientation.1,state.wheels.2.orientation.2,state.wheels.2.orientation.3,state.wheels.3.position.0,state.wheels.3.position.1,state.wheels.3.position.2,state.wheels.3.orientation.0,state.wheels.3.orientation.1,state.wheels.3.orientation.2,state.wheels.3.orientation.3,state.surface,state.steering,state.throttle,state.brake,state.rpm,state.gear,state.acceleration,state.lateral_acceleration,state.dynamics.aerodynamic_force,state.dynamics.rolling_force,state.dynamics.grade_force,state.dynamics.front_load,state.dynamics.rear_load,state.dynamics.yaw_rate,state.dynamics.sideslip,state.dynamics.traction_limited,state.dynamics.road_grade,state.active,state.generation,state.signal,state.velocity.0,state.velocity.1,state.velocity.2,state.hazards,state.wheel_contacts.0.in_contact,state.wheel_contacts.0.contact_point.0,state.wheel_contacts.0.contact_point.1,state.wheel_contacts.0.contact_point.2,state.wheel_contacts.0.contact_normal.0,state.wheel_contacts.0.contact_normal.1,state.wheel_contacts.0.contact_normal.2,state.wheel_contacts.0.suspension_force,state.wheel_contacts.0.normal_load,state.wheel_contacts.0.suspension_length,state.wheel_contacts.0.compression,state.wheel_contacts.0.skid,state.wheel_contacts.0.surface,state.wheel_contacts.1.in_contact,state.wheel_contacts.1.contact_point.0,state.wheel_contacts.1.contact_point.1,state.wheel_contacts.1.contact_point.2,state.wheel_contacts.1.contact_normal.0,state.wheel_contacts.1.contact_normal.1,state.wheel_contacts.1.contact_normal.2,state.wheel_contacts.1.suspension_force,state.wheel_contacts.1.normal_load,state.wheel_contacts.1.suspension_length,state.wheel_contacts.1.compression,state.wheel_contacts.1.skid,state.wheel_contacts.1.surface,state.wheel_contacts.2.in_contact,state.wheel_contacts.2.contact_point.0,state.wheel_contacts.2.contact_point.1,state.wheel_contacts.2.contact_point.2,state.wheel_contacts.2.contact_normal.0,state.wheel_contacts.2.contact_normal.1,state.wheel_contacts.2.contact_normal.2,state.wheel_contacts.2.suspension_force,state.wheel_contacts.2.normal_load,state.wheel_contacts.2.suspension_length,state.wheel_contacts.2.compression,state.wheel_contacts.2.skid,state.wheel_contacts.2.surface,state.wheel_contacts.3.in_contact,state.wheel_contacts.3.contact_point.0,state.wheel_contacts.3.contact_point.1,state.wheel_contacts.3.contact_point.2,state.wheel_contacts.3.contact_normal.0,state.wheel_contacts.3.contact_normal.1,state.wheel_contacts.3.contact_normal.2,state.wheel_contacts.3.suspension_force,state.wheel_contacts.3.normal_load,state.wheel_contacts.3.suspension_length,state.wheel_contacts.3.compression,state.wheel_contacts.3.skid,state.wheel_contacts.3.surface,state.contact_tick,state.wheel_dynamics.0.omega,state.wheel_dynamics.0.rotation,state.wheel_dynamics.0.relative_omega,state.wheel_dynamics.0.longitudinal_speed,state.wheel_dynamics.0.lateral_speed,state.wheel_dynamics.0.kappa,state.wheel_dynamics.0.alpha,state.wheel_dynamics.0.fx,state.wheel_dynamics.0.fy,state.wheel_dynamics.0.drive_torque,state.wheel_dynamics.0.brake_capacity,state.wheel_dynamics.0.brake_torque,state.wheel_dynamics.0.normal_load,state.wheel_dynamics.0.road_support,state.wheel_dynamics.0.steering,state.wheel_dynamics.0.force_contact_tick,state.wheel_dynamics.0.force_residual,state.wheel_dynamics.0.force_kappa,state.wheel_dynamics.0.force_alpha,state.wheel_dynamics.0.sample_support,state.wheel_dynamics.0.sample_tick,state.wheel_dynamics.0.force_mode,state.wheel_dynamics.0.longitudinal_impulse,state.wheel_dynamics.0.lateral_impulse,state.wheel_dynamics.0.brake_angular_impulse,state.wheel_dynamics.1.omega,state.wheel_dynamics.1.rotation,state.wheel_dynamics.1.relative_omega,state.wheel_dynamics.1.longitudinal_speed,state.wheel_dynamics.1.lateral_speed,state.wheel_dynamics.1.kappa,state.wheel_dynamics.1.alpha,state.wheel_dynamics.1.fx,state.wheel_dynamics.1.fy,state.wheel_dynamics.1.drive_torque,state.wheel_dynamics.1.brake_capacity,state.wheel_dynamics.1.brake_torque,state.wheel_dynamics.1.normal_load,state.wheel_dynamics.1.road_support,state.wheel_dynamics.1.steering,state.wheel_dynamics.1.force_contact_tick,state.wheel_dynamics.1.force_residual,state.wheel_dynamics.1.force_kappa,state.wheel_dynamics.1.force_alpha,state.wheel_dynamics.1.sample_support,state.wheel_dynamics.1.sample_tick,state.wheel_dynamics.1.force_mode,state.wheel_dynamics.1.longitudinal_impulse,state.wheel_dynamics.1.lateral_impulse,state.wheel_dynamics.1.brake_angular_impulse,state.wheel_dynamics.2.omega,state.wheel_dynamics.2.rotation,state.wheel_dynamics.2.relative_omega,state.wheel_dynamics.2.longitudinal_speed,state.wheel_dynamics.2.lateral_speed,state.wheel_dynamics.2.kappa,state.wheel_dynamics.2.alpha,state.wheel_dynamics.2.fx,state.wheel_dynamics.2.fy,state.wheel_dynamics.2.drive_torque,state.wheel_dynamics.2.brake_capacity,state.wheel_dynamics.2.brake_torque,state.wheel_dynamics.2.normal_load,state.wheel_dynamics.2.road_support,state.wheel_dynamics.2.steering,state.wheel_dynamics.2.force_contact_tick,state.wheel_dynamics.2.force_residual,state.wheel_dynamics.2.force_kappa,state.wheel_dynamics.2.force_alpha,state.wheel_dynamics.2.sample_support,state.wheel_dynamics.2.sample_tick,state.wheel_dynamics.2.force_mode,state.wheel_dynamics.2.longitudinal_impulse,state.wheel_dynamics.2.lateral_impulse,state.wheel_dynamics.2.brake_angular_impulse,state.wheel_dynamics.3.omega,state.wheel_dynamics.3.rotation,state.wheel_dynamics.3.relative_omega,state.wheel_dynamics.3.longitudinal_speed,state.wheel_dynamics.3.lateral_speed,state.wheel_dynamics.3.kappa,state.wheel_dynamics.3.alpha,state.wheel_dynamics.3.fx,state.wheel_dynamics.3.fy,state.wheel_dynamics.3.drive_torque,state.wheel_dynamics.3.brake_capacity,state.wheel_dynamics.3.brake_torque,state.wheel_dynamics.3.normal_load,state.wheel_dynamics.3.road_support,state.wheel_dynamics.3.steering,state.wheel_dynamics.3.force_contact_tick,state.wheel_dynamics.3.force_residual,state.wheel_dynamics.3.force_kappa,state.wheel_dynamics.3.force_alpha,state.wheel_dynamics.3.sample_support,state.wheel_dynamics.3.sample_tick,state.wheel_dynamics.3.force_mode,state.wheel_dynamics.3.longitudinal_impulse,state.wheel_dynamics.3.lateral_impulse,state.wheel_dynamics.3.brake_angular_impulse,state.brake_states.0.requested,state.brake_states.0.commanded,state.brake_states.0.pressure,state.brake_states.0.braking_slip,state.brake_states.0.abs_active,state.brake_states.0.phase,state.brake_states.0.feedback_tick,state.brake_states.1.requested,state.brake_states.1.commanded,state.brake_states.1.pressure,state.brake_states.1.braking_slip,state.brake_states.1.abs_active,state.brake_states.1.phase,state.brake_states.1.feedback_tick,state.brake_states.2.requested,state.brake_states.2.commanded,state.brake_states.2.pressure,state.brake_states.2.braking_slip,state.brake_states.2.abs_active,state.brake_states.2.phase,state.brake_states.2.feedback_tick,state.brake_states.3.requested,state.brake_states.3.commanded,state.brake_states.3.pressure,state.brake_states.3.braking_slip,state.brake_states.3.abs_active,state.brake_states.3.phase,state.brake_states.3.feedback_tick,horizontal_speed_mps,path_distance_m
0,0.0,0,0.0,1,-1,,0.0,0.0,0.4186876118183136,0.0,-8.333333015441895,0.0,0.0,-0.8399999737739563,1.100000023841858,0.33000001311302185,1.0,0.0,0.0,0.0,0.8399999737739563,1.100000023841858,0.33000001311302185,1.0,0.0,0.0,0.0,-0.8399999737739563,-1.100000023841858,0.33000001311302185,1.0,0.0,0.0,0.0,0.8399999737739563,-1.100000023841858,0.33000001311302185,1.0,0.0,0.0,0.0,asphalt,0.0,0.0,0.0,900.0,1,0.0,0.0,0.0,0.0,-0.0,5886.0,5886.0,0.0,0,False,-0.0,True,0,0,0.0,-8.333333015441895,0.0,False,True,-0.8399999737739563,1.100000023841858,-1.4901161193847656e-08,0.0,0.0,1.0,2943.0009765625,2943.0009765625,0.33868756890296936,0.06131243705749512,1.0,asphalt,True,0.8399999737739563,1.100000023841858,-1.4901161193847656e-08,0.0,0.0,1.0,2943.0009765625,2943.0009765625,0.33868756890296936,0.06131243705749512,1.0,asphalt,True,-0.8399999737739563,-1.100000023841858,-1.4901161193847656e-08,0.0,0.0,1.0,2943.0009765625,2943.0009765625,0.33868756890296936,0.06131243705749512,1.0,asphalt,True,0.8399999737739563,-1.100000023841858,-1.4901161193847656e-08,0.0,0.0,1.0,2943.0009765625,2943.0009765625,0.33868756890296936,0.06131243705749512,1.0,asphalt,240,0.0,0.0,0.0,0.0,0.0,0.0,0.0,0.0,0.0,0.0,0.0,-0.0,2943.0009765625,True,0.0,239,0.0,0.0,0.0,True,240,sticking,0.0,0.0,0.0,0.0,0.0,0.0,0.0,0.0,0.0,0.0,0.0,0.0,0.0,0.0,-0.0,2943.0009765625,True,0.0,239,0.0,0.0,0.0,True,240,sticking,0.0,0.0,0.0,0.0,0.0,0.0,0.0,0.0,0.0,0.0,0.0,0.0,0.0,0.0,-0.0,2943.0009765625,True,0.0,239,0.0,0.0,0.0,True,240,sticking,0.0,0.0,0.0,0.0,0.0,0.0,0.0,0.0,0.0,0.0,0.0,0.0,0.0,0.0,-0.0,2943.0009765625,True,0.0,239,0.0,0.0,0.0,True,240,sticking,0.0,0.0,0.0,0.0,0.0,0.0,,False,normal,239,0.0,0.0,0.0,,False,normal,239,0.0,0.0,0.0,,False,normal,239,0.0,0.0,0.0,,False,normal,239,8.333333015441895,0.0
6,0.05,0,0.0,1,-1,,3.7966111676723813e-07,-0.4092768132686615,0.41603541374206543,-7.0147643782547675e-06,-8.035687446594238,0.10053656250238419,-1.3576177479990292e-05,-0.8399994969367981,0.6908759474754333,0.32999947667121887,0.8255873918533325,0.5642740726470947,-1.324704328453663e-07,1.6141726177920646e-08,0.8400004506111145,0.6908757090568542,0.32999947667121887,0.8255884051322937,0.5642727017402649,-1.3247047547793045e-07,1.6141493475174684e-08,-0.8399997353553772,-1.5091274976730347,0.3299994468688965,0.8218005895614624,0.5697751045227051,-1.3235970186542545e-07,1.7026046350565593e-08,0.8400002121925354,-1.5091277360916138,0.32999950647354126,0.821802020072937,0.5697730779647827,-1.323597444979896e-07,1.7025714171836626e-08,asphalt,0.0,0.0,1,1562.9376952186783,-1,8.070211410522461,-5.0386992370476946e-05,27.576094357085477,178.3386558146449,-0.0,5571.250956040679,6200.749043959321,-1.0239419680146966e-05,8.208550270621923e-05,False,-0.0,True,0,0,1.0880862646445166e-05,-8.035687446594238,0.0634254515171051,False,True,-0.8399993777275085,0.6914550065994263,-1.1175870895385742e-08,0.0,0.0,1.0,2856.7470703125,2856.7470703125,0.33796605467796326,0.06203395128250122,0.0,asphalt,True,0.840000569820404,0.6914547681808472,-3.3527612686157227e-08,0.0,0.0,1.0,2856.70849609375,2856.70849609375,0.3379664719104767,0.06203353404998779,0.0,asphalt,True,-0.8399996757507324,-1.5085484981536865,-2.9802322387695312e-08,0.0,0.0,1.0,3683.13134765625,3683.13134765625,0.3341057598590851,0.0658942461013794,0.0,asphalt,True,0.840000331401825,-1.5085487365722656,2.60770320892334e-08,0.0,0.0,1.0,3683.081298828125,3683.081298828125,0.33410605788230896,0.06589394807815552,0.0,asphalt,246,-22.85546052601816,-1.1973529136802992,-22.798619640587585,-8.03078842163086,2.4319859221577644e-05,0.06082671120174603,3.028327723838169e-06,2600.2303074416973,-0.10718081568389223,0.0,945.0439488337117,-945.0439488337117,2936.11474609375,True,0.0,245,3.9298498687045775e-05,0.06074595521420835,3.004726493475521e-06,True,246,magic-formula,21.50752180193695,-0.07890902965141613,-7.875366240280931,-22.859654799946213,-1.1973494774883764,-22.80281391451564,-8.030805587768555,2.431985740258824e-05,0.060656368587507475,3.0283210241765334e-06,2610.8095811242792,19.248117946845145,0.0,945.0439488337117,-945.0439488337117,2936.07568359375,True,0.0,245,3.439630724781577e-05,0.0612664631984177,-0.0005420222308557127,True,246,magic-formula,21.504247359091856,0.08190670512547364,-7.875366240280931,-23.5724787841678,-1.2107097468708672,-23.515637898737225,-8.03078842163086,1.793029241525801e-06,0.031363100312426895,2.2326939117163918e-07,2191.732608144521,0.4569564325818633,0.0,763.2292992224745,-763.2292992224745,3624.574462890625,True,0.0,245,0.0009894899884264315,0.03351261059151502,-8.384576005163877e-06,True,246,magic-formula,17.97764847178339,0.10005273688648054,-6.360244160187288,-23.578830069748943,-1.2107046932491592,-23.521989184318368,-8.030805587768555,1.7930294688994763e-06,0.031104185255318904,2.23268942237918e-07,2208.6044718099092,-24.350787963528674,0.0,763.2292992224745,-763.2292992224745,3624.501708984375,True,0.0,245,9.458771379622446e-11,0.03384698768087372,0.00044781260328703487,True,246,magic-formula,17.97930387505021,-0.10354747667510049,-6.360244160187288,1,1,0.8646647167633873,0.051118981462098215,False,normal,245,1,1,0.8646647167633873,0.05092496147462494,False,normal,245,1,1,0.8646647167633873,0.02983207873794031,False,normal,245,1,1,0.8646647167633873,0.029587025548119556,False,normal,245,8.035687446601605,0.40927681326888765
12,0.1,0,0.0,1,-1,,2.740112279298046e-07,-0.7985036969184875,0.41611942648887634,-6.788154132664204e-05,-7.603497505187988,0.38246405124664307,1.1900583558599465e-05,-0.8399983644485474,0.3020966649055481,0.3299926519393921,0.4306507408618927,0.902518630027771,-4.892836500403064e-07,-3.485359627575235e-07,0.8400015830993652,0.3020947575569153,0.3299926519393921,0.43063777685165405,0.9025248289108276,-4.892886522611661e-07,-3.485289425952942e-07,-0.8400009870529175,-1.8979521989822388,0.3299926817417145,0.38323578238487244,0.9236505627632141,-5.067111032985849e-07,-3.226757883112441e-07,0.8399989604949951,-1.8979541063308716,0.3299926817417145,0.38323843479156494,0.9236494302749634,-5.067101369604643e-07,-3.2267723781842506e-07,asphalt,0.0,0.0,1,1902.4394297894407,-1,8.618834495544434,-0.000806826981715858,24.74219904273714,172.5146633696483,-0.0,5103.743358934156,6668.256641065844,-2.6782978238770738e-05,-1.880209452720582e-05,True,-0.0,True,0,0,-1.6522219084436074e-05,-7.603497505187988,0.10718366503715515,False,True,-0.8399983644485474,0.3042994737625122,-3.725290298461914e-09,0.0,0.0,1.0,2302.84716796875,2302.84716796875,0.34347179532051086,0.05652821063995361,0.0,asphalt,True,0.8400015234947205,0.3042975664138794,-1.1175870895385742e-08,0.0,0.0,1.0,2302.952392578125,2302.952392578125,0.3434714376926422,0.056528568267822266,0.0,asphalt,True,-0.8400009870529175,-1.8957493305206299,-7.450580596923828e-09,0.0,0.0,1.0,3991.516357421875,3991.516357421875,0.3287859261035919,0.07121407985687256,0.0,asphalt,True,0.8399989008903503,-1.8957513570785522,2.9802322387695312e-08,0.0,0.0,1.0,3991.7021484375,3991.7021484375,0.32878556847572327,0.07121443748474121,0.0,asphalt,252,-18.976789905405365,-2.2444900897860713,-18.875813006139122,-7.594779014587402,1.577244074724149e-05,0.17544135823364945,2.0767478180634957e-06,2636.8711706438703,-0.020471051019941455,0.0,1072.9417393201688,-1072.9417393201688,2397.721435546875,True,0.0,251,3.05503484969549e-11,0.1752940006565428,1.6330501715530361e-06,True,252,magic-formula,21.958185022215012,-0.03289472791701735,-8.941181161001406,-18.977896356508136,-2.2445187418345744,-18.876919457241893,-7.594823837280273,1.5772442566230893e-05,0.1753981485513459,2.0767358011369454e-06,2637.0241607238463,7.338320212775533,0.0,1072.9417393201688,-1072.9417393201688,2397.7958984375,True,0.0,251,2.6081127002968903e-11,0.17590332369625578,-0.0005874052061573065,True,252,magic-formula,21.957945019190458,0.030838048456225044,-8.941181161001406,-22.264713106456345,-2.3483232306478707,-22.1637362071901,-7.594779014587402,-4.31709413533099e-05,0.0325781288674204,-5.6842919681962936e-06,2457.8050721190543,0.5133393326911225,0.0,848.4944928801127,-848.4944928801127,3948.5546875,True,0.0,251,1.614369210097387e-10,0.03479608185248151,-8.721048373095748e-06,True,252,magic-formula,20.291739703851718,0.1269168272277067,-7.070787440667606,-22.272462552243493,-2.3483176397704324,-22.17148565297725,-7.594823837280273,-4.31709413533099e-05,0.0322471199184027,-5.684258420970112e-06,2477.912648337189,-31.004993979218213,0.0,848.4944928801127,-848.4944928801127,3948.6943359375,True,0.0,251,2.405620118398657e-10,0.035169628343690994,0.000528073827502746,True,252,magic-formula,20.292827921313986,-0.13290837438539935,-7.070787440667606,1,1,0.9816843611112658,0.142674771881457,False,normal,251,1,1,0.9816843611112658,0.14263000014858693,False,normal,251,1,1,0.9816843611112658,0.032731853766643275,False,normal,251,1,1,0.9816843611112658,0.032412246817259016,False,normal,251,7.603497505205939,0.7985036969189897
18,0.15,0,0.0,1,-1,,-1.586592020430544e-06,-1.1667760610580444,0.417877197265625,-0.0001588745799381286,-7.202874183654785,0.7426231503486633,7.432851271005347e-05,-0.8399986624717712,-0.06554193794727325,0.3299722373485565,0.08710672706365585,0.9961990118026733,-1.3163013363737264e-06,-7.661550966986397e-07,0.8400012850761414,-0.06554649770259857,0.3299722969532013,0.08704342693090439,0.9962045550346375,-1.316350108027109e-06,-7.660714231860766e-07,-0.8400047421455383,-2.2657270431518555,0.3299722373485565,-0.14684970676898956,0.9891588687896729,-1.4583400798073853e-06,-4.3918871028836293e-07,0.8399952054023743,-2.2657313346862793,0.3299722373485565,-0.14685136079788208,0.989158570766449,-1.4583408756152494e-06,-4.391862375996425e-07,asphalt,0.0,0.0,1,2055.6361512439553,-1,7.5734028816223145,-0.0005849399021826684,22.17365656629883,163.59137081103466,-0.0,4795.740363202472,6976.259636797528,-3.5154112993041053e-05,-0.00021806127771203967,True,-0.0,True,0,0,-5.011151370126754e-05,-7.202874183654785,0.12515150010585785,False,True,-0.8399990797042847,-0.06126485764980316,-4.470348358154297e-08,0.0,0.0,1.0,1793.93408203125,1793.93408203125,0.35217157006263733,0.04782843589782715,0.0,asphalt,True,0.8400008678436279,-0.06126941740512848,2.9802322387695312e-08,0.0,0.0,1.0,1794.1314697265625,1794.1314697265625,0.35216936469078064,0.04783064126968384,0.0,asphalt,True,-0.8400051593780518,-2.2614500522613525,-2.9802322387695312e-08,0.0,0.0,1.0,4171.125,4171.125,0.32365527749061584,0.07634472846984863,0.0,asphalt,True,0.8399948477745056,-2.2614541053771973,-4.470348358154297e-08,0.0,0.0,1.0,4171.40283203125,4171.40283203125,0.32365313172340393,0.07634687423706055,0.0,asphalt,258,-9.365957221727571,-2.954197046590917,-9.262141949277124,-7.193721771240234,3.2080588425742462e-06,0.5703523181106802,4.4595258818592697e-07,1958.935492487688,0.000656577158361149,0.0,1090.2508230209905,-1090.2508230209905,1868.1712646484375,True,0.0,257,4.338376907744018e-08,0.5702372565690681,-2.2935241109185626e-07,True,258,magic-formula,16.363681637173105,-0.00603523595875079,-9.085423525174921,-9.368771960485265,-2.9543240102398403,-9.264956688034818,-7.193780899047852,3.2080624805530533e-06,0.5702267291224639,4.459494284816835e-07,1959.1011935442875,1.337814459798104,0.0,1090.2508230209905,-1090.2508230209905,1868.3587646484375,True,0.0,257,4.314353687646045e-08,0.5703819596537879,-0.00046739709783331066,True,258,magic-formula,16.36558290046432,0.005587302587922472,-9.085423525174921,-21.10707421731124,-3.423397004322158,-21.003258944860793,-7.193721771240234,-7.424187060678378e-05,0.03174813911216226,-1.0320370034459682e-05,2501.664422541526,0.7181261937729168,0.0,860.0338820139939,-860.0338820139939,4149.7138671875,True,0.0,257,5.479758445802307e-10,0.033382061863929946,-1.1499160067829005e-05,True,258,magic-formula,20.722771003716883,0.14421233783110493,-7.166949016783282,-21.115666308551006,-3.42340000136123,-21.01185103610056,-7.193780899047852,-7.424184150295332e-05,0.03136195283010089,-1.0320281162600319e-05,2523.61262649201,-34.85834867393118,0.0,860.0338820139939,-860.0338820139939,4149.9912109375,True,0.0,257,7.785286229608264e-10,0.033757471036728395,0.0005595452617037014,True,258,magic-formula,20.72333492348331,-0.14959686701322544,-7.166949016783282,1,1,0.9975212478233336,0.4809712767961068,False,normal,257,1,1,0.9975212478233336,0.48086315194339224,False,normal,257,1,1,0.9975212478233336,0.031850681587506105,False,normal,257,1,1,0.9975212478233336,0.03147222806778458,False,normal,257,7.202874183829102,1.166776061063573
24,0.2,0,0.0,1,-1,,-4.803232968697557e-06,-1.5164200067520142,0.41999179124832153,-0.0002745694946497679,-6.847421169281006,1.0619919300079346,0.0001097162821679376,-0.8399997353553772,-0.41455763578414917,0.32994332909584045,0.016642054542899132,0.9998615384101868,-2.362064606131753e-06,-9.967382084141718e-07,0.8400002121925354,-0.4145658016204834,0.3299432694911957,0.016532637178897858,0.99986332654953,-2.362173290748615e-06,-9.964796845451929e-07,-0.8400101661682129,-2.6149356365203857,0.32994329929351807,0.6139078736305237,-0.7893776297569275,2.465084889990976e-06,-7.044085919005738e-07,0.8399897813796997,-2.614943742752075,0.32994335889816284,0.6139136552810669,-0.7893731594085693,2.4650798877701163e-06,-7.044267249511904e-07,asphalt,0.0,0.0,1,2103.515733018614,-1,6.87398099899292,-0.0004307572962716222,20.02382545925639,155.82264855164797,-0.0,4637.006989721997,7134.993010278003,-4.388042361824773e-05,-0.000331571356322017,True,-0.0,True,0,0,-7.336562703130767e-05,-6.847421169281006,0.118122398853302,False,True,-0.8400002717971802,-0.40844136476516724,-3.725290298461914e-09,0.0,0.0,1.0,1508.8646240234375,1508.8646240234375,0.3604566752910614,0.039543330669403076,0.0,asphalt,True,0.8399996757507324,-0.40844956040382385,-4.470348358154297e-08,0.0,0.0,1.0,1509.0479736328125,1509.0479736328125,0.3604535162448883,0.03954648971557617,0.0,asphalt,True,-0.8400107622146606,-2.6088192462921143,-2.2351741790771484e-08,0.0,0.0,1.0,4180.95947265625,4180.95947265625,0.31967446208000183,0.08032554388046265,0.0,asphalt,True,0.839989185333252,-2.608827590942383,2.2351741790771484e-08,0.0,0.0,1.0,4181.177734375,4181.177734375,0.3196711838245392,0.08032882213592529,0.0,asphalt,264,-0.09207241691054209,-3.089771733733221,-0.025140573152912696,-6.841361045837402,7.521077350247651e-06,0.9955587934364367,1.0993539589349387e-06,1541.416894991055,8.375715366578671e-05,0.0,1092.5933527662075,-502.77680814846417,1528.553955078125,True,0.0,263,0.0005937415943985768,0.9955573434764787,3.9120050033567314e-07,True,264,magic-formula,12.844778175929848,-0.002083702284756626,-4.256991223801447,-0.09068106497035862,-3.089990750196715,-0.023749221212729224,-6.841434955596924,7.521077350247651e-06,0.9956259539651492,1.099342082334889e-06,1541.603478078643,0.5030189317547191,0.0,1092.5933527662075,-504.0545527365634,1528.747802734375,True,0.0,263,0.0005930140038730282,0.9956267613620792,-0.00039029825354285324,True,264,magic-formula,12.846407473564254,0.0020918330628875888,-4.2574858432383795,-20.073173419414594,-4.445060696588992,-20.006241575656965,-6.841361045837402,-8.917986269807443e-05,0.03175008831945047,-1.3035397795192282e-05,2510.426383482722,0.8845830096556216,0.0,861.5955685108052,-861.5955685108052,4203.55859375,True,0.0,263,3.6607495785835374e-10,0.032983012156790135,-1.3946417557410792e-05,True,264,magic-formula,20.82803020744685,0.1539300572809136,-7.179963070923376,-20.082146659804614,-4.44507563268461,-20.015214816046985,-6.841434955596924,-8.917986997403204e-05,0.03132771987930128,-1.303525803399236e-05,2533.2382353492717,-36.878082590271504,0.0,861.5955685108052,-861.5955685108052,4203.791015625,True,0.0,263,5.475163888157358e-10,0.03336570714192263,0.0005828728528473796,True,264,magic-formula,20.828051980819485,-0.15823761215469986,-7.179963070923376,1,1,0.9996645373720975,0.995111036481495,False,normal,263,1,1,0.9996645373720975,0.9951787945555424,False,normal,263,1,1,0.9996645373720975,0.03152383312328904,False,normal,263,1,1,0.9996645373720975,0.031104780486895273,False,normal,263,6.847421169674038,1.516420006772532
30,0.25,0,0.0,1,-1,,-8.958561011240818e-06,-1.8488295078277588,0.42135411500930786,-0.00041331324609927833,-6.5058674812316895,1.2267999649047852,0.00011103870201623067,-0.8400012254714966,-0.7466131448745728,0.3299243152141571,0.015204018913209438,0.9998844265937805,-3.5709481380763464e-06,-1.0231843816654873e-06,0.839998722076416,-0.7466254234313965,0.3299243152141571,0.015094597823917866,0.9998860359191895,-3.5710600059246644e-06,-1.0227934126305627e-06,-0.8400170207023621,-2.947117567062378,0.3299242854118347,0.9124108552932739,-0.4092753529548645,2.3516183773608645e-06,-2.875493919418659e-06,0.8399829268455505,-2.947129964828491,0.3299243450164795,0.9124167561531067,-0.4092622995376587,2.351576995351934e-06,-2.8755280254699755e-06,asphalt,0.0,0.0,1,2092.1847456484397,-1,6.83582878112793,-0.00032672693487256765,18.090306356735987,151.66095926775398,-0.0,4547.197792846562,7224.802207153438,-5.1382459787419066e-05,-0.00037489534339278527,True,-0.0,True,0,0,-8.931047341320664e-05,-6.5058674812316895,0.09468429535627365,False,True,-0.8400018215179443,-0.739547848701477,-1.862645149230957e-08,0.0,0.0,1.0,1528.0606689453125,1528.0606689453125,0.3650088608264923,0.03499114513397217,0.0,asphalt,True,0.8399981260299683,-0.739560067653656,-1.4901161193847656e-08,0.0,0.0,1.0,1528.2008056640625,1528.2008056640625,0.36500564217567444,0.03499436378479004,0.0,asphalt,True,-0.840017557144165,-2.9400522708892822,-3.725290298461914e-08,0.0,0.0,1.0,4047.06640625,4047.06640625,0.3178959786891937,0.08210402727127075,0.0,asphalt,True,0.8399823904037476,-2.9400646686553955,-7.450580596923828e-09,0.0,0.0,1.0,4047.199462890625,4047.199462890625,0.3178926408290863,0.08210736513137817,0.0,asphalt,270,-0.034054621830937715,-3.089771733733221,-0.02362721018528685,-6.504871845245361,1.74896813405212e-05,0.9982723679310572,2.688704982445254e-06,1523.3018058002344,-0.0019385209315111117,0.0,1092.9103796927668,-496.7983068847428,1510.9273681640625,True,0.0,269,0.0006347256662511026,0.9982717955626944,2.019095751375224e-06,True,270,magic-formula,12.693816071894453,-0.0021629380338614233,-4.205063466357547,-0.03267466167008509,-3.089990750196715,-0.02224725002443423,-6.504958152770996,1.748967042658478e-05,0.9983423969689128,2.6886676310273187e-06,1523.4427250433862,0.5163698680428561,0.0,1092.9103796927668,-498.05067075797535,1511.0760498046875,True,0.0,269,0.0006338427892646371,0.9983427286130067,-0.00040655901999226297,True,270,magic-formula,12.695065561167192,0.002139503269007842,-4.20549703850859,-19.058587108567675,-5.418454122149464,-19.048159696922024,-6.504871845245361,-9.569486428517848e-05,0.03313487253028242,-1.471126050672647e-05,2511.433456891506,0.9479282259567232,0.0,861.8069197951779,-861.8069197951779,4068.1572265625,True,0.0,269,1.6434720774970593e-09,0.03442289815436977,-1.5591304649306775e-05,True,270,magic-formula,20.84044918198554,0.15492670360988633,-7.181724331626483,-19.06751815372478,-5.418482739852611,-19.05709074207913,-6.504958152770996,-9.569487883709371e-05,0.03269462416929181,-1.4711067555357926e-05,2534.0992303403746,-36.91008345424497,0.0,861.8069197951779,-861.8069197951779,4068.29443359375,True,0.0,269,2.4983855710782283e-09,0.03482893490302479,0.0006087553571872693,True,270,magic-formula,20.84041532132286,-0.15816328368112187,-7.181724331626483,1,1,0.9999546000702376,0.9978372039844311,False,normal,269,1,1,0.9999546000702376,0.9979060439940931,False,normal,269,1,1,0.9999546000702376,0.032924955059101035,False,normal,269,1,1,0.9999546000702376,0.03248796326689891,False,normal,269,6.505867481844702,1.8488295078743666
36,0.3,0,0.0,1,-1,,-1.3797010979033075e-05,-2.1639938354492188,0.4214860796928406,-0.0005711223348043859,-6.156494617462158,1.2478162050247192,9.53714843490161e-05,-0.8400029540061951,-1.0617300271987915,0.3299216628074646,0.015020640566945076,0.9998871684074402,-4.952799372404115e-06,-9.065722679224564e-07,0.8399969935417175,-1.0617467164993286,0.3299216628074646,0.014911217615008354,0.9998888373374939,-4.9528985073266085e-06,-9.060302090801997e-07,-0.8400248289108276,-3.262251853942871,0.32992175221443176,0.9991608262062073,0.04095938429236412,6.279789204199915e-07,-4.9957716328208335e-06,0.839975118637085,-3.2622687816619873,0.32992175221443176,0.9991599321365356,0.04098106175661087,6.278705200202239e-07,-4.995785729988711e-06,asphalt,0.0,0.0,1,2044.9160566866876,-1,7.126358985900879,-0.0003057913272641599,16.227996920604806,153.3503924832229,-0.0,4475.615588910882,7296.384411089118,-5.793734089820646e-05,-0.00038046808008265136,True,-0.0,True,0,0,-0.00010182293772231787,-6.156494617462158,0.07208456099033356,False,True,-0.840003490447998,-1.0545437335968018,-3.725290298461914e-08,0.0,0.0,1.0,1742.608642578125,1742.608642578125,0.36554762721061707,0.03445237874984741,0.0,asphalt,True,0.8399965167045593,-1.0545604228973389,-4.0978193283081055e-08,0.0,0.0,1.0,1742.6849365234375,1742.6849365234375,0.3655448853969574,0.03445512056350708,0.0,asphalt,True,-0.8400253057479858,-3.255065679550171,2.9802322387695312e-08,0.0,0.0,1.0,3947.38232421875,3947.38232421875,0.31762734055519104,0.08237266540527344,0.0,asphalt,True,0.8399746417999268,-3.255082368850708,7.450580596923828e-09,0.0,0.0,1.0,3947.488037109375,3947.488037109375,0.3176245391368866,0.08237546682357788,0.0,asphalt,276,0.008840657518356476,-3.089771733733221,-0.020608917130977476,-6.159140110015869,2.7490488719195127e-05,1.00047367277395,4.463364727538524e-06,1698.998280741725,-0.004429965355905391,0.0,1092.9532846216662,-554.5679618759634,1685.5015869140625,True,0.0,275,0.0009789157792442216,1.0004738177672392,3.8157904156931e-06,True,276,magic-formula,14.157884088350528,-0.0028514646155886722,-4.682074187899994,0.01038202931979525,-3.089990750196715,-0.019067545329538704,-6.159237384796143,2.7490488719195127e-05,1.0005562490064093,4.4632942362104555e-06,1699.0730318832461,0.6755294392232527,0.0,1092.9532846216662,-555.9368173878546,1685.5872802734375,True,0.0,275,0.00097712931935989,1.0005560711010786,-0.0004780539336978446,True,276,magic-formula,14.158604188961625,0.002791098960266881,-4.682396522255955,-18.027831162274868,-6.343348832868608,-18.057280736924202,-6.159140110015869,-0.00010007671517087147,0.03408849656200158,-1.6248488161410964e-05,2509.880607489764,1.006428852951746,0.0,861.835523081111,-861.835523081111,3955.77880859375,True,0.0,275,6.4183652195563825e-09,0.03568505082601064,-1.7171078812626586e-05,True,276,magic-formula,20.810881659786943,0.15743999549395887,-7.181962692342592,-18.036761791264535,-6.343391801817263,-18.06621136591387,-6.159237384796143,-0.00010007670789491385,0.03362526571716152,-1.62482303626002e-05,2532.496911998812,-37.44247218417348,0.0,861.835523081111,-861.835523081111,3955.887451171875,True,0.0,275,9.967625701158946e-09,0.036113670915184394,0.0006407201970239961,True,276,magic-formula,20.810935754433487,-0.16042052103691015,-7.181962692342592,1,1,0.9999938557876467,1.000175154349631,False,normal,275,1,1,0.9999938557876467,1.0002544544059122,False,normal,275,1,1,0.9999938557876467,0.03398660285227351,False,normal,275,1,1,0.9999938557876467,0.03352799964837935,False,normal,275,6.156494618304189,2.1639938355330677
42,0.35,0,0.0,1,-1,,-1.922941919474397e-05,-2.4610862731933594,0.4208167493343353,-0.0007484000525437295,-5.785640239715576,1.1870050430297852,7.983901014085859e-05,-0.8400049805641174,-1.358955979347229,0.3299292325973511,0.015551254153251648,0.9998790621757507,-6.504968951048795e-06,-7.978342182468623e-07,0.8399949669837952,-1.3589779138565063,0.3299292325973511,0.015441831201314926,0.9998807907104492,-6.5050553530454636e-06,-7.971222544256307e-07,-0.8400336503982544,-3.5594282150268555,0.3299292027950287,0.8883004784584045,0.45926275849342346,-2.3740565211483045e-06,-6.108600700827083e-06,0.8399662971496582,-3.559450149536133,0.3299291431903839,0.8882870078086853,0.4592888057231903,-2.374235918978229e-06,-6.108531579229748e-06,asphalt,0.0,0.0,1,1973.5545517913827,-1,7.575471878051758,-0.00033053080551326275,14.367482077125459,159.19525343505777,-0.0,4397.725472707874,7374.274527292126,-6.49639405310154e-05,-0.00037843360788569096,True,-0.0,True,0,0,-0.00011351039574947208,-5.785640239715576,0.0659380704164505,False,True,-0.8400053381919861,-1.35211980342865,1.4901161193847656e-08,0.0,0.0,1.0,1983.0753173828125,1983.0753173828125,0.36370036005973816,0.03629964590072632,0.0,asphalt,True,0.8399945497512817,-1.3521417379379272,2.2351741790771484e-08,0.0,0.0,1.0,1983.1505126953125,1983.1505126953125,0.36369797587394714,0.036302030086517334,0.0,asphalt,True,-0.840034008026123,-3.5525920391082764,1.4901161193847656e-08,0.0,0.0,1.0,3893.55322265625,3893.55322265625,0.31811609864234924,0.08188390731811523,0.0,asphalt,True,0.8399659395217896,-3.5526137351989746,-4.470348358154297e-08,0.0,0.0,1.0,3893.641357421875,3893.641357421875,0.3181138336658478,0.0818861722946167,0.0,asphalt,282,0.026888777391945083,-3.089771733733221,-0.017805653734172623,-5.789644241333008,3.689498043968342e-05,1.0015326151607027,6.3725816131820374e-06,1969.3064803937339,-0.00929826452493469,0.0,1092.959091172371,-643.4622900794343,1953.8326416015625,True,0.0,281,9.09498483873053e-13,1.0015330422850077,5.674598189918737e-06,True,282,magic-formula,16.410331090256136,-0.004082871696450415,-5.41814003422215,0.028674269993799413,-3.089990750196715,-0.016020161132318293,-5.789753437042236,3.689498043968342e-05,1.001634354416099,6.372461425236831e-06,1969.364036704827,0.9624085647106005,0.0,1092.959091172371,-645.0351201374764,1953.9061279296875,True,0.0,281,2.55351295663786e-15,1.0016335490185415,-0.0005873859240518755,True,282,magic-formula,16.410948388843863,0.003977189451623367,-5.418397651735925,-16.94404225476488,-7.216798516627186,-16.988736685891,-5.789644241333008,-0.000106120525742881,0.03421804328602138,-1.832936900913337e-05,2506.993536764842,1.1192861033628427,0.0,861.8393941149142,-861.8393941149142,3902.481689453125,True,0.0,281,1.4322860718003818e-08,0.03628030037385472,-1.9437482595549894e-05,True,282,magic-formula,20.753543072619777,0.1642545642240763,-7.181994950957618,-16.953124278918224,-7.216857089491644,-16.997818710044342,-5.789753437042236,-0.00010612051119096577,0.03371860773037574,-1.8329020800805438e-05,2529.9363577029417,-39.044785195780584,0.0,861.8393941149142,-861.8393941149142,3902.5703125,True,0.0,281,2.3243544903809767e-08,0.03672730581277926,0.000680179740071078,True,282,magic-formula,20.753679067533117,-0.16742510313274298,-7.181994950957618,1,1,0.9999991684712809,1.0014305647827102,False,normal,281,1,1,0.9999991684712809,1.0015295218404794,False,normal,281,1,1,0.9999991684712809,0.034180510407741914,False,normal,281,1,1,0.9999991684712809,0.033687546422669065,False,normal,281,5.785640240829075,2.461086273326992
48,0.4,0,0.0,1,-1,,-2.5238861780962907e-05,-2.7391598224639893,0.42006632685661316,-0.0009463202441111207,-5.400026321411133,1.1055058240890503,7.214875950012356e-05,-0.8400071263313293,-1.6372019052505493,0.3299385905265808,0.01626237854361534,0.9998677968978882,-8.234726010414306e-06,-7.635165957253776e-07,0.8399928212165833,-1.6372296810150146,0.3299385905265808,0.016152959316968918,0.9998695254325867,-8.23480968392687e-06,-7.626154570061772e-07,-0.8400434255599976,-3.837611436843872,0.3299385607242584,0.6329096555709839,0.774225652217865,-5.985889856674476e-06,-5.706380761694163e-06,0.839956521987915,-3.837639093399048,0.3299386203289032,0.632880449295044,0.7742494940757751,-5.986104497424094e-06,-5.706155661755474e-06,asphalt,0.0,0.0,1,1884.2907743767112,-1,7.782921314239502,-0.0003564398502930999,12.543274531022421,161.2720796699796,-0.0,4320.608333213769,7451.391666786231,-7.214001379907131e-05,-0.00038060575865363357,True,-0.0,True,0,0,-0.00012494040129240602,-5.400026321411133,0.06870780885219574,False,True,-0.840007483959198,-1.6308351755142212,2.60770320892334e-08,0.0,0.0,1.0,2090.730224609375,2090.730224609375,0.3613723814487457,0.03862762451171875,0.0,asphalt,True,0.8399925231933594,-1.630862832069397,2.60770320892334e-08,0.0,0.0,1.0,2090.81689453125,2090.81689453125,0.3613702952861786,0.03862971067428589,0.0,asphalt,True,-0.8400437831878662,-3.831244707107544,-7.450580596923828e-09,0.0,0.0,1.0,3846.30908203125,3846.30908203125,0.31891879439353943,0.08108121156692505,0.0,asphalt,True,0.8399561643600464,-3.8312723636627197,2.2351741790771484e-08,0.0,0.0,1.0,3846.407958984375,3846.407958984375,0.31891658902168274,0.08108341693878174,0.0,asphalt,288,0.02795612019009244,-3.089771733733221,-0.016352493795684462,-5.403956413269043,4.589592572301626e-05,1.0017071787699985,8.493022928389737e-06,2095.9754518956333,-0.013427042432364766,0.0,1092.9598770035554,-685.126922233751,2079.5361328125,True,0.0,287,4.547843043869461e-13,1.0017076433087957,7.700455281061753e-06,True,288,magic-formula,17.46581598613705,-0.004953406464615972,-5.7627195182877395,0.02985356834473952,-3.089990750196715,-0.014455045641037383,-5.404077529907227,4.5895932998973876e-05,1.0018230081821076,8.492833928431504e-06,2096.041558355609,1.1624207793678252,0.0,1092.9598770035554,-686.7986203376169,2079.62158203125,True,0.0,287,5.773159728050814e-15,1.0018219007330045,-0.0006667072515525003,True,288,magic-formula,17.466533545949282,0.004795989946615757,-5.762977711648301,-15.810865695931017,-8.034871885356523,-15.855174309916794,-5.403956413269043,-0.00011291285773040727,0.03448783064833508,-2.0894479725396326e-05,2505.7530355432036,1.2577531244540023,0.0,861.8399180023704,-861.8399180023704,3853.1708984375,True,0.0,287,3.600724803751642e-08,0.036881402688477324,-2.2214974328243928e-05,True,288,magic-formula,20.723436769386986,0.17307259963931002,-7.1819993166864196,-15.820143742090435,-8.03494764752431,-15.864452356076212,-5.404077529907227,-0.00011291285045444965,0.03394290588953335,-2.089401009018407e-05,2529.1262743219904,-41.09385991423045,0.0,861.8399180023704,-861.8399180023704,3853.2646484375,True,0.0,287,6.167658844132184e-08,0.037349025752992406,0.0007282271556969034,True,288,magic-formula,20.723638728303563,-0.17644317835961348,-7.1819993166864196,1,1,0.9999998874648253,1.0017204256821572,False,normal,287,1,1,0.9999998874648253,1.0018341629934562,False,normal,287,1,1,0.9999998874648253,0.03444329075328008,False,normal,287,1,1,0.9999998874648253,0.033906733490241744,False,normal,287,5.4000263228565055,2.739159822662699
54,0.45,0,0.0,1,-1,,-3.182208092766814e-05,-2.997756004333496,0.41950881481170654,-0.0011652280809357762,-5.008620262145996,1.0354158878326416,7.191042823251337e-05,-0.8400095105171204,-1.8959404230117798,0.3299461603164673,0.01687394082546234,0.9998576641082764,-1.0145158739760518e-05,-7.987370054252096e-07,0.8399904370307922,-1.8959745168685913,0.3299461603164673,0.016764527186751366,0.9998594522476196,-1.014524696074659e-05,-7.976267397680203e-07,-0.8400542140007019,-4.09630012512207,0.3299461603164673,0.3008636236190796,0.953667163848877,-9.497808605374303e-06,-3.654293550425791e-06,0.8399457335472107,-4.096333980560303,0.32994621992111206,0.30081865191459656,0.9536813497543335,-9.49798140936764e-06,-3.6538453969114926e-06,asphalt,0.0,0.0,1,1782.31917690708,-1,7.846714973449707,-0.0003947053919546306,10.813131933699538,161.4375345098539,-0.0,4256.55541707805,7515.44458292195,-7.951469160616398e-05,-0.0003947527171666139,True,-0.0,True,0,0,-0.00013652534107677639,-5.008620262145996,0.07318446040153503,False,True,-0.8400098085403442,-1.8899770975112915,2.2351741790771484e-08,0.0,0.0,1.0,2120.379150390625,2120.379150390625,0.3594590723514557,0.04054093360900879,0.0,asphalt,True,0.8399900794029236,-1.8900113105773926,7.450580596923828e-09,0.0,0.0,1.0,2120.490478515625,2120.490478515625,0.3594569265842438,0.0405430793762207,0.0,asphalt,True,-0.8400545120239258,-4.090336799621582,0.0,0.0,0.0,1.0,3816.208740234375,3816.208740234375,0.3196975886821747,0.0803024172782898,0.0,asphalt,True,0.8399454355239868,-4.0903706550598145,3.725290298461914e-08,0.0,0.0,1.0,3816.31591796875,3816.31591796875,0.31969544291496277,0.08030456304550171,0.0,asphalt,294,0.021393170825184007,-3.089771733733221,-0.015808326878606657,-5.01188325881958,5.428508302429691e-05,1.001408601519177,1.0831274436938803e-05,2135.736994919809,-0.017633980947976427,0.0,1092.9599833542413,-698.210975443079,2118.933837890625,True,0.0,293,1.0658141036401503e-14,1.0014089988036998,9.921911123404502e-06,True,294,magic-formula,17.79709236418298,-0.005550058042638813,-5.870625276043147,0.023324045657856854,-3.089990750196715,-0.01387745204593381,-5.012016773223877,5.4285075748339295e-05,1.0015356961908453,1.0830984452452022e-05,2135.8171407153177,1.2959489930050545,0.0,1092.9599833542413,-699.9159096390836,2119.03564453125,True,0.0,293,9.09565199286963e-13,1.0015346457542997,-0.0007292408479009697,True,294,magic-formula,17.797947149515792,0.005336818730157798,-5.870910978248199,-14.660867232261452,-8.795510878070992,-14.698068729965243,-5.01188325881958,-0.00012075755512341857,0.03467699928314653,-2.409424738446362e-05,2505.9188903404865,1.4342911899729522,0.0,861.8399889028276,-861.8399889028276,3819.847412109375,True,0.0,293,8.662431373025161e-08,0.03732145110869253,-2.5633628638038533e-05,True,294,magic-formula,20.7166860386877,0.1845616294882165,-7.181999907523563,-14.670401169074514,-8.795605274646645,-14.707602666778305,-5.012016773223877,-0.00012075753329554573,0.034074983216672995,-2.4093601186115797e-05,2529.89095461199,-43.75658767164862,0.0,861.8399889028276,-861.8399889028276,3819.94970703125,True,0.0,293,1.5925324973592664e-07,0.03781027102884911,0.0007847522898038553,True,294,magic-formula,20.716947364432002,-0.1882539819457153,-7.181999907523563,1,1,0.9999999847700203,1.0014776333565614,False,normal,293,1,1,0.9999999847700203,1.0016029560931512,False,normal,293,1,1,0.9999999847700203,0.03465792630928441,False,normal,293,1,1,0.9999999847700203,0.03406642948197268,False,normal,293,5.008620264006705,2.9977560046161846
60,0.5,0,0.0,1,-1,,-3.900201045325957e-05,-3.2367429733276367,0.4191567301750183,-0.0014059864915907383,-4.616330146789551,0.9882796406745911,7.740707224002108e-05,-0.8400120735168457,-2.1350197792053223,0.3299509584903717,0.01728522777557373,0.9998506307601929,-1.2244389836268965e-05,-8.871832051227102e-07,0.8399878740310669,-2.135061025619507,0.32995089888572693,0.017175810411572456,0.9998524785041809,-1.2244488061696757e-05,-8.858433488967421e-07,-0.8400660157203674,-4.3353471755981445,0.3299509286880493,-0.04532292112708092,0.9989724159240723,-1.227591019414831e-05,-1.1914594466588824e-07,0.8399339318275452,-4.33538818359375,0.3299509286880493,-0.04538056254386902,0.9989697933197021,-1.2275918379600625e-05,-1.184376543506005e-07,asphalt,0.0,0.0,1,1672.1482240954765,-1,7.838955402374268,-0.00044459692435339093,9.205522512382394,160.95852446483178,-0.0,4208.873946073696,7563.126053926304,-8.7301479652524e-05,-0.0004334586709289487,True,-0.0,True,0,0,-0.00014877229114063084,-4.616330146789551,0.07652925699949265,False,True,-0.8400123119354248,-2.1293282508850098,1.862645149230957e-08,0.0,0.0,1.0,2112.410888671875,2112.410888671875,0.35819563269615173,0.041804373264312744,0.0,asphalt,True,0.8399876356124878,-2.1293694972991943,-2.60770320892334e-08,0.0,0.0,1.0,2112.539306640625,2112.539306640625,0.35819342732429504,0.041806578636169434,0.0,asphalt,True,-0.8400663137435913,-4.329655647277832,0.0,0.0,0.0,1.0,3805.452392578125,3805.452392578125,0.32024475932121277,0.07975524663925171,0.0,asphalt,True,0.8399336338043213,-4.3296966552734375,0.0,0.0,0.0,1.0,3805.57275390625,3805.57275390625,0.3202424943447113,0.07975751161575317,0.0,asphalt,300,0.01292733961078096,-3.089771733733221,-0.015800741302643532,-4.618818283081055,6.154944276204333e-05,1.0009236176463543,1.3325798718658955e-05,2131.985370133335,-0.021820711160761487,0.0,1092.9599977472412,-696.9830540628317,2115.12744140625,True,0.0,299,4.550660473783792e-13,1.0009238993096565,1.2293257696204557e-05,True,300,magic-formula,17.765766696842416,-0.006010985251228075,-5.860203844209723,0.014853052414591563,-3.089990750196715,-0.01387502849883293,-4.618964672088623,6.154944276204333e-05,1.001061170120316,1.3325376383657989e-05,2132.088441978578,1.396827978303675,0.0,1092.9599977472412,-698.6910611278925,2115.25390625,True,0.0,299,4.550770456719029e-13,1.0010603834517646,-0.0007870079882334881,True,300,magic-formula,17.76682845916701,0.005741311631976799,-5.860550033718046,-13.511307400556637,-9.498206922549363,-13.540035481470062,-4.618818283081055,-0.00013063203368801624,0.03465969672021292,-2.8282566155870738e-05,2506.7675081154216,1.6728349895971641,0.0,861.839998498161,-861.839998498161,3806.010009765625,True,0.0,299,1.7827681244112595e-07,0.03752365730544682,-3.0048683824200025e-05,True,300,magic-formula,20.720778534091238,0.1993126044120373,-7.181999987484675,-13.52117453723057,-9.498321427432604,-13.549902618143994,-4.618964672088623,-0.00013063204823993146,0.03398533782930031,-2.8281672945992224e-05,2531.5305254927644,-47.16174795018838,0.0,861.839998498161,-861.839998498161,3806.132080078125,True,0.0,299,3.6124224292192305e-07,0.038032925879144974,0.0008502518839561127,True,300,magic-formula,20.721113874422066,-0.20344364242751717,-7.181999987484675,1,1,0.9999999979388463,1.0010085250244467,False,normal,299,1,1,0.9999999979388463,1.0011443174913346,False,normal,299,1,1,0.9999999979388463,0.03467875447036739,False,normal,299,1,1,0.9999999979388463,0.03401775478670145,False,normal,299,4.6163301491868225,3.236742973718426
66,0.55,0,0.0,1,-1,,-4.6818622649880126e-05,-3.4561474323272705,0.4189390242099762,-0.0016702015418559313,-4.225298881530762,0.9639968872070312,8.711185364518315e-05,-0.8400148153305054,-2.3544697761535645,0.32995322346687317,0.017497101798653603,0.9998469352722168,-1.454693847335875e-05,-1.0147712146135746e-06,0.8399851322174072,-2.3545188903808594,0.32995328307151794,0.01738768257200718,0.9998488426208496,-1.4547048522217665e-05,-1.0131792578249588e-06,-0.8400789499282837,-4.554781436920166,0.32995328307151794,-0.35939642786979675,0.9331849813461304,-1.3862647392670624e-05,4.5243978092912585e-06,0.8399209976196289,-4.554830074310303,0.32995328307151794,-0.35946008563041687,0.9331604242324829,-1.3862339983461425e-05,4.5253427742864005e-06,asphalt,0.0,0.0,1,1557.1783349190707,-1,7.805123805999756,-0.0004984100232832134,7.730972857653341,160.48773705615017,-0.0,4176.110436727293,7595.889563272707,-9.572366252541542e-05,-0.0005103252745284674,True,-0.0,True,0,0,-0.00016187192522920668,-4.225298881530762,0.07835742086172104,False,True,-0.840015172958374,-2.3489177227020264,-2.9802322387695312e-08,0.0,0.0,1.0,2091.492431640625,2091.492431640625,0.3575088083744049,0.04249119758605957,0.0,asphalt,True,0.8399847745895386,-2.3489668369293213,-7.450580596923828e-09,0.0,0.0,1.0,2091.6484375,2091.6484375,0.35750624537467957,0.04249376058578491,0.0,asphalt,True,-0.8400792479515076,-4.549229621887207,-7.450580596923828e-09,0.0,0.0,1.0,3810.153076171875,3810.153076171875,0.32049044966697693,0.07950955629348755,0.0,asphalt,True,0.8399206399917603,-4.549278736114502,0.0,0.0,0.0,1.0,3810.29345703125,3810.29345703125,0.3204878866672516,0.07951211929321289,0.0,asphalt,306,0.005570290949063807,-3.089771733733221,-0.01605561527995536,-4.227141857147217,6.742353434674442e-05,1.0004348555301221,1.59501470779902e-05,2112.009479988453,-0.025959645473776674,0.0,1092.9599996951222,-690.4177066407751,2095.225341796875,True,0.0,305,4.55548555732959e-13,1.000435002487068,1.4756148527745347e-05,True,306,magic-formula,17.599236254088126,-0.006456464496593284,-5.805801347722243,0.007476807876077428,-3.089990750196715,-0.014149098352941737,-4.227302551269531,6.74235270707868e-05,1.0005836692711678,1.594953903756454e-05,2112.13699851431,1.4945283009382977,0.0,1092.9599996951222,-692.1172906714664,2095.3779296875,True,0.0,305,4.555273075820547e-13,1.0005832055814408,-0.0008496037289799745,True,306,magic-formula,17.60051729063442,0.006132872948494666,-5.806217761162493,-12.368631689984698,-10.143195381236882,-12.390257596213717,-4.227141857147217,-0.00014330238627735525,0.034418858975898095,-3.390053872456733e-05,2507.8445313446928,2.0025793077043565,0.0,861.8399997967482,-861.8399997967482,3808.571044921875,True,0.0,305,3.05991088086998e-07,0.03751121933613972,-3.59444251369309e-05,True,306,magic-formula,20.727796907318588,0.21786225057408354,-7.181999998306235,-12.378900043469123,-10.143331569692563,-12.400525949698142,-4.227302551269531,-0.00014330237172544003,0.0336539756024787,-3.38992466076296e-05,2533.570495117807,-51.40794706999197,0.0,861.8399997967482,-861.8399997967482,3808.7109375,True,0.0,305,7.088862736841817e-07,0.03804008971671896,0.0009262323020337933,True,306,magic-formula,20.728195630532067,-0.22247443134649095,-7.181999998306235,1,1,0.9999999997210531,1.0005114004278943,False,normal,305,1,1,0.9999999997210531,1.0006582235872792,False,normal,305,1,1,0.9999999997210531,0.03447274377504133,False,normal,305,1,1,0.9999999997210531,0.03372454928509469,False,normal,305,4.2252988846314325,3.4561474328576383
72,0.6,0,0.0,1,-1,,-5.5320022511295974e-05,-3.656053066253662,0.41879093647003174,-0.0019598514772951603,-3.8360798358917236,0.9570274353027344,9.808174945646897e-05,-0.8400177955627441,-2.554386615753174,0.32995399832725525,0.017557909712195396,0.9998458623886108,-1.707097362668719e-05,-1.1557142443052726e-06,0.8399821519851685,-2.5544445514678955,0.32995399832725525,0.017448492348194122,0.9998477697372437,-1.7071099136956036e-05,-1.1538460285009933e-06,-0.8400929570198059,-4.754693508148193,0.32995399832725525,0.6142520904541016,-0.7891098260879517,1.4010491213412024e-05,-9.821405910770409e-06,0.8399069905281067,-4.754751682281494,0.32995399832725525,0.6143152713775635,-0.7890605926513672,1.4009700862516183e-05,-9.822525498748291e-06,asphalt,0.0,0.0,1,1439.6929524333436,-1,7.768936634063721,-0.0005601336597464979,6.390910094382349,160.32664240358477,-0.0,4154.9653929628585,7617.0346070371415,-0.00010499124618945643,-0.0006436786198803086,True,-0.0,True,0,0,-0.0001760302111506462,-3.8360798358917236,0.07937050610780716,False,True,-0.8400181531906128,-2.548875093460083,-3.3527612686157227e-08,0.0,0.0,1.0,2070.215576171875,2070.215576171875,0.35722610354423523,0.04277390241622925,0.0,asphalt,True,0.8399817943572998,-2.5489325523376465,3.725290298461914e-09,0.0,0.0,1.0,2070.387939453125,2070.387939453125,0.35722318291664124,0.04277682304382324,0.0,asphalt,True,-0.8400933742523193,-4.749182224273682,-1.4901161193847656e-08,0.0,0.0,1.0,3827.865966796875,3827.865966796875,0.3204754889011383,0.07952451705932617,0.0,asphalt,True,0.839906632900238,-4.749239921569824,-2.2351741790771484e-08,0.0,0.0,1.0,3828.0380859375,3828.0380859375,0.3204725682735443,0.07952743768692017,0.0,asphalt,312,0.0005701989330356358,-3.089771733733221,-0.016431049963086343,-3.837501049041748,7.189837197074667e-05,1.000049033380186,1.8735726985739182e-05,2090.218720668437,-0.03022180779595339,0.0,1092.9599999587392,-683.2543180517468,2073.5419921875,True,0.0,311,1.81954823374742e-12,1.0000490520242924,1.7351269473359463e-05,True,312,magic-formula,17.417571363947722,-0.006974864238281991,-5.7466536717518615,0.002456246917769517,-3.089990750196715,-0.014545001978352462,-3.8376777172088623,7.189835741883144e-05,1.000211211451975,1.8734860691405588e-05,2090.361760298757,1.610274512264713,0.0,1092.9599999587392,-684.9414840160991,2073.712158203125,True,0.0,311,4.463096558993129e-14,1.0002110310845385,-0.0009245943368501692,True,312,magic-formula,17.41899984405736,0.006599629124492953,-5.747119249935414,-11.233827934804943,-10.730950826122928,-11.250829183701065,-3.837501049041748,-0.0001592352637089789,0.03396424623484155,-4.149451989266581e-05,2508.9919674482876,2.4575198455231075,0.0,861.8399999724929,-861.8399999724929,3824.302734375,True,0.0,311,4.3434692985992563e-07,0.0373244950329251,-4.387053692558725e-05,True,312,magic-formula,20.735168223402034,0.24101097043925845,-7.181999999770774,-11.244560203808112,-10.731110544854516,-11.261561452704234,-3.8376777172088623,-0.0001592353219166398,0.033085855381449945,-4.149262485258131e-05,2535.8318343237934,-56.66457801378453,0.0,861.8399999724929,-861.8399999724929,3824.475830078125,True,0.0,311,1.2080045175752606e-06,0.03787191567908776,0.0010155225696747581,True,312,magic-formula,20.73561436062407,-0.24618644299796358,-7.181999999770774,1,1,0.9999999999622486,1.0001020064902983,False,normal,311,1,1,0.9999999999622486,1.000261762852362,False,normal,311,1,1,0.9999999999622486,0.03406075014708677,False,normal,311,1,1,0.9999999999622486,0.03320314807818155,False,normal,311,3.836079839930565,3.6560530669652804
78,0.65,0,0.0,1,-1,,-6.455717084463686e-05,-3.8365468978881836,0.418692946434021,-0.002277863211929798,-3.448516368865967,0.9598255753517151,0.00010835352441063151,-0.8400208950042725,-2.734872341156006,0.32995375990867615,0.017533497884869576,0.9998462796211243,-1.984263326448854e-05,-1.2935396398461307e-06,0.8399790525436401,-2.7349393367767334,0.32995375990867615,0.017424078658223152,0.9998481869697571,-1.9842773326672614e-05,-1.2913682212456479e-06,-0.8401083946228027,-4.935181140899658,0.32995370030403137,0.7998007535934448,-0.6002654433250427,1.2678786333708558e-05,-1.531834277557209e-05,0.8398915529251099,-4.935247898101807,0.32995375990867615,0.7998563051223755,-0.6001915335655212,1.2677370250457898e-05,-1.5319517842726782e-05,asphalt,0.0,0.0,1,1321.0967537841757,-1,7.738656044006348,-0.0006079678423702717,5.183324784425081,160.30857450411995,-0.0,4142.018057955253,7629.981942044747,-0.00011531006748555228,-0.0008560249875032912,True,-0.0,True,0,0,-0.00019099051132798195,-3.448516368865967,0.08036501705646515,False,True,-0.8400213122367859,-2.729344367980957,3.3527612686157227e-08,0.0,0.0,1.0,2054.431884765625,2054.431884765625,0.3571822941303253,0.04281771183013916,0.0,asphalt,True,0.8399786353111267,-2.7294113636016846,7.450580596923828e-09,0.0,0.0,1.0,2054.60009765625,2054.60009765625,0.3571791350841522,0.042820870876312256,0.0,asphalt,True,-0.8401087522506714,-4.929653167724609,-7.450580596923828e-09,0.0,0.0,1.0,3843.30224609375,3843.30224609375,0.32032427191734314,0.07967573404312134,0.0,asphalt,True,0.8398911952972412,-4.929719924926758,3.725290298461914e-08,0.0,0.0,1.0,3843.491455078125,3843.491455078125,0.3203209936618805,0.07967901229858398,0.0,asphalt,318,-0.0017598126820668053,-3.089771733733221,-0.016728425844703562,-3.449747085571289,7.432907295878977e-05,0.9998316577503576,2.1546238348362413e-05,2072.356354462528,-0.03454357680541323,0.0,1092.9599999944157,-677.3820961277311,2055.785400390625,True,0.0,317,9.129855872831587e-13,0.9998315853259447,1.9999123653393544e-05,True,318,magic-formula,17.268626066952734,-0.007627157037328088,-5.698222475211436,0.00010956750328999093,-3.089990750196715,-0.014859045659346766,-3.4499409198760986,7.432904385495931e-05,1.000010480549356,2.154501934083204e-05,2072.5099061905375,1.7595744096963286,0.0,1092.9599999944157,-679.0584617700968,2055.96875,True,0.0,317,9.129234249285552e-13,1.0000104707929696,-0.001018818131445191,True,318,magic-formula,17.270164958813787,0.007207168090815257,-5.698726007279308,-10.104387739061961,-11.261952570183318,-10.119356352224598,-3.449747085571289,-0.00017951292102225125,0.03342248832184975,-5.203654540677577e-05,2509.9593351663384,3.0859625330822524,0.0,861.8399999962774,-861.8399999962774,3841.3828125,True,0.0,317,6.59852122927733e-07,0.03711878358263845,-5.47644770931463e-05,True,318,magic-formula,20.737993531399674,0.2692525811540269,-7.181999999968978,-10.11561484600702,-11.262137795944744,-10.130583459169657,-3.4499409198760986,-0.00017951293557416648,0.03240287972751626,-5.203362596093477e-05,2537.993533129429,-62.982251756607276,0.0,861.8399999962774,-861.8399999962774,3841.56640625,True,0.0,317,2.296772085192729e-06,0.037686122770142286,0.0011222515014823863,True,318,magic-formula,20.738446333891993,-0.27486049410347946,-7.181999999968978,1,1,0.9999999999948909,0.9998568741899563,False,normal,317,1,1,0.9999999999948909,1.0000326374029165,False,normal,317,1,1,0.9999999999948909,0.03350991390387053,False,normal,317,1,1,0.9999999999948909,0.032516024663413946,False,normal,317,3.4485163741548175,3.836546898836848
84,0.7,0,0.0,1,-1,,-7.454066508216783e-05,-3.9976956844329834,0.41864463686943054,-0.0026270572561770678,-3.0619759559631348,0.9663164019584656,0.00011976710811723024,-0.8400242328643799,-2.8960046768188477,0.32995307445526123,0.01747686043381691,0.9998472929000854,-2.2886006263433956e-05,-1.4452126606556703e-06,0.8399757146835327,-2.8960816860198975,0.32995307445526123,0.017367443069815636,0.9998492002487183,-2.288616269652266e-05,-1.4427081396206631e-06,-0.8401250243186951,-5.096317768096924,0.32995304465293884,0.9185024499893188,-0.39541518688201904,1.0017930435424205e-05,-2.0627627236535773e-05,0.8398749232292175,-5.096395015716553,0.3299531042575836,0.9185442924499512,-0.39531800150871277,1.0015746738645248e-05,-2.0628689526347443e-05,asphalt,0.0,0.0,1,1202.0616243626962,-1,7.72367000579834,-0.0006525164935737848,4.105098055439594,160.3029135607798,-0.0,4134.207348890366,7637.792651109634,-0.00012658978812396526,-0.0011664821917716987,True,-0.0,True,0,0,-0.0002058709505945444,-3.0619759559631348,0.08133513480424881,False,True,-0.8400246500968933,-2.890439510345459,-1.4901161193847656e-08,0.0,0.0,1.0,2045.811279296875,2045.811279296875,0.3572596609592438,0.0427403450012207,0.0,asphalt,True,0.8399752974510193,-2.8905162811279297,-2.60770320892334e-08,0.0,0.0,1.0,2046.0023193359375,2046.0023193359375,0.35725608468055725,0.04274392127990723,0.0,asphalt,True,-0.8401255011558533,-5.090752601623535,2.9802322387695312e-08,0.0,0.0,1.0,3850.44189453125,3850.44189453125,0.32015225291252136,0.07984775304794312,0.0,asphalt,True,0.8398745059967041,-5.090829849243164,2.2351741790771484e-08,0.0,0.0,1.0,3850.65087890625,3850.65087890625,0.32014867663383484,0.07985132932662964,0.0,asphalt,324,-0.0024713839600689624,-3.089771733733221,-0.01687670342725589,-3.0631465911865234,7.522768282797188e-05,0.9997337519826281,2.455895614963297e-05,2063.76544598227,-0.03916152069247904,0.0,1092.959999999244,-674.5579448880471,2047.2467041015625,True,0.0,323,1.592545539885748e-13,0.999733621889282,2.2764848005493636e-05,True,324,magic-formula,17.196914738499363,-0.00850560343491248,-5.674903315868239,-0.0006100416353518965,-3.089990750196715,-0.015015361102538824,-3.063359260559082,7.522772648371756e-05,0.9999342833397774,2.4557265429868574e-05,2063.913985133351,1.9649498384141588,0.0,1092.959999999244,-676.2257659981308,2047.4288330078125,True,0.0,323,4.807926144217797e-13,0.9999343515453701,-0.0011423848097865637,True,324,magic-formula,17.198442833347414,0.00804907908230772,-5.675405154025915,-8.976985586047876,-11.73646542035784,-8.991390905515063,-3.0631465911865234,-0.00020345000666566193,0.03288819022915315,-6.641863205367715e-05,2510.8723444324532,3.935775698403111,0.0,861.8399999994962,-861.8399999994962,3849.704345703125,True,0.0,323,1.6651350524022736e-06,0.037028379407384196,-6.965008616079302e-05,True,324,magic-formula,20.739255754498814,0.30341417071257026,-7.181999999995801,-8.988723556790685,-11.736678147187572,-9.003128876257872,-3.063359260559082,-0.00020345002121757716,0.03169085913887824,-6.641402578466064e-05,2540.1400013902526,-70.52648678012217,0.0,861.8399999994962,-861.8399999994962,3849.906982421875,True,0.0,323,7.26206378381456e-06,0.03761908003817025,0.0012533829636260675,True,324,magic-formula,20.739728251075267,-0.30943135349150847,-7.181999999995801,1,1,0.9999999999993086,0.9997438366487792,False,normal,323,1,1,0.9999999999993086,0.9999403825762244,False,normal,323,1,1,0.9999999999993086,0.032978367210528596,False,normal,323,1,1,0.9999999999993086,0.03181385326111607,False,normal,323,3.0619759628839676,3.9976956856918444
90,0.75,0,0.0,1,-1,,-8.527890167897567e-05,-4.139538764953613,0.41863852739334106,-0.0030103123281151056,-2.6761677265167236,0.9732128381729126,0.00013210212637204677,-0.8400276303291321,-3.0378293991088867,0.3299523890018463,0.017416689544916153,0.9998483657836914,-2.6226294721709564e-05,-1.6096615809146897e-06,0.8399723172187805,-3.0379176139831543,0.3299524486064911,0.01730727218091488,0.9998502135276794,-2.6226472982671112e-05,-1.6067915566964075e-06,-0.8401431441307068,-5.238146781921387,0.3299524188041687,0.9805838465690613,-0.1961003690958023,6.2779663494438864e-06,-2.5514638764434494e-05,0.8398568034172058,-5.238234996795654,0.3299524188041687,0.9806075692176819,-0.19598160684108734,6.274875431699911e-06,-2.5515399102005176e-05,asphalt,0.0,0.0,1,1088.8404040802413,-1,7.709796905517578,-0.0007196272490546107,3.15416831344608,160.15944713886765,-0.0,4129.573529214173,7642.426470785827,-0.0001389957033097744,-0.0016337797415495858,True,-0.0,True,0,0,-0.0002212295075878501,-2.6761677265167236,0.0819442942738533,False,True,-0.8400281071662903,-3.032224178314209,-1.1175870895385742e-08,0.0,0.0,1.0,2038.4407958984375,2038.4407958984375,0.3573870360851288,0.04261296987533569,0.0,asphalt,True,0.8399718403816223,-3.0323126316070557,2.9802322387695312e-08,0.0,0.0,1.0,2038.6505126953125,2038.6505126953125,0.3573831021785736,0.04261690378189087,0.0,asphalt,True,-0.8401435613632202,-5.232541561126709,0.0,0.0,0.0,1.0,3852.224609375,3852.224609375,0.32001468539237976,0.07998532056808472,0.0,asphalt,True,0.8398563861846924,-5.232630252838135,-7.450580596923828e-09,0.0,0.0,1.0,3852.450439453125,3852.450439453125,0.32001081109046936,0.07998919486999512,0.0,asphalt,330,-0.0022631334894683275,-3.089771733733221,-0.016961923875787488,-2.677353858947754,7.390555401798338e-05,0.9997210551571176,2.7603954461312056e-05,2055.9332820523655,-0.043746594811701074,0.0,1092.9599999998975,-671.9826124551138,2039.47509765625,True,0.0,329,5.715003994434612e-13,0.999720898435868,2.5526734028558712e-05,True,330,magic-formula,17.131492876630304,-0.009624596502272764,-5.653537647172749,-0.0004089415014724689,-3.089990750196715,-0.01510773188779163,-2.6775875091552734,7.390551036223769e-05,0.9999495998935517,2.7601529395685474e-05,2056.09844982171,2.2318841812317607,0.0,1092.9599999998975,-673.6497775700345,2039.6785888671875,True,0.0,329,3.388400671155978e-13,0.9999496592530535,-0.0013025274531482938,True,330,magic-formula,17.133199565400112,0.00914976068671523,-5.654099010012224,-7.851129753661609,-12.154626157106224,-7.865828544047928,-2.677353858947754,-0.00023208292259369045,0.032300937715200435,-8.668369376605594e-05,2511.8251700155897,5.121916184276304,0.0,861.8399999999318,-861.8399999999318,3852.177734375,True,0.0,329,8.290869151055328e-06,0.037015217423212225,-9.057422218320794e-05,True,330,magic-formula,20.74074322274677,0.34624029760395875,-7.181999999999432,-7.863406617640881,-12.154868327185067,-7.8781054080272,-2.6775875091552734,-0.0002320829953532666,0.03087231511617762,-8.667615679357943e-05,2542.4040136138747,-79.88872258587232,0.0,861.8399999999318,-861.8399999999318,3852.39990234375,True,0.0,329,4.360190081594317e-05,0.03763309367357652,0.0014190307107651262,True,330,magic-formula,20.741252484003677,-0.35291380763532076,-7.181999999999432,1,1,0.9999999999999064,0.9997178961761997,False,normal,329,1,1,0.9999999999999064,0.9999412088786502,False,normal,329,1,1,0.9999999999999064,0.032406661610070886,False,normal,329,1,1,0.9999999999999064,0.03102139627233614,False,normal,329,2.676167735660862,4.139538766620369
96,0.8,0,0.0,1,-1,,-9.681868687039241e-05,-4.262108325958252,0.4186529517173767,-0.0034320512786507607,-2.290903329849243,0.9785874485969543,0.0001462529762648046,-0.840031087398529,-3.1603825092315674,0.3299519121646881,0.017369793727993965,0.9998491406440735,-2.9901817470090464e-05,-1.7957712543648086e-06,0.8399688601493835,-3.1604831218719482,0.32995185256004333,0.01726037636399269,0.9998510479927063,-2.9902012101956643e-05,-1.7924987787409918e-06,-0.8401627540588379,-5.360702991485596,0.3299519121646881,0.9998659491539001,-0.01637166552245617,1.7659201603237307e-06,-2.9903594622737728e-05,0.8398371934890747,-5.360804080963135,0.3299519121646881,0.9998682141304016,-0.016234830021858215,1.761827661539428e-06,-2.9903834729338996e-05,asphalt,0.0,0.0,1,1014.5374948671889,-1,7.70108699798584,-0.0008120734128169715,2.329505519322571,160.01340077355164,-0.0,4127.006606584886,7644.993393415114,-0.00015326752327382565,-0.0023668249048781308,True,-0.0,True,0,0,-0.0002378941426286474,-2.290903329849243,0.0820905789732933,False,True,-0.840031623840332,-3.1547465324401855,-3.725290298461914e-09,0.0,0.0,1.0,2034.3077392578125,2034.3077392578125,0.3575054705142975,0.04249453544616699,0.0,asphalt,True,0.8399683237075806,-3.1548471450805664,-2.9802322387695312e-08,0.0,0.0,1.0,2034.5357666015625,2034.5357666015625,0.35750123858451843,0.042498767375946045,0.0,asphalt,True,-0.8401632308959961,-5.355067253112793,0.0,0.0,0.0,1.0,3851.240234375,3851.240234375,0.31992676854133606,0.08007323741912842,0.0,asphalt,True,0.8398366570472717,-5.355168342590332,1.4901161193847656e-08,0.0,0.0,1.0,3851.493408203125,3851.493408203125,0.31992247700691223,0.08007752895355225,0.0,asphalt,336,-0.001559547055403357,-3.089771733733221,-0.01699036629859603,-2.292142629623413,6.956681318115443e-05,0.999775471856929,3.0350124054550594e-05,2051.156818053549,-0.04768091223879621,0.0,1092.9599999999862,-670.4117422359965,2034.7459716796875,True,0.0,335,2.0128486294204838e-12,0.9997753242071826,2.788876933891939e-05,True,336,magic-formula,17.091482710040534,-0.011119868915149858,-5.640431008152795,0.00029037276529596603,-3.089990750196715,-0.015140446477896707,-2.2924001216888428,6.956681318115443e-05,1.0000418002998872,3.0346715000411173e-05,2051.3388843263037,2.5977150031201983,0.0,1092.9599999999862,-672.0808004575699,2034.972900390625,True,0.0,335,1.6047907569908272e-12,1.0000417430509603,-0.0015196834377874074,True,336,magic-formula,17.093384858104,0.010669252392486216,-5.64105785534746,-6.726727757428103,-12.516545835853826,-6.7421585766712955,-2.292142391204834,-0.00026784150395542383,0.03155224192487661,-0.0001168520349189847,2512.811533510774,6.878795854510024,0.0,861.8399999999908,-861.8399999999908,3851.510498046875,True,0.0,335,9.132617628835779e-05,0.037043601597035396,-0.00012168778629437065,True,336,magic-formula,20.741869404345163,0.4023278696480403,-7.181999999999923,-6.7395870594508285,-12.516819322598367,-6.755017878694021,-2.2924001216888428,-0.00026784156216308475,0.029809975764494765,-0.00011683892284343624,2544.818166655544,-91.97334405046574,0.0,861.8399999999908,-861.8399999999908,3851.756591796875,True,0.0,335,0.000517847719461646,0.037692762944840696,0.0016347228589395008,True,336,magic-formula,20.742419957037075,-0.40995859364515946,-7.181999999999923,1,1,0.9999999999999873,0.9997627804101777,False,normal,335,1,1,0.9999999999999873,1.0000219245597533,False,normal,335,1,1,0.9999999999999873,0.03169381434252578,False,normal,335,1,1,0.9999999999999873,0.0300112485899618,False,normal,335,2.290903342201057,4.262108328170571
102,0.85,0,0.0,1,-1,,-0.00010926081449724734,-4.365426063537598,0.41866734623908997,-0.0038995491340756416,-1.9061548709869385,0.9816376566886902,0.00016380629676859826,-0.840034544467926,-3.2636873722076416,0.32995158433914185,0.017343178391456604,0.9998496174812317,-3.397558975848369e-05,-2.018818349824869e-06,0.8399654030799866,-3.2638015747070312,0.3299516439437866,0.01723375916481018,0.9998514652252197,-3.397580803721212e-05,-2.0150998807366705e-06,-0.840184211730957,-5.464010238647461,0.32995158433914185,0.9906929731369019,0.13611532747745514,-3.2127009035320953e-06,-3.3883545256685466e-05,0.8398157358169556,-5.4641242027282715,0.3299516439437866,0.9906720519065857,0.13626742362976074,-3.217902985852561e-06,-3.38830504915677e-05,asphalt,0.0,0.0,1,969.4705023236285,-1,7.673094749450684,-0.0008993738447315991,1.6301557902387176,159.9286674683571,-0.0,4125.626906759556,7646.373093240444,-0.00017052446492016315,-0.0035735247546077892,True,-0.0,True,0,0,-0.000256874569458887,-1.9061548709869385,0.08192375302314758,False,True,-0.8400351405143738,-3.2580337524414062,-3.725290298461914e-08,0.0,0.0,1.0,2033.844482421875,2033.844482421875,0.3575790822505951,0.042420923709869385,0.0,asphalt,True,0.8399648070335388,-3.258148193359375,1.862645149230957e-08,0.0,0.0,1.0,2034.106689453125,2034.106689453125,0.3575742542743683,0.04242575168609619,0.0,asphalt,True,-0.8401848077774048,-5.4583563804626465,-2.2351741790771484e-08,0.0,0.0,1.0,3848.86865234375,3848.86865234375,0.31988325715065,0.08011674880981445,0.0,asphalt,True,0.8398151993751526,-5.458470821380615,2.2351741790771484e-08,0.0,0.0,1.0,3849.161865234375,3849.161865234375,0.31987836956977844,0.08012163639068604,0.0,asphalt,342,-0.0006701592392441662,-3.089771733733221,-0.0169711895323512,-1.9074569940567017,6.211931759025902e-05,0.9998840589593162,3.256656258141125e-05,2049.931100815696,-0.05039862924475813,0.0,1092.9599999999982,-670.0337874248105,2033.5482177734375,True,0.0,341,4.454179753847323e-12,0.9998839674245091,2.949920492249098e-05,True,342,magic-formula,17.080984665737176,-0.01321487575580257,-5.637064320642761,0.0011787730501760813,-3.089990750196715,-0.015122257242930951,-1.9077435731887817,6.211930303834379e-05,1.0002039032457113,3.256166284054492e-05,2050.133094409617,3.123568464915658,0.0,1092.9599999999982,-671.7085304163296,2033.8045654296875,True,0.0,341,3.710089795460322e-12,1.000203567920028,-0.0018286817666104415,True,342,magic-formula,17.08313143957173,0.012869431528446815,-5.63777293630152,-5.605730209255739,-12.822316696461764,-5.622031239548846,-1.907456874847412,-0.0003132879501208663,0.030179400935406744,-0.00016424379048089372,2498.142923750946,9.655377969988693,0.0,856.4156952780589,-856.4156952780589,3849.558837890625,True,0.0,341,0.0008281811203793076,0.036776909277062834,-0.00017057239259930703,True,342,magic-formula,20.616159173106045,0.4777968252680811,-7.136797460650491,-5.619181184043504,-12.822623463996544,-5.635482214336611,-1.9077435731887817,-0.00031328792101703584,0.027998407755159868,-0.00016421909244183002,2531.5888130271856,-107.80905203132794,0.0,856.4156952780589,-856.4156952780589,3849.840087890625,True,0.0,341,1.2700462481832247e-05,0.037454354908858664,0.0019140139490697653,True,342,magic-formula,20.616552262746765,-0.48642357388915497,-7.136797460650491,1,1,0.9999999999999983,0.9998562580223255,False,normal,341,1,1,0.9999999999999983,1.0001657178647954,False,normal,341,1,1,0.9999999999999983,0.030622908344930387,False,normal,341,1,1,0.9999999999999983,0.02852211364564894,False,normal,341,1.9061548882952237,4.3654260665033355
108,0.9,0,0.0,1,-1,,-0.00012268367572687566,-4.4496169090271,0.4186702370643616,-0.004421560559421778,-1.5257298946380615,0.9809385538101196,0.00018305983394384384,-0.8400379419326782,-3.347872018814087,0.3299517035484314,0.017349278554320335,0.9998494982719421,-3.852452937280759e-05,-2.2659778551314957e-06,0.8399620056152344,-3.34800124168396,0.329951673746109,0.01723986119031906,0.999851405620575,-3.8524776755366474e-05,-2.2617618924414273e-06,-0.8402076363563538,-5.548194408416748,0.32995158433914185,0.9659654498100281,0.25867098569869995,-8.430944944848306e-06,-3.7658901419490576e-05,0.8397923111915588,-5.548324108123779,0.3299516439437866,0.96592116355896,0.2588363289833069,-8.437392352789175e-06,-3.765745714190416e-05,asphalt,0.0,0.0,1,942.1359896049184,-1,7.564127445220947,-0.0010277144610881805,1.0601646628176755,159.9625966275909,-0.0,4129.556034037769,7642.443965962231,-0.0001909539569169283,-0.005552996374367189,True,-0.0,True,0,0,-0.00027726084226742387,-1.5257298946380615,0.08171208202838898,False,True,-0.840038537979126,-3.3422224521636963,2.60770320892334e-08,0.0,0.0,1.0,2042.8880615234375,2042.8880615234375,0.35756877064704895,0.04243123531341553,0.0,asphalt,True,0.8399613499641418,-3.3423516750335693,1.4901161193847656e-08,0.0,0.0,1.0,2043.208984375,2043.208984375,0.35756340622901917,0.04243659973144531,0.0,asphalt,True,-0.8402082920074463,-5.542544364929199,-2.2351741790771484e-08,0.0,0.0,1.0,3842.483642578125,3842.483642578125,0.3198998272418976,0.0801001787185669,0.0,asphalt,True,0.8397917151451111,-5.542674541473389,0.0,0.0,0.0,1.0,3842.777587890625,3842.777587890625,0.319894403219223,0.08010560274124146,0.0,asphalt,348,0.000982468307870736,-3.089771733733221,-0.01682362583194364,-1.5271482467651367,5.2461276936810464e-05,1.000212300634391,3.4352445499184234e-05,2056.9301146392395,-0.05224148431755792,0.0,1092.9599999999996,-672.4500206547236,2040.54638671875,True,0.0,347,1.7976510332014682e-11,1.0002125082044906,3.0483827729539877e-05,True,348,magic-formula,17.138915291007407,-0.016391604247219083,-5.656393920045961,0.002838014832824443,-3.089990750196715,-0.014968079306989934,-1.527469277381897,5.246134242042899e-05,1.0006131350127299,3.434526846243395e-05,2057.1740371506207,3.9357733438700633,0.0,1092.9599999999996,-674.1441486960139,2040.859375,True,0.0,347,1.669277715695105e-11,1.0006118646086093,-0.0022972336840006396,True,348,magic-formula,17.14153317108387,0.016283523006915143,-5.657261577305822,-4.501922436637539,-13.07254236021464,-4.519728530777353,-1.5271482467651367,-0.0003679184301290661,0.027183898329900175,-0.0002409186035410721,2428.0219120341358,14.237674779510337,0.0,832.1449099383047,-832.1449099383047,3843.77783203125,True,0.0,347,0.00031267024655345026,0.035476127897656175,-0.0002496341506606594,True,348,magic-formula,20.014930745671485,0.5769347785880838,-6.93454091615254,-4.515800908234877,-13.072884812927661,-4.5336070023746915,-1.527469277381897,-0.00036791854654438794,0.02439000130218192,-0.00024086804551629187,2462.4586645022946,-127.87484110718215,0.0,832.1449099383047,-832.1449099383047,3844.064453125,True,0.0,347,8.528290036751586e-06,0.03615908771161297,0.0022532746724431077,True,348,magic-formula,20.01532839559384,-0.5871170650204491,-6.93454091615254,1,1,0.9999999999999998,1.0001402601514393,False,normal,347,1,1,0.9999999999999998,1.0005247951889946,False,normal,347,1,1,0.9999999999999998,0.027737510491982222,False,normal,347,1,1,0.9999999999999998,0.025065462170098654,False,normal,347,1.5257299198304544,4.449616913070858
114,0.95,0,0.0,1,-1,,-0.0001372726255794987,-4.514933109283447,0.4186711311340332,-0.005012132227420807,-1.1502519845962524,0.9751020669937134,0.00020741608750540763,-0.8400412797927856,-3.4131901264190674,0.3299521803855896,0.01740020327270031,0.9998486042022705,-4.367019209894352e-05,-2.570043761807028e-06,0.839958667755127,-3.413337230682373,0.3299522399902344,0.017290784046053886,0.9998505115509033,-4.367047222331166e-05,-2.565264594522887e-06,-0.840233564376831,-5.613508701324463,0.3299521803855896,0.9361458420753479,0.3516118824481964,-1.3674137335328851e-05,-4.15536887885537e-05,0.8397663831710815,-5.6136555671691895,0.3299521803855896,0.9360789060592651,0.3517899811267853,-1.3682044482266065e-05,-4.155108763370663e-05,asphalt,0.0,0.0,1,925.556769572716,-1,7.469292640686035,-0.001228503417223692,0.6174699716525279,160.08769484794428,-0.0,4138.920224347613,7633.079775652387,-0.00021798488160129637,-0.00921668136909876,True,-0.0,True,0,0,-0.0003030886873602867,-1.1502519845962524,0.08190368860960007,False,True,-0.8400419354438782,-3.40757417678833,3.725290298461914e-09,0.0,0.0,1.0,2057.906982421875,2057.906982421875,0.3574572503566742,0.04254275560379028,0.0,asphalt,True,0.8399580121040344,-3.4077212810516357,1.862645149230957e-08,0.0,0.0,1.0,2058.28857421875,2058.28857421875,0.35745111107826233,0.04254889488220215,0.0,asphalt,True,-0.8402342796325684,-5.6078925132751465,-7.450580596923828e-09,0.0,0.0,1.0,3831.31689453125,3831.31689453125,0.3200124204158783,0.07998758554458618,0.0,asphalt,True,0.8397656679153442,-5.608039855957031,0.0,0.0,0.0,1.0,3831.654052734375,3831.654052734375,0.3200063407421112,0.07999366521835327,0.0,asphalt,354,0.002762134037647107,-3.089771733733221,-0.016575317047801158,-1.1517834663391113,3.892803215421736e-05,1.000791385064174,3.379804735618028e-05,2071.74339070014,-0.04904898823041821,0.0,1092.9599999999998,-677.4347722065017,2055.339599609375,True,0.0,353,9.484480394589723e-11,1.000792396127572,2.843278065507713e-05,True,354,magic-formula,17.26171583046864,-0.02157447699655514,-5.696868427776373,0.004631351073794967,-3.089990750196715,-0.014706100011653298,-1.1521499156951904,3.892798849847168e-05,1.0013265164832565,3.378725975965547e-05,2072.013408706391,5.306086865227804,0.0,1092.9599999999998,-679.1490890373391,2055.704345703125,True,0.0,353,9.141093451472966e-11,1.0013228113742525,-0.0030770586867796272,True,354,magic-formula,17.26475792424759,0.022087065596042586,-5.697876563943542,-3.4094288426283397,-13.267936579191936,-3.428766293713788,-1.1517834663391113,-0.0004409647372085601,0.023157085555790047,-0.0003828538336854587,2358.7113414219357,22.718628041120997,0.0,808.1345331389127,-808.1345331389127,3833.541259765625,True,0.0,353,9.276835778821918e-05,0.034274218410668904,-0.0003961467603311838,True,354,magic-formula,19.418284443859008,0.730243099514934,-6.734454442824273,-3.423763347072015,-13.268317222079604,-3.443100798157463,-1.1521497964859009,-0.0004409648245200515,0.019361971872213054,-0.0003827321797335652,2394.2078558374096,-157.64754726331077,0.0,808.1345331389127,-808.1345331389127,3833.866943359375,True,0.0,353,4.9676289175695825e-06,0.0349687956152915,0.0027630337072301644,True,354,magic-formula,19.418718467953887,-0.7431240419580745,-6.734454442824273,1,1,0.9999999999999999,,False,normal,353,1,1,0.9999999999999999,,False,normal,353,1,1,0.9999999999999999,,False,normal,353,1,1,0.9999999999999999,,False,normal,353,1.1502520245278292,4.514933114975534
120,1.0,0,0.0,1,-1,,-0.00015274924226105213,-4.5616044998168945,0.41868558526039124,-0.00568119902163744,-0.7789806723594666,0.9649186730384827,0.00021290587028488517,-0.840043842792511,-3.4598705768585205,0.3299531638622284,0.017489057034254074,0.9998470544815063,-4.950646325596608e-05,-2.7239286737312796e-06,0.8399561047554016,-3.4600369930267334,0.32995322346687317,0.01737963780760765,0.9998489618301392,-4.950675793224946e-05,-2.7185108137928182e-06,-0.8402619361877441,-5.660182952880859,0.32995322346687317,0.909142017364502,0.41648638248443604,-1.8946548152598552e-05,-4.5818527723895386e-05,0.8397380113601685,-5.660349369049072,0.32995322346687317,0.9090539813041687,0.41667842864990234,-1.8956228814204223e-05,-4.581452958518639e-05,asphalt,0.0,0.0,1,915.5009643090632,-1,7.403449058532715,8.203554898500443e-06,0.2968349087357567,134.59026780281837,-0.0,4151.368337986035,7620.631662013965,-0.00023963673447724432,0,True,-0.0,True,0,0,-0.00030095575493760407,-0.7789806127548218,0.08221326023340225,False,True,-0.8400445580482483,-3.454313278198242,-1.1175870895385742e-08,0.0,0.0,1.0,2071.962158203125,2071.962158203125,0.35727497935295105,0.04272502660751343,0.0,asphalt,True,0.8399553894996643,-3.454479694366455,-3.725290298461914e-09,0.0,0.0,1.0,2072.1484375,2072.1484375,0.35726866126060486,0.04273134469985962,0.0,asphalt,True,-0.8402626514434814,-5.65462589263916,7.450580596923828e-09,0.0,0.0,1.0,3816.90966796875,3816.90966796875,0.3202212154865265,0.07977879047393799,0.0,asphalt,True,0.8397372961044312,-5.654792308807373,1.4901161193847656e-08,0.0,0.0,1.0,3817.148681640625,3817.148681640625,0.3202149569988251,0.0797850489616394,0.0,asphalt,360,0.003939120299049369,-3.089771733733221,-0.01630769649999524,-0.7805749177932739,4.951985465595499e-05,0.7818748274919602,4.951985461547719e-05,2126.4536675474656,-0.10351028298065826,0.0,1092.9599999999998,-695.5444263064011,2070.073486328125,True,0.0,359,1.2272964254943721e-09,0.7804285749412668,4.558710177098359e-05,True,360,magic-formula,17.675715208420183,-0.032476956284300064,-5.83315283180167,0.005858231489196047,-3.089990750196715,-0.014388585309848562,-0.7809776067733765,4.9519883759785444e-05,0.7829108231648112,4.951988371930758e-05,2125.5684732200116,8.190012287215037,0.0,1092.9599999999998,-696.9167662570972,2070.323974609375,True,0.0,359,1.1623762566510848e-09,0.7862856193940909,-0.003635541603625315,True,360,magic-formula,17.67708576996007,0.03424368154518407,-5.833627744184717,-2.306590640399075,-13.408683304972488,-2.3268374571981196,-0.7805749177932739,-0.0004778921138495207,0.019400006461579133,-0.00047789207746905303,2285.7393771419293,28.912932380071876,0.0,784.0314210178673,-784.0314210178673,3819.198974609375,True,0.0,359,2.999058815207939e-09,0.033073499318645005,-0.0005020266677477446,True,360,magic-formula,18.783861463192295,0.8311780971580562,-6.533595175148894,-2.321447679302493,-13.409106172002204,-2.3416944961015376,-0.7809776067733765,-0.0004778921138495207,0.014899872603553743,-0.00047789207746905303,2322.3770049046107,-173.76448132651512,0.0,784.0314210178673,-784.0314210178673,3819.475830078125,True,0.0,359,2.050085671939388e-05,0.033779326868114024,0.003032907702372635,True,360,magic-formula,18.783505239596835,-0.8330210217161942,-6.533595175148894,1,1,0.9999999999999999,,False,normal,359,1,1,0.9999999999999999,,False,normal,359,1,1,0.9999999999999999,,False,normal,359,1,1,0.9999999999999999,,False,normal,359,0.7789806708912899,4.561604508103195
126,1.05,0,0.0,1,-1,,-0.0001662346621742472,-4.589773654937744,0.4187115430831909,-0.006383020896464586,-0.40952032804489136,0.9538378715515137,0.00012075575796188787,-0.8400437235832214,-3.4880499839782715,0.3299542963504791,0.017585739493370056,0.9998453855514526,-5.565768151427619e-05,-2.032742486335337e-06,0.8399562239646912,-3.488237142562866,0.3299542963504791,0.01747632399201393,0.9998472929000854,-5.5657903430983424e-05,-2.0266518276912393e-06,-0.8402887582778931,-5.688354969024658,0.3299542963504791,0.8906551003456116,0.4546795189380646,-2.438031333440449e-05,-5.007504660170525e-05,0.8397111892700195,-5.688541889190674,0.3299542963504791,0.890548825263977,0.45488765835762024,-2.43920148932375e-05,-5.0069353164872155e-05,asphalt,0.0,0.0,1,909.401810108558,-1,7.382961750030518,0.000822321162559092,0.09319452197249688,75.36379992010623,-0.0,4163.048752123945,7608.951247876055,-0.00025084521621465683,0,True,-0.0,True,0,0,-0.00024088507052510977,-0.40952029824256897,0.0822746753692627,False,True,-0.8400437235832214,-3.4825563430786133,1.862645149230957e-08,0.0,0.0,1.0,2078.66943359375,2078.66943359375,0.35708537697792053,0.042914628982543945,0.0,asphalt,True,0.8399561643600464,-3.482743501663208,2.60770320892334e-08,0.0,0.0,1.0,2078.447021484375,2078.447021484375,0.3570818603038788,0.04291814565658569,0.0,asphalt,True,-0.8402888178825378,-5.682861328125,-1.4901161193847656e-08,0.0,0.0,1.0,3806.277099609375,3806.277099609375,0.32045724987983704,0.07954275608062744,0.0,asphalt,True,0.8397111296653748,-5.683048248291016,-1.4901161193847656e-08,0.0,0.0,1.0,3806.244384765625,3806.244384765625,0.3204536736011505,0.07954633235931396,0.0,asphalt,366,0.0036164514139047487,-3.089771733733221,-0.01614702573272077,-0.41106292605400085,9.933896944858134e-05,0.41225635502058944,9.933896912181472e-05,2220.6680543605817,-0.45079646234067566,0.0,1092.9599999999998,-726.6428715265931,2078.117919921875,True,0.0,365,6.831795217963668e-08,0.410823876456627,0.00010007689268894041,True,366,magic-formula,18.439275308962287,-0.06405362309625282,-6.08468516731233,0.005621321506151971,-3.089990750196715,-0.014142155640473547,-0.4114842414855957,9.933898400049657e-05,0.41333927758262584,9.93389836737298e-05,2218.6567833562362,16.586101746324058,0.0,1092.9599999999998,-727.7155329986808,2077.966796875,True,0.0,365,6.147245643922229e-08,0.4169424061805213,-0.0037403263028906717,True,366,magic-formula,18.436408419523477,0.06947357277363436,-6.083768650951911,-1.1925600131946323,-13.493748141375319,-1.2123234903412579,-0.41106289625167847,-0.00045247867819853127,0.017518091897449795,-0.0004524786473188329,2213.9997198849574,28.471689233830563,0.0,759.5246512873651,-759.5246512873651,3807.5712890625,True,0.0,365,2.385149892241128e-09,0.031886327333263575,-0.0004920637638112142,True,366,magic-formula,18.16806283546945,0.8100740407019486,-6.329372094061376,-1.2069896979772041,-13.494214655271712,-1.2267531751238296,-0.4114842414855957,-0.00045247861999087036,0.013177641153118314,-0.0004524785891111839,2249.5450512074017,-168.69073393142264,0.0,759.5246512873651,-759.5246512873651,3807.592041015625,True,0.0,365,2.6970105857029322e-08,0.03255785482830453,0.00292976184274181,True,366,magic-formula,18.167644274810257,-0.8073905820562144,-6.329372094061376,1,1,0.9999999999999999,,False,normal,365,1,1,0.9999999999999999,,False,normal,365,1,1,0.9999999999999999,,False,normal,365,1,1,0.9999999999999999,,False,normal,365,0.40952036908840056,4.58977366650062
132,1.1,0,0.0,1,-1,,-0.0001680351560935378,-4.599513530731201,0.41873255372047424,-0.006842066068202257,-0.04574306309223175,0.9450596570968628,-0.00035527601721696556,-0.8400357365608215,-3.4977991580963135,0.32995516061782837,0.017662333324551582,0.9998440146446228,-5.98048536630813e-05,2.043971790044452e-06,0.8399642109870911,-3.497999668121338,0.3299551010131836,0.017552915960550308,0.9998459219932556,-5.9804628108395264e-05,2.0505162865447346e-06,-0.8402987718582153,-5.698098659515381,0.3299551010131836,0.8833970427513123,0.4686252176761627,-3.074325650231913e-05,-5.133858940098435e-05,0.8397011756896973,-5.698298931121826,0.32995516061782837,0.8832797408103943,0.4688463509082794,-3.0756105843465775e-05,-5.133089507580735e-05,asphalt,0.0,0.0,1,905.7024860876367,-1,6.70205545425415,0.003011716064065695,0.004335595909896674,16.24407444794771,-0.0,4171.661356661836,7600.338643338164,1.681874528003391e-05,0,False,-0.0,True,0,0,0.0001679209090070799,-0.04574308171868324,0.08202410489320755,False,True,-0.8400330543518066,-3.492356300354004,1.4901161193847656e-08,0.0,0.0,1.0,2088.911865234375,2088.911865234375,0.356929749250412,0.04307025671005249,0.0,asphalt,True,0.839966893196106,-3.4925568103790283,-1.1175870895385742e-08,0.0,0.0,1.0,2086.29052734375,2086.29052734375,0.3569401800632477,0.0430598258972168,0.0,asphalt,True,-0.8402960896492004,-5.69265604019165,0.0,0.0,0.0,1.0,3798.420166015625,3798.420166015625,0.3206388056278229,0.0793612003326416,0.0,asphalt,True,0.8397039175033569,-5.692856311798096,3.725290298461914e-08,0.0,0.0,1.0,3796.81396484375,3796.81396484375,0.3206491768360138,0.07935082912445068,0.0,asphalt,372,0.003712380341615225,-3.089771733733221,-0.015981296040688014,-0.04750526696443558,0.0002300356572959572,0.0487303524771686,0.0002300356532384041,1604.102113480787,-7.200705842972316,0.0,1092.9599999999998,-523.7595783815887,2080.267578125,True,0.0,371,5.6627043155740514e-11,0.047311678746231496,0.0002548547038380743,True,372,magic-formula,15.717474064697289,-0.30707145587045714,-5.188890922150324,0.005158221818292744,-3.089990750196715,-0.014535454564010494,-0.047475796192884445,0.0002300356572959572,0.04917800939292105,0.0002300356532384041,1683.3453960129589,67.36514772352825,0.0,1092.9599999999998,-551.3783239319874,2077.433349609375,True,0.0,371,4.521468115944639e-11,0.05140972851413429,-0.0024688102117399807,True,372,magic-formula,15.924829621200931,0.2867952911008347,-5.256367280916525,-0.17505109195504986,-13.525344517132027,-0.1947447683373531,-0.04750526323914528,0.0002686330408323556,-0.010261597106021182,0.00026863303437050357,2150.941893704757,503.98141200028215,0.0,737.0612114078523,-737.0612114078523,3803.571044921875,True,0.0,371,2.386087758305747e-09,-6.048009315584579e-13,-2.6965445046975004e-15,True,372,sticking,17.626835891091336,4.18035344131761,-6.142176761732102,-0.192247311302554,-13.525844622399068,-0.21194098768485725,-0.04747579246759415,0.0002686330408323556,-0.015965820262248687,0.00026863303437050357,2194.725065216397,-514.2427137327591,0.0,737.0612114078523,-737.0612114078523,3801.92822265625,True,0.0,371,1.896728887910308e-09,-4.810735143578881e-13,-2.09147295628196e-15,True,372,sticking,17.62534265134378,-4.129767163109272,-6.142176761732102,1,1,0.9999999999999999,,False,normal,371,1,1,0.9999999999999999,,False,normal,371,1,1,0.9999999999999999,,False,normal,371,1,1,0.9999999999999999,,False,normal,371,0.04574338993290522,4.599513547613667
