time_s,tick,input.steering,input.throttle,input.brake,state.position.0,state.position.1,state.position.2,state.heading,state.speed,state.pitch,state.roll,state.surface,state.steering,state.throttle,state.brake,state.rpm,state.gear,state.acceleration,state.lateral_acceleration,state.dynamics.aerodynamic_force,state.dynamics.rolling_force,state.dynamics.grade_force,state.dynamics.front_load,state.dynamics.rear_load,state.dynamics.yaw_rate,state.dynamics.sideslip,state.dynamics.traction_limited,state.dynamics.road_grade,state.active,state.generation,state.signal,state.velocity.0,state.velocity.1,state.velocity.2,state.hazards,state.wheel_contacts.0.in_contact,state.wheel_contacts.0.contact_point.0,state.wheel_contacts.0.contact_point.1,state.wheel_contacts.0.contact_point.2,state.wheel_contacts.0.contact_normal.0,state.wheel_contacts.0.contact_normal.1,state.wheel_contacts.0.contact_normal.2,state.wheel_contacts.0.suspension_force,state.wheel_contacts.0.normal_load,state.wheel_contacts.0.suspension_length,state.wheel_contacts.0.compression,state.wheel_contacts.0.skid,state.wheel_contacts.0.surface,state.wheel_contacts.1.in_contact,state.wheel_contacts.1.contact_point.0,state.wheel_contacts.1.contact_point.1,state.wheel_contacts.1.contact_point.2,state.wheel_contacts.1.contact_normal.0,state.wheel_contacts.1.contact_normal.1,state.wheel_contacts.1.contact_normal.2,state.wheel_contacts.1.suspension_force,state.wheel_contacts.1.normal_load,state.wheel_contacts.1.suspension_length,state.wheel_contacts.1.compression,state.wheel_contacts.1.skid,state.wheel_contacts.1.surface,state.wheel_contacts.2.in_contact,state.wheel_contacts.2.contact_point.0,state.wheel_contacts.2.contact_point.1,state.wheel_contacts.2.contact_point.2,state.wheel_contacts.2.contact_normal.0,state.wheel_contacts.2.contact_normal.1,state.wheel_contacts.2.contact_normal.2,state.wheel_contacts.2.suspension_force,state.wheel_contacts.2.normal_load,state.wheel_contacts.2.suspension_length,state.wheel_contacts.2.compression,state.wheel_contacts.2.skid,state.wheel_contacts.2.surface,state.wheel_contacts.3.in_contact,state.wheel_contacts.3.contact_point.0,state.wheel_contacts.3.contact_point.1,state.wheel_contacts.3.contact_point.2,state.wheel_contacts.3.contact_normal.0,state.wheel_contacts.3.contact_normal.1,state.wheel_contacts.3.contact_normal.2,state.wheel_contacts.3.suspension_force,state.wheel_contacts.3.normal_load,state.wheel_contacts.3.suspension_length,state.wheel_contacts.3.compression,state.wheel_contacts.3.skid,state.wheel_contacts.3.surface,state.contact_tick,state.wheel_dynamics.0.omega,state.wheel_dynamics.0.rotation,state.wheel_dynamics.0.relative_omega,state.wheel_dynamics.0.longitudinal_speed,state.wheel_dynamics.0.lateral_speed,state.wheel_dynamics.0.kappa,state.wheel_dynamics.0.alpha,state.wheel_dynamics.0.fx,state.wheel_dynamics.0.fy,state.wheel_dynamics.0.drive_torque,state.wheel_dynamics.0.brake_capacity,state.wheel_dynamics.0.brake_torque,state.wheel_dynamics.0.normal_load,state.wheel_dynamics.0.road_support,state.wheel_dynamics.0.steering,state.wheel_dynamics.0.force_contact_tick,state.wheel_dynamics.0.force_residual,state.wheel_dynamics.1.omega,state.wheel_dynamics.1.rotation,state.wheel_dynamics.1.relative_omega,state.wheel_dynamics.1.longitudinal_speed,state.wheel_dynamics.1.lateral_speed,state.wheel_dynamics.1.kappa,state.wheel_dynamics.1.alpha,state.wheel_dynamics.1.fx,state.wheel_dynamics.1.fy,state.wheel_dynamics.1.drive_torque,state.wheel_dynamics.1.brake_capacity,state.wheel_dynamics.1.brake_torque,state.wheel_dynamics.1.normal_load,state.wheel_dynamics.1.road_support,state.wheel_dynamics.1.steering,state.wheel_dynamics.1.force_contact_tick,state.wheel_dynamics.1.force_residual,state.wheel_dynamics.2.omega,state.wheel_dynamics.2.rotation,state.wheel_dynamics.2.relative_omega,state.wheel_dynamics.2.longitudinal_speed,state.wheel_dynamics.2.lateral_speed,state.wheel_dynamics.2.kappa,state.wheel_dynamics.2.alpha,state.wheel_dynamics.2.fx,state.wheel_dynamics.2.fy,state.wheel_dynamics.2.drive_torque,state.wheel_dynamics.2.brake_capacity,state.wheel_dynamics.2.brake_torque,state.wheel_dynamics.2.normal_load,state.wheel_dynamics.2.road_support,state.wheel_dynamics.2.steering,state.wheel_dynamics.2.force_contact_tick,state.wheel_dynamics.2.force_residual,state.wheel_dynamics.3.omega,state.wheel_dynamics.3.rotation,state.wheel_dynamics.3.relative_omega,state.wheel_dynamics.3.longitudinal_speed,state.wheel_dynamics.3.lateral_speed,state.wheel_dynamics.3.kappa,state.wheel_dynamics.3.alpha,state.wheel_dynamics.3.fx,state.wheel_dynamics.3.fy,state.wheel_dynamics.3.drive_torque,state.wheel_dynamics.3.brake_capacity,state.wheel_dynamics.3.brake_torque,state.wheel_dynamics.3.normal_load,state.wheel_dynamics.3.road_support,state.wheel_dynamics.3.steering,state.wheel_dynamics.3.force_contact_tick,state.wheel_dynamics.3.force_residual,wheel0.position.0,wheel0.position.1,wheel0.position.2,wheel0.orientation.0,wheel0.orientation.1,wheel0.orientation.2,wheel0.orientation.3,wheel1.position.0,wheel1.position.1,wheel1.position.2,wheel1.orientation.0,wheel1.orientation.1,wheel1.orientation.2,wheel1.orientation.3,wheel2.position.0,wheel2.position.1,wheel2.position.2,wheel2.orientation.0,wheel2.orientation.1,wheel2.orientation.2,wheel2.orientation.3,wheel3.position.0,wheel3.position.1,wheel3.position.2,wheel3.orientation.0,wheel3.orientation.1,wheel3.orientation.2,wheel3.orientation.3
0.050000000000,6,0.0,0.0,1.0,-2.1342255962508716e-08,1.1558071374893188,0.4162638187408447,7.222390559036285e-05,27.685373306274414,-0.014591705054044724,6.896615332152578e-07,asphalt,0.0,0.0,0.3,2932.6327975204667,2,-2.6754050254821777,0.0001770681410562247,322.44020641253076,160.0,-0.0,5980.8616417762805,5791.1383582237195,0.00019337947014719248,2.6016935999566e-05,False,-0.0,True,0,0,1.2079703992640134e-06,27.685373306274414,0.061274245381355286,False,True,-0.8400031328201294,2.4863524436950684,-1.862645149230957e-08,0.0,0.0,1.0,3337.03369140625,3337.03369140625,0.3355959951877594,0.06440401077270508,0.0,asphalt,True,0.8399968147277832,2.4863572120666504,-1.862645149230957e-08,0.0,0.0,1.0,3337.018798828125,3337.018798828125,0.3355959951877594,0.06440401077270508,0.0,grass,True,-0.8399968147277832,0.2863522469997406,-3.725290298461914e-09,0.0,0.0,1.0,3101.385009765625,3101.385009765625,0.3364625871181488,0.06353741884231567,0.0,asphalt,True,0.8400031328201294,0.286357045173645,-3.725290298461914e-09,0.0,0.0,1.0,3101.369873046875,3101.369873046875,0.3364625871181488,0.06353741884231567,0.0,grass,246,82.84277745910595,4.175543082030528,82.82604074748727,27.687112565578584,-0.00024255685197465218,-0.01260499820076945,-8.760640944191506e-06,-842.2374067641014,0.4878051410686541,0.0,327.8879999999999,327.8879999999999,3339.443115234375,True,0.0,245,2.7307833919316813e-10,82.76923252245723,4.174611257459359,82.75336580397119,27.689355960297075,0.0014660943866236097,-0.013561500976209725,5.294794098337788e-05,-819.1119140408832,-2.6650374107541994,0.0,327.8879999999999,327.8879999999999,3339.441162109375,True,0.0,245,2.917460208865813e-06,83.1424897153804,4.182500458504213,83.127488643632,27.693064715441754,0.00015819612633247344,-0.009245748421027843,5.712481733469605e-06,-591.0364754541346,-0.30430803043963894,0.0,232.24499999999998,232.24499999999998,3167.53466796875,True,0.0,245,0.0005028312587773035,83.11603655560904,4.1821520055062695,83.10165066690672,27.69466916981334,-0.0006254127993592949,-0.009618353078313836,-2.258242535479246e-05,-583.1970191649352,1.141048008473712,0.0,232.24499999999998,232.24499999999998,3167.53271484375,True,0.0,245,9.068969131572275e-08,-0.8400013446807861,2.255784273147583,0.3303877115249634,0.4943636953830719,0.8692551851272583,5.508415483745921e-07,3.0635149528279726e-07,0.8399986028671265,2.255786418914795,0.3303877115249634,0.4939585030078888,0.8694854974746704,5.509842821993516e-07,3.060947619815124e-07,-0.8399986028671265,0.05578412860631943,0.33008140325546265,0.4973844587802887,0.8675302863121033,5.497725510394957e-07,3.0826575425635383e-07,0.8400013446807861,0.05578627437353134,0.33008140325546265,0.49723321199417114,0.8676169514656067,5.498263249137381e-07,3.0816997309557337e-07
0.100000000000,12,0.0,0.0,1.0,5.093604613648495e-07,2.5360655784606934,0.4157133400440216,0.0028697303496301174,27.463289260864258,-0.09896671026945114,-2.6195430109510198e-05,grass,0.0,0.0,0.6,4125.492657576719,2,-5.530979156494141,2.452617627568543e-05,317.84154652433614,899.9999999999999,-0.0,6217.203684661637,5554.796315338363,0.0033364114351570606,0.001838760469785679,False,-0.0,True,0,0,2.4053540983004496e-05,27.463289260864258,0.09603305906057358,False,True,-0.8400844931602478,3.8639731407165527,1.862645149230957e-08,0.0,0.0,1.0,3433.1875,3433.1875,0.3334375321865082,0.0665624737739563,0.0,asphalt,True,0.8399155139923096,3.8641037940979004,3.725290298461914e-09,0.0,0.0,1.0,3432.9599609375,3432.9599609375,0.33343860507011414,0.06656140089035034,0.0,grass,True,-0.8399133086204529,1.6639680862426758,-1.862645149230957e-08,0.0,0.0,1.0,2791.255859375,2791.255859375,0.33814969658851624,0.06185030937194824,0.0,asphalt,True,0.8400866389274597,1.6640987396240234,1.1175870895385742e-08,0.0,0.0,1.0,2791.114990234375,2791.114990234375,0.3381507098674774,0.06184929609298706,0.0,grass,252,80.90774363578866,8.26556994931004,80.85790324859919,27.46467392567791,-0.003539514676304339,-0.02785827816263665,-0.0001288751749351513,-1773.5761658599838,6.837283629625808,0.0,655.7759999999998,655.7759999999998,3405.955078125,True,0.0,251,3.0333905736667196e-06,79.56868079116289,8.23736337384562,79.52059368903093,27.474324219678916,-2.0195089595574645e-07,-0.04428351172050702,-7.3505318762707165e-09,-1478.708762268895,0.0002045399622833638,0.0,655.7759999999998,655.7759999999998,3405.762939453125,True,0.0,251,1.3686211555298802e-09,81.47728164009898,8.295417456873542,81.43089298754015,27.47662610593535,0.0033877778717075245,-0.0214408844241406,0.00012329671923615922,-1181.7834726218862,-5.66324686340171,0.0,450.837,450.837,2850.213134765625,True,0.0,251,2.2543003027574297e-08,81.02314324347493,8.285791952256112,80.97795297287259,27.484198222604373,0.001844699152794342,-0.027163279285463502,6.711853607965574e-05,-1075.2292060572051,-2.2140125778958226,0.0,450.837,450.837,2850.094970703125,True,0.0,251,2.3808582012690728e-07,-0.840054452419281,3.6358776092529297,0.3303755521774292,0.5469699501991272,-0.837152361869812,-2.109027082042303e-05,1.3506678442354314e-05,0.8399454951286316,3.6359617710113525,0.3303752541542053,0.5587218403816223,-0.8293551206588745,-2.0897690774290822e-05,1.3802767171000596e-05,-0.8399443030357361,1.4358727931976318,0.3294634222984314,0.5344157814979553,-0.845221757888794,-2.128949017787818e-05,1.319043349212734e-05,0.8400556445121765,1.4359569549560547,0.3294631838798523,0.5384778380393982,-0.8426397442817688,-2.122575642715674e-05,1.3292750736582093e-05
0.150000000000,18,0.0,0.0,1.0,6.927161848579999e-07,3.9028191566467285,0.41670671105384827,0.02860354445874691,27.14302635192871,-0.2866683304309845,-0.00010426950757391751,grass,0.0,0.0,0.9000000000000002,4771.01366589329,2,-6.908376693725586,-0.007796796038746834,310.7462835202917,899.9999999999999,-0.0,6526.872969610923,5245.127030389077,0.021543018519878387,0.020529513931766472,True,-0.0,True,0,0,-7.45108409319073e-05,27.143030166625977,0.1150914877653122,False,True,-0.8407434821128845,5.226071357727051,-1.4901161193847656e-08,0.0,0.0,1.0,3665.85498046875,3665.85498046875,0.330672949552536,0.06932705640792847,0.0,asphalt,True,0.8392561078071594,5.2272114753723145,-1.4901161193847656e-08,0.0,0.0,1.0,3665.321533203125,3665.321533203125,0.3306766450405121,0.06932336091995239,0.0,grass,True,-0.839250922203064,3.0260355472564697,2.2351741790771484e-08,0.0,0.0,1.0,2372.989990234375,2372.989990234375,0.34327080845832825,0.05672919750213623,0.0,asphalt,True,0.84074866771698,3.0271756649017334,3.3527612686157227e-08,0.0,0.0,1.0,2372.62353515625,2372.62353515625,0.3432745635509491,0.05672544240951538,0.0,grass,258,78.47791172032002,12.24328769761856,78.39099561750862,27.125824233591096,-0.018818139024118816,-0.04527469304931428,-0.000693735085917022,-2714.6460557450664,34.66332071443723,0.0,983.6640000000001,983.6640000000001,3620.26171875,True,0.0,257,6.945849403464147e-05,70.4373783917635,11.99878946509658,70.35310695092303,27.168255882896972,-0.013634392629884553,-0.14443036132051493,-0.000501850083569203,-1595.0374710379383,4.618545042803094,0.0,983.6640000000001,983.6640000000001,3619.82763671875,True,0.0,257,4.612429137484689e-09,78.87301411245836,12.299764078567682,78.7911772225512,27.142593327559982,0.026957903585507294,-0.04106087642395926,0.0009931952483716753,-1719.473182397739,-34.65937457458739,0.0,669.4290000000002,669.4290000000002,2448.28125,True,0.0,257,3.556937056257938e-07,75.32882544441637,12.204211486767882,75.24876437711052,27.180032044494425,0.024853046886999415,-0.08541268987603227,0.000914385969808854,-1100.3182604381138,-9.816221484586848,0.0,669.4290000000002,669.4290000000002,2447.98486328125,True,0.0,257,1.7532769152231184e-07,-0.8405479192733765,5.00198221206665,0.3305296301841736,0.9873797297477722,0.15837052464485168,3.863363235723227e-05,0.0002466114528942853,0.839451789855957,5.00282096862793,0.33052897453308105,0.9606983065605164,0.2775944769382477,6.841829599579796e-05,0.0002400597441010177,-0.8394495844841003,2.8019471168518066,0.32893916964530945,0.9914575815200806,0.13042913377285004,3.165526868542656e-05,0.00024760389351285994,0.8405501246452332,2.802785873413086,0.32893845438957214,0.9840972423553467,0.17763039469718933,4.3444229959277436e-05,0.0002458095841575414
0.200000000000,24,0.0,0.0,1.0,-1.192784657177981e-05,5.252708911895752,0.4184659421443939,0.13491074740886688,26.799739837646484,-0.567604124546051,-0.0002672549453563988,asphalt,0.0,0.0,1.0,4993.267150591733,2,-6.717586517333984,-0.03825376182794571,302.9182484830751,160.0,-0.0,6792.284653318025,4979.715346681975,0.06138914078474045,0.10803777724528721,True,-0.0,True,0,0,-0.0006922879838384688,26.79981231689453,0.11932367086410522,False,True,-0.8431515693664551,6.56917142868042,3.725290298461914e-08,0.0,0.0,1.0,3926.271728515625,3926.271728515625,0.32692423462867737,0.07307577133178711,0.0,asphalt,True,0.8368415236473083,6.5739850997924805,-1.4901161193847656e-08,0.0,0.0,1.0,3926.721923828125,3926.721923828125,0.3269312083721161,0.07306879758834839,0.0,grass,True,-0.8368474841117859,4.369051933288574,-2.2351741790771484e-08,0.0,0.0,1.0,1936.4569091796875,1936.4569091796875,0.3506810963153839,0.049318909645080566,0.0,asphalt,True,0.8431455492973328,4.373866081237793,1.862645149230957e-08,0.0,0.0,1.0,1936.53857421875,1936.53857421875,0.3506879508495331,0.049312055110931396,0.0,grass,264,76.73500366639098,16.10452635243878,76.6278150728253,26.741959389959085,-0.03065650028762369,-0.05307794239576215,-0.00114638147530953,-3211.4665287948455,57.801271676410344,0.0,1092.9599999999998,1092.9599999999998,3890.86669921875,True,0.0,263,0.0001580514886363749,55.189115226825884,15.106848003553264,55.08491340289645,26.852499222900622,-0.024752199341740583,-0.3217611562457303,-0.000921783560098092,-1634.0171198576243,3.900953951305601,0.0,1092.9599999999998,1092.9599999999998,3890.51708984375,True,0.0,263,1.2483846761324023e-10,75.3675207244732,16.141968090409144,75.26600401698559,26.761247314096547,0.10207882658805703,-0.0706232206906458,0.0038144085855545407,-1892.2368573686406,-85.1679217509177,0.0,742.293,742.293,2001.9248046875,True,0.0,263,4.233934753029316e-09,63.68388049639212,15.663060340734313,63.584337155435286,26.865003457203244,0.09999142968481124,-0.21773021182416707,0.0037219785998697293,-862.0964479831172,-12.280945152555946,0.0,742.293,742.293,2001.56494140625,True,0.0,263,2.0349953333241547e-11,-0.8425973057746887,6.349911689758301,0.33064451813697815,0.20183856785297394,0.9794180393218994,0.001152639277279377,0.0002399171207798645,0.8373979926109314,6.353867530822754,0.3306454122066498,-0.29131752252578735,0.9566256403923035,0.001126954797655344,-0.0003407493350096047,-0.8374167680740356,4.1497907638549805,0.32868289947509766,0.22013744711875916,0.9754681587219238,0.0011479458771646023,0.00026145196170546114,0.8425785303115845,4.153746128082275,0.32868391275405884,-0.01749735325574875,0.9998462200164795,0.0011772016296163201,-1.8268598068971187e-05
0.250000000000,30,0.0,0.0,1.0,-9.152697748504579e-05,6.5857834815979,0.42025718092918396,0.3629227876663208,26.469663619995117,-0.8652514219284058,0.0013420957839116454,asphalt,0.0,0.0,1.0,4896.00671755725,2,-6.486794471740723,-0.13191479444503784,295.4856476165587,160.0,-0.0,6965.550480177855,4806.449519822145,0.10566097497940063,0.3100933533201668,True,-0.0,True,0,0,-0.0035640927962958813,26.470172882080078,0.10989516228437424,False,True,-0.8480017781257629,7.89373779296875,0.0,0.0,0.0,1.0,4067.7314453125,4067.7314453125,0.32311663031578064,0.07688337564468384,0.0,asphalt,True,0.8319545388221741,7.905855655670166,0.0,0.0,0.0,1.0,4085.797119140625,4085.797119140625,0.32305410504341125,0.07694590091705322,0.0,grass,True,-0.8321319818496704,5.693517208099365,-1.1175870895385742e-08,0.0,0.0,1.0,1636.093994140625,1636.093994140625,0.35807427763938904,0.04192572832107544,0.0,asphalt,True,0.8478243350982666,5.705635070800781,-1.4901161193847656e-08,0.0,0.0,1.0,1646.9698486328125,1646.9698486328125,0.35801175236701965,0.041988253593444824,0.0,grass,270,75.972121506676,19.916527967143995,75.87750169536595,26.375716902884545,0.0029736906785928436,-0.049474173933780397,0.00011274350103704694,-3211.1473676188066,-6.098065479142448,0.0,1092.9599999999998,1092.9599999999998,4052.107177734375,True,0.0,269,0.0003690334255367816,39.92015492454278,17.447807373143625,39.828534578868656,26.560507349655207,0.009230826959784569,-0.5040135735483181,0.0003475395430750238,-1645.8137804204225,-0.9457175730360551,0.0,1092.9599999999998,1092.9599999999998,4065.42138671875,True,0.0,269,6.277047771921657e-12,71.40429922190255,19.80259918720228,71.31537287629678,26.39529978883062,0.23330722371539467,-0.10728732267708929,0.008838738335000556,-1770.9960957950086,-121.58758665414096,0.0,742.293,742.293,1674.364501953125,True,0.0,269,0.00039406420480768504,50.03356898525154,18.478745863823992,49.94659995280674,26.57298436210137,0.23149623831264945,-0.3786517336501632,0.008711493561887381,-697.8933571925298,-13.380473287747717,0.0,742.293,742.293,1682.2266845703125,True,0.0,269,2.2872965534503283e-13,-0.8470361232757568,7.679211139678955,0.33055755496025085,0.8571711182594299,-0.5150219202041626,-0.0016210011672228575,0.0027206342201679945,0.8329300284385681,7.689853191375732,0.3305807411670685,0.7691223621368408,0.6390936374664307,0.0020329728722572327,0.002428273670375347,-0.8331000804901123,5.478978633880615,0.3288259208202362,0.8851026296615601,-0.4653850495815277,-0.001463477499783039,0.0028085093945264816,0.8468661308288574,5.489620208740234,0.32884910702705383,0.9842206835746765,0.1769169121980667,0.000571809767279774,0.0031148879788815975
0.300000000000,36,0.0,0.0,1.0,-0.00041082085226662457,7.902617454528809,0.42145708203315735,0.7199217677116394,26.14956283569336,-1.1016168594360352,0.009924321435391903,asphalt,0.0,0.0,1.0,4569.58996217744,2,-6.2942376136779785,-0.29608818888664246,288.3935208656695,160.0,-0.0,7075.020680136186,4696.979319863814,0.15235483646392822,0.6296723783322062,True,-0.0,True,0,0,-0.01161133497953415,26.15148162841797,0.09260112047195435,False,True,-0.8556174039840698,9.200701713562012,-2.2351741790771484e-08,0.0,0.0,1.0,4112.99072265625,4112.99072265625,0.3200913965702057,0.07990860939025879,0.0,asphalt,True,0.8242218494415283,9.223941802978516,-3.725290298461914e-08,0.0,0.0,1.0,4176.68798828125,4176.68798828125,0.31972798705101013,0.08027201890945435,0.0,grass,True,-0.8251889944076538,7.000482559204102,1.4901161193847656e-08,0.0,0.0,1.0,1499.785400390625,1499.785400390625,0.3635828197002411,0.03641718626022339,0.0,asphalt,True,0.8546502590179443,7.023721694946289,0.0,0.0,0.0,1.0,1541.408447265625,1541.408447265625,0.36321941018104553,0.036780595779418945,0.0,grass,276,75.05613976022835,23.687618066957388,74.9912811166637,26.019294724168414,0.08395357120316094,-0.048070811163504056,0.003226577843540455,-3197.8200370261175,-178.868931876592,0.0,1092.9599999999998,1092.9599999999998,4108.8681640625,True,0.0,275,0.0005310330064334702,24.588094975395425,19.025880515663633,24.52624290477387,26.282164161654954,0.09133824749314745,-0.6912708066210649,0.0034752800118105654,-1628.4384639346954,-6.822341275338717,0.0,1092.9599999999998,1092.9599999999998,4163.08837890625,True,0.0,275,6.680524775975771e-13,65.62164882432802,23.22844059766631,65.56249209885168,26.039336393348975,0.4175194109800252,-0.16836804959593937,0.01603280626985112,-1658.0338568061304,-131.58283015545288,0.0,819.66,819.66,1513.1177978515625,True,0.0,275,1.5460299928317546e-06,34.62999131678982,20.57439514511023,34.57294271670031,26.29455106535682,0.4157528633191341,-0.5653891520666826,0.015810052108976853,-619.3882267697643,-14.434565548736158,0.0,819.66,819.66,1548.1275634765625,True,0.0,275,2.2743611691451335e-13,-0.8541582822799683,8.99042797088623,0.33037590980529785,0.7564223408699036,0.6540533304214478,0.004173557739704847,0.0046943919733166695,0.8257091045379639,9.0115385055542,0.3304482698440552,0.9952040910720825,-0.09761876612901688,-0.0005269574467092752,0.006259249988943338,-0.826518177986145,6.790172100067139,0.3291889429092407,0.587725818157196,0.8090358376502991,0.005132382735610008,0.003621401498094201,0.8533492088317871,6.811282634735107,0.3292613625526428,0.6432577967643738,-0.765623927116394,-0.004753120243549347,0.004106549080461264
0.350000000000,42,0.0,0.0,1.0,-0.0012849716003984213,9.203667640686035,0.42177578806877136,1.216696858406067,25.833833694458008,-1.2480851411819458,0.030094830319285393,asphalt,0.0,0.0,1.0,4036.6743382001355,2,-6.204471111297607,-0.5329000949859619,281.5431603447432,160.0,-0.0,7144.092225482509,4627.907774517491,0.20467576384544373,1.0695669937540537,True,-0.0,True,0,0,-0.027552897110581398,25.839075088500977,0.07546926289796829,False,True,-0.8665593266487122,10.490398406982422,0.0,0.0,0.0,1.0,4092.510498046875,4092.510498046875,0.3180985748767853,0.0819014310836792,0.0,asphalt,True,0.8129989504814148,10.528934478759766,0.0,0.0,0.0,1.0,4229.28271484375,4229.28271484375,0.31707802414894104,0.08292198181152344,0.0,grass,True,-0.8161138296127319,8.290441513061523,-4.0978193283081055e-08,0.0,0.0,1.0,1491.8692626953125,1491.8692626953125,0.3666171729564667,0.0333828330039978,0.0,asphalt,True,0.863444447517395,8.328977584838867,2.9802322387695312e-08,0.0,0.0,1.0,1586.7552490234375,1586.7552490234375,0.3655965030193329,0.03440350294113159,0.0,grass,282,74.01960514172228,27.4111710797254,73.98747457191706,25.663253763939192,0.20779096074984088,-0.04819280043548917,0.008096651422674319,-3186.324498149053,-446.1094791058232,0.0,1092.9599999999998,1092.9599999999998,4100.73095703125,True,0.0,281,0.0005748548589413806,9.020047090505006,19.833070283889345,8.990925468900347,26.013477538941483,0.21696341339033068,-0.8855741015244601,0.008340229883712112,-1596.6176131308803,-12.530917016023876,0.0,1092.9599999999998,1092.9599999999998,4223.3115234375,True,0.0,281,6.88832612584201e-13,57.76375215333068,26.296014242574927,57.73732116541613,25.684014086543,0.6572246047888229,-0.2578248031491863,0.025583275688196194,-1617.3962776488072,-133.7708272719532,0.0,819.66,819.66,1485.9453125,True,0.0,281,5.6825672622102245e-09,17.426090491517183,21.838485310219898,17.401761436510395,26.025943628497473,0.6552721783167564,-0.7790431753681369,0.025172334889865526,-604.5020046712789,-16.280592877187082,0.0,819.66,819.66,1570.23974609375,True,0.0,281,3.552713678800501e-15,-0.8644514679908752,10.283848762512207,0.33017489314079285,-0.40836477279663086,0.9127570986747742,0.009579273872077465,-0.004573398735374212,0.8151699304580688,10.319523811340332,0.3303129971027374,0.8762592077255249,-0.48172304034233093,-0.004882117733359337,0.009425676427781582,-0.8177512884140015,8.083808898925781,0.32958701252937317,0.8294830918312073,-0.5584309697151184,-0.0057084523141384125,0.00894941296428442,0.8618701100349426,8.119484901428223,0.3297252357006073,-0.06538666039705276,0.9978035688400269,0.010571880266070366,-0.0009559242171235383
0.400000000000,48,0.0,0.0,1.0,-0.003172833938151598,10.489137649536133,0.42129865288734436,1.8727495670318604,25.515396118164062,-1.3017630577087402,0.06449707597494125,asphalt,0.0,0.0,1.0,3357.4937650279453,2,-6.246312141418457,-0.8422685265541077,274.8124749612808,160.0,-0.0,7190.9417980117805,4581.0582019882195,0.26513269543647766,1.6404792987034171,True,-0.0,True,0,0,-0.05438261479139328,25.527252197265625,0.06458768993616104,False,True,-0.8816593289375305,11.762598991394043,-2.2351741790771484e-08,0.0,0.0,1.0,3980.554931640625,3980.554931640625,0.3173381984233856,0.08266180753707886,0.0,asphalt,True,0.797319233417511,11.821208953857422,7.450580596923828e-09,0.0,0.0,1.0,4206.32568359375,4206.32568359375,0.31524893641471863,0.08475106954574585,0.0,grass,True,-0.8049510717391968,9.563368797302246,7.450580596923828e-09,0.0,0.0,1.0,1603.031982421875,1603.031982421875,0.36729779839515686,0.03270220756530762,0.0,asphalt,True,0.8740274310112,9.621977806091309,0.0,0.0,0.0,1.0,1828.7998046875,1828.7998046875,0.36520859599113464,0.034791409969329834,0.0,grass,288,72.81325697218088,31.080290065402508,72.81503659815593,25.298349996206515,0.37470973823293324,-0.05019992195448542,0.014810544564481823,-3164.716598668021,-778.1319780700262,0.0,1092.9599999999998,1092.9599999999998,4007.76220703125,True,0.0,287,0.00041609561265228134,-0.004784576112296081,19.942993423434704,1.968911145233676e-16,25.749447171653298,0.38602910140930635,-1.0000613182141944,0.014990620280793968,-1565.00204985237,-19.55051068663923,0.0,1092.9599999999998,512.3600420131722,4221.70654296875,True,0.0,287,4.853742151728468e-05,50.05559818951855,28.972704918926155,50.061805478834124,25.319948538867447,0.958108661821702,-0.3476152853476541,0.037822026250120745,-1677.7567836254134,-152.19515952495283,0.0,819.66,819.66,1563.1253662109375,True,0.0,287,5.1897333207101334e-11,0.40031959358652447,22.24622761918495,0.4086399551804047,25.76228402261149,0.9558114132021787,-0.994872136889431,0.03708418153452415,-657.5106390459715,-20.433469724424793,0.0,819.66,819.66,1772.961669921875,True,0.0,287,8.640029625748455e-10,-0.8786885142326355,11.559305191040039,0.3299332857131958,0.9876549243927002,0.15579088032245636,0.00310019520111382,0.016042182222008705,0.8004151582717896,11.614212036132812,0.3301313519477844,0.8481555581092834,-0.5294952988624573,-0.008170058950781822,0.014149661175906658,-0.806830644607544,9.359911918640137,0.3299664258956909,0.35274580121040344,0.9355764985084534,0.015477892942726612,0.005234274081885815,0.8722730278968811,9.41481876373291,0.33016443252563477,0.13844379782676697,0.9902355074882507,0.01624993234872818,0.001703640096820891
0.450000000000,54,0.0,0.0,1.0,-0.006661387160420418,11.758848190307617,0.4204312264919281,2.713160991668701,25.181297302246094,-1.249362587928772,0.11001396924257278,asphalt,0.0,0.0,1.0,2709.739535868593,2,-6.5040602684021,-1.2042124271392822,267.98552343126033,160.0,-0.0,7234.698948768564,4537.301051231436,0.33531472086906433,2.3613758701164884,True,-0.0,True,0,0,-0.09382367134094238,25.20511245727539,0.06622856110334396,False,True,-0.901912271976471,13.01658821105957,-1.4901161193847656e-08,0.0,0.0,1.0,3805.11328125,3805.11328125,0.31848302483558655,0.08151698112487793,0.0,asphalt,True,0.7759793996810913,13.100798606872559,0.0,0.0,0.0,1.0,4064.313720703125,4064.313720703125,0.31498149037361145,0.08501851558685303,0.0,grass,True,-0.7917097806930542,10.818840026855469,1.4901161193847656e-08,0.0,0.0,1.0,1853.4002685546875,1853.4002685546875,0.36580154299736023,0.03419846296310425,0.0,asphalt,True,0.8861818909645081,10.903050422668457,-7.450580596923828e-09,0.0,0.0,1.0,2195.76513671875,2195.76513671875,0.3623000681400299,0.03769993782043457,0.0,grass,294,71.33178300081471,34.68334961473969,71.36785300186948,24.910408412609655,0.587827823636037,-0.055034024317595735,0.02359330042329069,-3139.8310259576533,-1121.9229306422046,0.0,1092.9599999999998,1092.9599999999998,3837.43994140625,True,0.0,293,0.0001716524023473703,-0.03906860593238513,19.942993423434704,-5.551115123125783e-17,25.478681863165118,0.6012047523059265,-1.0005060167565547,0.023592005714175645,-1511.2734952163992,-29.70208425875553,0.0,1092.9599999999998,495.63185212569675,4077.625732421875,True,0.0,293,4.41605909188181e-05,44.12729295481718,31.306635871229865,44.167734374944764,24.933142501366973,1.3265913355393633,-0.415957829050578,0.05315582076555008,-1936.8724282077976,-206.45747199614144,0.0,819.66,819.66,1824.6009521484375,True,0.0,293,7.937886297671759e-11,-0.04260327088512804,22.24622761918495,1.249000902703301e-16,25.492613904107106,1.3237276638544986,-1.0005514961880715,0.05187933519123839,-793.437863182563,-34.31441260112911,0.0,819.66,261.52185575524743,2142.6787109375,True,0.0,293,4.980048202564704e-06,-0.8978376388549805,12.816128730773926,0.3295929729938507,0.07375292479991913,0.9969955086708069,0.023659994825720787,0.0007875359733588994,0.7802824974060059,12.895660400390625,0.3298686444759369,0.8482658863067627,-0.5290412306785583,-0.01170260552316904,0.020578257739543915,-0.7937654256820679,10.618083000183105,0.33025404810905457,0.9987644553184509,0.043693214654922485,0.0019929681438952684,0.023589057847857475,0.8843547105789185,10.697613716125488,0.33052965998649597,0.13798411190509796,0.9901514649391174,0.023559747263789177,0.00231383484788239
0.500000000000,60,0.0,0.0,1.0,-0.012379324994981289,13.012206077575684,0.4197557866573334,3.765141725540161,24.828601837158203,-1.1286797523498535,0.17358346283435822,asphalt,0.0,0.0,1.0,2244.0127402836106,2,-6.608782768249512,-1.5509830713272095,261.0092179696122,160.0,-0.0,7278.533938095457,4493.466061904543,0.4136240780353546,3.2589469771087605,True,-0.0,True,0,0,-0.14519120752811432,24.872753143310547,0.07446576654911041,False,True,-0.9283405542373657,14.250831604003906,1.4901161193847656e-08,0.0,0.0,1.0,3605.68603515625,3605.68603515625,0.3212418854236603,0.0787581205368042,0.0,asphalt,True,0.7476521730422974,14.366927146911621,0.0,0.0,0.0,1.0,3981.8076171875,3981.8076171875,0.3158036172389984,0.08419638872146606,0.0,grass,True,-0.7764216661453247,12.055673599243164,-3.3527612686157227e-08,0.0,0.0,1.0,1952.5120849609375,1952.5120849609375,0.36372408270835876,0.03627592325210571,0.0,asphalt,True,0.8995710015296936,12.171767234802246,1.862645149230957e-08,0.0,0.0,1.0,2433.662841796875,2433.662841796875,0.3582858741283417,0.0417141318321228,0.0,grass,300,69.53568620453946,38.205098331810674,69.58269255979411,24.496009317802173,0.859054785954958,-0.06324429625270687,0.03505480692125321,-3106.943480714834,-1435.6754029192748,0.0,1092.9599999999998,1092.9599999999998,3638.26611328125,True,0.0,299,3.612152836079027e-05,-0.049999633144860056,19.942993423434704,-4.163336342344337e-17,25.195148592731123,0.8740232697722797,-1.0006548831763018,0.034676236097492645,-1480.2170685246629,-42.76273691341683,0.0,1092.9599999999998,485.30740248197213,3994.978515625,True,0.0,299,4.192664793903639e-05,39.789993569684626,33.39449834628984,39.841334904546244,24.520134176467113,1.7710160504396877,-0.46449322897270495,0.07210180813493922,-2044.492572273987,-264.92598533192626,0.0,819.66,819.66,1943.3626708984375,True,0.0,299,3.5594505125322425e-10,-0.0535224346007277,22.24622761918495,0.0,25.210249029789026,1.7676061324261017,-1.000700604083576,0.07000002636198427,-888.8910286100371,-51.90049970417031,0.0,819.66,292.98444642246795,2402.666259765625,True,0.0,299,7.2336944055025055e-06,-0.9229084849357605,14.053094863891602,0.32940471172332764,0.9651205539703369,-0.2597358226776123,-0.007066190242767334,0.032087329775094986,0.753473699092865,14.163421630859375,0.32975322008132935,0.8485878109931946,-0.5280333161354065,-0.016053473576903343,0.028667297214269638,-0.7785429358482361,11.857425689697266,0.33026638627052307,0.5406962037086487,-0.8405759930610657,-0.02678385190665722,0.019030321389436722,0.8978392481803894,11.967753410339355,0.33061471581459045,0.13693244755268097,0.990035355091095,0.03271932154893875,0.002995682181790471
0.550000000000,66,0.0,0.0,1.0,-0.02086617983877659,14.248847961425781,0.4194830358028412,5.047457695007324,24.45966148376465,-0.9960996508598328,0.2471625655889511,asphalt,0.0,0.0,1.0,1903.3674527985002,2,-6.591798305511475,-1.8449609279632568,254.0344413028343,160.0,-0.0,7312.8679435991335,4459.1320564008665,0.49665161967277527,4.359037945340376,True,-0.0,True,0,0,-0.2054365873336792,24.53673553466797,0.08085940033197403,False,True,-0.9614905118942261,15.464160919189453,-7.450580596923828e-09,0.0,0.0,1.0,3433.221435546875,3433.221435546875,0.3246099650859833,0.0753900408744812,0.0,asphalt,True,0.7113863229751587,15.618888854980469,-7.450580596923828e-09,0.0,0.0,1.0,3918.97998046875,3918.97998046875,0.316998153924942,0.08300185203552246,0.0,grass,True,-0.7590125799179077,13.273178100585938,0.0,0.0,0.0,1.0,1966.803955078125,1966.803955078125,0.36207059025764465,0.037929415702819824,0.0,asphalt,True,0.913864254951477,13.427905082702637,2.2351741790771484e-08,0.0,0.0,1.0,2562.436279296875,2562.436279296875,0.3544587194919586,0.04554128646850586,0.0,grass,306,67.37434143494468,41.627300711346635,67.41746885956476,24.061559944024147,1.2024555982298686,-0.07597293254240589,0.049932593252922514,-3068.9543060066317,-1682.2694332166343,0.0,1092.9599999999998,1092.9599999999998,3458.457763671875,True,0.0,305,3.5862151176726837e-06,-0.046118230514107544,19.942993423434704,6.938893903907228e-17,24.899610584032143,1.2182452245856943,-1.000611215023556,0.04888729258209587,-1454.356466257529,-59.260611166590245,0.0,1092.9599999999998,476.74340380863663,3927.04736328125,True,0.0,305,4.007315252628751e-05,35.85695139945431,35.28006912731082,35.90438642933127,24.087235407396296,2.29782531691117,-0.5087525088833353,0.0951081650463991,-2051.5785830316727,-320.57555272529754,0.0,819.66,819.66,1968.1700439453125,True,0.0,305,1.1107841828286845e-09,-0.04961761416636388,22.24622761918495,6.938893903907228e-17,24.915977023090463,2.2937596474877204,-1.000657161172517,0.09180103683737617,-940.9172420266075,-72.13647446424984,0.0,819.66,310.13297708775485,2546.931884765625,True,0.0,305,8.885353954295793e-06,-0.9545773267745972,15.269256591796875,0.32938528060913086,0.3909585773944855,0.9193536043167114,0.041331373155117035,0.015230576507747173,0.7189244627952576,15.417072296142578,0.32974985241889954,0.8488084077835083,-0.5268625020980835,-0.021367961540818214,0.03851834684610367,-0.7611523866653442,13.077454566955566,0.3301762342453003,0.36132195591926575,0.9314001202583313,0.04179783910512924,0.013899406418204308,0.9123494625091553,13.225271224975586,0.33054086565971375,0.1357732117176056,0.9897602796554565,0.04388054832816124,0.003840561956167221
0.600000000000,72,0.0,0.0,1.0,-0.0324799045920372,15.468679428100586,0.41947323083877563,6.569617748260498,24.07267951965332,-0.8852856159210205,0.31975463032722473,asphalt,0.0,0.0,1.0,1639.5165631373561,2,-6.517897605895996,-2.0730361938476562,247.14906960287743,160.0,-0.0,7334.519130606477,4437.480869393523,0.581315815448761,5.681568021254893,True,-0.0,True,0,0,-0.27032211422920227,24.20066261291504,0.08269190043210983,False,True,-1.001460075378418,16.655887603759766,-1.4901161193847656e-08,0.0,0.0,1.0,3318.541259765625,3318.541259765625,0.3276822865009308,0.07231771945953369,0.0,asphalt,True,0.6665865778923035,16.856172561645508,-1.4901161193847656e-08,0.0,0.0,1.0,3894.79443359375,3894.79443359375,0.317972868680954,0.0820271372795105,0.0,grass,True,-0.7393472790718079,14.471301078796387,-3.3527612686157227e-08,0.0,0.0,1.0,1941.406005859375,1941.406005859375,0.3610999286174774,0.03890007734298706,0.0,asphalt,True,0.9286994338035583,14.671586036682129,4.0978193283081055e-08,0.0,0.0,1.0,2618.22412109375,2618.22412109375,0.35139045119285583,0.04860955476760864,0.0,grass,312,64.81880087936833,44.93033467001346,64.8502845650274,23.608872717800992,1.6264258156971676,-0.09397604257218843,0.06878177492227304,-3026.907416825622,-1849.097226781628,0.0,1092.9599999999998,1092.9599999999998,3333.12939453125,True,0.0,311,2.027956341541672e-07,-0.03447332020501125,19.942993423434704,1.1796119636642288e-16,24.588732681317996,1.6421739347914803,-1.0004626588858847,0.06668659702442142,-1441.6425335543806,-80.19702467538914,0.0,1092.9599999999998,472.5418175917783,3895.8779296875,True,0.0,311,3.924597760321047e-05,31.690260694934192,36.96392836461232,31.726039031096676,23.636242929859364,2.9086241815426463,-0.5575529469568492,0.12244222491422738,-2008.6938267046066,-369.4498960018922,0.0,819.66,819.66,1947.058349609375,True,0.0,311,1.7813679809069472e-09,-0.037954063083764325,22.24622761918495,1.0408340855860843e-16,24.606594672517726,2.9037063398453244,-1.000509003418975,0.11746199033437166,-963.1062992842617,-94.66146013856516,0.0,819.66,317.446693878303,2612.659912109375,True,0.0,311,9.90852582547099e-06,-0.9930891990661621,16.464052200317383,0.32949313521385193,0.8846564888954163,-0.4627060294151306,-0.02405979298055172,0.05203019827604294,0.6759064793586731,16.65627098083496,0.329826682806015,0.8487104773521423,-0.5257418155670166,-0.027775511145591736,0.05014514923095703,-0.7415425777435303,14.278225898742676,0.3300711512565613,0.9344611763954163,0.3514203131198883,0.022769706323742867,0.052607569843530655,0.9274531602859497,14.470442771911621,0.33040475845336914,0.13478945195674896,0.9892147183418274,0.05710868909955025,0.004961119964718819
0.650000000000,78,0.0,0.0,1.0,-0.04736407846212387,16.671730041503906,0.4195055365562439,8.33324146270752,23.662431716918945,-0.8114791512489319,0.3834152817726135,asphalt,0.0,0.0,1.0,1416.7430088637104,2,-6.428492546081543,-2.2512221336364746,240.38405214505735,160.0,-0.0,7344.680782393989,4427.319217606011,0.6653356552124023,7.238763603011141,True,-0.0,True,0,0,-0.33576473593711853,23.865747451782227,0.08102722465991974,False,True,-1.0479440689086914,17.82563018798828,-2.2351741790771484e-08,0.0,0.0,1.0,3266.69140625,3266.69140625,0.3298955261707306,0.07010447978973389,0.0,asphalt,True,0.6129837036132812,18.078317642211914,0.0,0.0,0.0,1.0,3911.296142578125,3911.296142578125,0.3183757960796356,0.08162420988082886,0.0,grass,True,-0.7172272801399231,15.650411605834961,-1.4901161193847656e-08,0.0,0.0,1.0,1902.40234375,1902.40234375,0.36073240637779236,0.03926759958267212,0.0,asphalt,True,0.9437004923820496,15.90310001373291,7.450580596923828e-09,0.0,0.0,1.0,2630.633544921875,2630.633544921875,0.3492126762866974,0.05078732967376709,0.0,grass,318,61.88004137817899,48.09437860107929,61.89766066562077,23.135465834420838,2.1337969050749415,-0.11735454989552575,0.09197036491251928,-2987.0300987463224,-1956.2900816040199,0.0,1092.9599999999998,1092.9599999999998,3271.42236328125,True,0.0,317,9.920768300740122e-09,-0.020608131266526858,19.942993423434704,-1.5959455978986625e-16,24.256177281365453,2.1488251500431597,-1.0002803691298539,0.08835811763472723,-1443.4628089856672,-106.53226682033853,0.0,1092.9599999999998,473.14762887894517,3906.02392578125,True,0.0,317,3.941094415947565e-05,27.014135216125197,38.42560498658596,27.03605031525426,23.16470836376443,3.6012800197368637,-0.6151618021116058,0.1542294580197259,-1947.157029792055,-410.07229131983564,0.0,819.66,819.66,1909.2579345703125,True,0.0,317,1.981496134651454e-09,-0.02408056655903881,22.24622761918495,1.5612511283791264e-16,24.275794009545734,3.595291340248869,-1.0003273461194042,0.14703310516091256,-966.6015704673017,-119.25725048342547,0.0,819.66,318.5986699938685,2630.5029296875,True,0.0,317,1.045582808748257e-05,-1.0382604598999023,17.637149810791016,0.32966163754463196,0.47164106369018555,0.8787897229194641,0.06556329131126404,0.03138040006160736,0.6240403056144714,17.88064193725586,0.3299387991428375,0.8481539487838745,-0.5247395634651184,-0.035349078476428986,0.06351155787706375,-0.7195867300033569,15.460134506225586,0.329986035823822,0.9296546578407288,-0.36119088530540466,-0.0231684111058712,0.06889484822750092,0.9427140355110168,15.70362663269043,0.33026325702667236,0.13410043716430664,0.9882984161376953,0.07240039855241776,0.006438698619604111
0.700000000000,84,0.0,0.0,1.0,-0.0654798150062561,17.858057022094727,0.41943690180778503,10.334946632385254,23.221418380737305,-0.7759891152381897,0.4348964989185333,asphalt,0.0,0.0,1.0,1221.5233347615535,2,-6.353261947631836,-2.4078688621520996,233.73589018460507,160.0,-0.0,7346.370244117856,4425.629755882144,0.747614324092865,9.035172002672706,True,-0.0,True,0,0,-0.39880192279815674,23.531654357910156,0.078767791390419,False,True,-1.1003533601760864,18.973175048828125,7.450580596923828e-09,0.0,0.0,1.0,3262.205810546875,3262.205810546875,0.33110079169273376,0.06889921426773071,0.0,asphalt,True,0.5505325794219971,19.284854888916016,0.0,0.0,0.0,1.0,3979.642578125,3979.642578125,0.31813332438468933,0.08186668157577515,0.0,grass,True,-0.6924012899398804,16.811124801635742,1.1175870895385742e-08,0.0,0.0,1.0,1870.927734375,1870.927734375,0.36079666018486023,0.03920334577560425,0.0,asphalt,True,0.9584845304489136,17.122804641723633,-3.725290298461914e-09,0.0,0.0,1.0,2619.6806640625,2619.6806640625,0.347829133272171,0.05217087268829346,0.0,grass,324,58.61444394065088,51.101729849196026,58.61994338428086,22.63536470405421,2.721862927471499,-0.14546256473834,0.11967364188572484,-2953.3876537832098,-2034.5422945918663,0.0,1092.9599999999998,1092.9599999999998,3260.87060546875,True,0.0,323,6.080466943333908e-10,-0.00848755536565637,19.942993423434704,-6.245004513516506e-17,23.894065460663178,2.7357675752946884,-1.000117221293935,0.1139992733865282,-1462.948406313516,-139.5680083500219,0.0,1092.9599999999998,479.5840285513829,3967.05322265625,True,0.0,323,4.090035719705421e-05,21.766558651997165,39.637113108341865,21.776371231740775,22.66669582453458,4.370762802161112,-0.6831049213893726,0.1904895309981816,-1889.0865635668076,-444.3776627959933,0.0,819.66,819.66,1875.4449462890625,True,0.0,323,1.7861969185525061e-09,-0.011967977179133872,22.24622761918495,-1.249000902703301e-16,23.915729371549517,4.3634919917799575,-1.0001651395367357,0.18046774975988103,-959.4408254356723,-145.8531523596016,0.0,819.66,316.238346422602,2622.799560546875,True,0.0,323,1.0696238435924336e-05,-1.089576005935669,18.788311004638672,0.32982367277145386,0.9072363972663879,-0.41085898876190186,-0.03366314619779587,0.08356939256191254,0.5632159113883972,19.089719772338867,0.3300390839576721,0.8470551371574402,-0.5238134860992432,-0.04410240799188614,0.07856225967407227,-0.6950768828392029,16.62376594543457,0.32992637157440186,0.5579665303230286,-0.8249583840370178,-0.07242637872695923,0.053586095571517944,0.9577151536941528,16.925174713134766,0.33014172315597534,0.13370181620121002,0.9869177937507629,0.0897107645869255,0.008308380842208862
0.750000000000,90,0.0,0.0,1.0,-0.08666251599788666,19.02767562866211,0.41927415132522583,12.56935977935791,22.74098014831543,-0.77072674036026,0.47450894117355347,asphalt,0.0,0.0,1.0,1095.013760345931,2,-6.278881072998047,-2.5527396202087402,227.18132668888575,160.0,-0.0,7342.973409763195,4429.026590236805,0.8278534412384033,11.070747211760345,True,-0.0,True,0,0,-0.4574066400527954,23.197404861450195,0.07797439396381378,False,True,-1.1579233407974243,20.098331451416016,2.2351741790771484e-08,0.0,0.0,1.0,3277.916259765625,3277.916259765625,0.3315142095088959,0.0684857964515686,0.0,asphalt,True,0.47931304574012756,20.475234985351562,-7.450580596923828e-09,0.0,0.0,1.0,4050.962646484375,4050.962646484375,0.31743332743644714,0.08256667852401733,0.0,grass,True,-0.6645762920379639,17.95415496826172,-2.2351741790771484e-08,0.0,0.0,1.0,1839.34375,1839.34375,0.3611582815647125,0.03884172439575195,0.0,asphalt,True,0.9726601243019104,18.331056594848633,7.450580596923828e-09,0.0,0.0,1.0,2598.25732421875,2598.25732421875,0.3470773994922638,0.052922606468200684,0.0,grass,330,55.05811975588555,53.93742633982749,55.055409333042114,22.100551025666853,3.3843103204997833,-0.17788567812896866,0.15195199844573487,-2920.9893892665327,-2095.4380510111296,0.0,1092.9599999999998,1092.9599999999998,3274.8291015625,True,0.0,329,5.0711976143977696e-11,-0.0002759520311622094,19.942993423434704,-6.093216209368535e-17,23.49385774492605,3.3967871473247055,-1.000003876084178,0.1435869301442926,-1485.1649772438527,-178.93927200261243,0.0,1092.9599999999998,486.9254136784444,4039.850830078125,True,0.0,329,4.248025449041967e-05,16.02769258384223,40.57240619724689,16.029314104203245,22.134138083214705,5.210117274475637,-0.7610415850491633,0.23117991291573659,-1834.3482952225809,-472.79954519952804,0.0,819.66,819.66,1844.989990234375,True,0.0,329,1.4257426431674349e-09,-0.00376696975534961,22.24622761918495,9.80118763926896e-17,23.517762835179596,5.201378910200489,-1.0000528579196915,0.21766420495841432,-945.8996352098409,-174.32648356451665,0.0,819.66,311.7749883893491,2601.767333984375,True,0.0,329,1.0755011902886721e-05,-1.146304726600647,19.917293548583984,0.3299296200275421,0.2673860490322113,0.9573488235473633,0.10649792104959488,0.025419795885682106,0.4934881925582886,20.282913208007812,0.3300968408584595,0.8453656435012817,-0.5228469967842102,-0.05400819703936577,0.09524226933717728,-0.6677340269088745,17.769771575927734,0.32988211512565613,-0.1258648931980133,0.9859868288040161,0.1080021932721138,-0.017986176535487175,0.9720589518547058,18.135391235351562,0.33004939556121826,0.13350655138492584,0.9849811792373657,0.10897843539714813,0.01056759711354971
0.800000000000,96,0.0,0.0,1.0,-0.11065249145030975,20.180585861206055,0.41908785700798035,15.030415534973145,22.21333885192871,-0.7837566137313843,0.5060786008834839,asphalt,0.0,0.0,1.0,1018.2818247156588,2,-6.194455146789551,-2.685471534729004,220.72332068343974,160.0,-0.0,7335.326774320782,4436.673225679218,0.905793309211731,13.344329600143698,True,-0.0,True,0,0,-0.5097811222076416,22.863330841064453,0.07842348515987396,False,True,-1.2197579145431519,21.200937271118164,1.862645149230957e-08,0.0,0.0,1.0,3299.021484375,3299.021484375,0.33149752020835876,0.06850248575210571,0.0,asphalt,True,0.399501770734787,21.648849487304688,7.450580596923828e-09,0.0,0.0,1.0,4107.626953125,4107.626953125,0.31651726365089417,0.08348274230957031,0.0,grass,True,-0.6334379315376282,19.080291748046875,2.60770320892334e-08,0.0,0.0,1.0,1804.5970458984375,1804.5970458984375,0.361712783575058,0.038287222385406494,0.0,asphalt,True,0.9858218431472778,19.528202056884766,3.725290298461914e-09,0.0,0.0,1.0,2582.674072265625,2582.674072265625,0.3467325270175934,0.053267478942871094,0.0,grass,336,51.204612769641706,56.58697205441155,51.19802901472903,21.523587378692994,4.114133645205257,-0.21493002459667793,0.18886715753113845,-2888.6218124029447,-2140.79996778114,0.0,1092.9599999999998,1092.9599999999998,3296.16943359375,True,0.0,335,5.4947331471314884e-12,0.003599855552035882,19.942993423434704,-1.2706849461530112e-16,23.04766174804043,4.124921085587382,-0.9999484567091813,0.1770984920547696,-1500.4818049959247,-223.80024724472295,0.0,1092.9599999999998,492.01155940085187,4099.65087890625,True,0.0,335,4.3309459593308575e-05,9.812810454889243,41.206687329057424,9.81057067987469,21.559534991716674,6.111759409967215,-0.8498006820945999,0.27623546205210653,-1775.7597427531125,-493.642729598893,0.0,810.1198944022668,810.1198944022668,1810.36474609375,True,0.0,335,1.0133255880931072e-09,0.0001259782047695391,22.24622761918495,4.7704895589362195e-18,23.073901533527867,6.1013864621282945,-0.9999981982757656,0.2585112212954966,-931.8184965055004,-205.3328266695412,0.0,810.1198944022668,307.13360689405846,2584.152587890625,True,0.0,335,1.0792084537125861e-05,-1.207553505897522,21.02385902404785,0.3299732804298401,0.9910585284233093,-0.02634248323738575,0.00097911455668509,0.13079778850078583,0.41503462195396423,21.45955467224121,0.33011409640312195,0.8430466651916504,-0.52169269323349,-0.06500197947025299,0.11350665986537933,-0.6372278332710266,18.898853302001953,0.32985514402389526,0.18763920664787292,0.9734898805618286,0.1292058825492859,0.02036815509200096,0.9853605031967163,19.334550857543945,0.3299960196018219,0.13339613378047943,0.9823932647705078,0.1301361471414566,0.01317574456334114
0.850000000000,102,0.0,0.0,1.0,-0.13710668683052063,21.31679916381836,0.4189349114894867,17.71116828918457,21.630659103393555,-0.8017483353614807,0.5339498519897461,asphalt,0.0,0.0,1.0,971.7415531768027,1,-6.0951972007751465,-2.8083152770996094,214.36719214151526,160.0,-0.0,7323.967208753478,4448.032791246522,0.9808547496795654,15.853489360225815,True,-0.0,True,0,0,-0.5544687509536743,22.529844284057617,0.07949198782444,False,True,-1.2848175764083862,22.280899047851562,-2.60770320892334e-08,0.0,0.0,1.0,3294.625244140625,3294.625244140625,0.33142390847206116,0.06857609748840332,0.0,asphalt,True,0.3114008903503418,22.8050537109375,-2.2351741790771484e-08,0.0,0.0,1.0,4135.1201171875,4135.1201171875,0.31563714146614075,0.08436286449432373,0.0,grass,True,-0.5986664891242981,20.19040870666504,-7.450580596923828e-09,0.0,0.0,1.0,1777.8538818359375,1777.8538818359375,0.3623117506504059,0.037688255310058594,0.0,asphalt,True,0.9975520372390747,20.714561462402344,-3.725290298461914e-09,0.0,0.0,1.0,2589.641357421875,2589.641357421875,0.3465249836444855,0.053475022315979004,0.0,grass,342,46.996408332162304,59.03486194836866,46.99082254559343,20.897135031977697,4.903891347262904,-0.25784971356689307,0.23049742404338336,-2841.4156669565796,-2154.967995093181,0.0,1092.9599999999998,1092.9599999999998,3296.681396484375,True,0.0,341,0.0005795853755530603,0.0026079181742483144,19.942993423434704,2.47198095326695e-16,22.547171193800605,4.912613662607391,-0.9999618305555892,0.21452880321020393,-1503.1373661388789,-272.9320159130927,0.0,1092.9599999999998,493.0343609922182,4132.0927734375,True,0.0,341,4.287343135470328e-05,4.916821448359167,41.56024828137728,4.915577221064728,20.935412818162526,7.066932782412142,-0.9224972971848503,0.32554863953107743,-1722.9106750175636,-525.3706957145268,0.0,738.8263966582266,738.8263966582266,1781.607177734375,True,0.0,341,9.208758769771045e-10,-0.0007053025404042709,22.24622761918495,1.437652080715779e-16,22.575822247068256,7.0548921894685,-1.000010309694849,0.3028827593460645,-923.1388952869455,-240.39650605373694,0.0,738.8263966582266,304.272512650303,2587.5712890625,True,0.0,341,1.1003923876399714e-05,-1.2722752094268799,22.10781478881836,0.3299578130245209,-0.31079453229904175,0.9379269480705261,0.14458157122135162,-0.052876438945531845,0.3281664550304413,22.618927001953125,0.3300878405570984,0.840059220790863,-0.5201930403709412,-0.07700152695178986,0.1333061009645462,-0.6032020449638367,20.011796951293945,0.3298582136631012,0.3549957573413849,0.9221053123474121,0.1452949196100235,0.05088357254862785,0.9972396492958069,20.522907257080078,0.3299883008003235,0.13324221968650818,0.9790540337562561,0.15310539305210114,0.016077794134616852
0.900000000000,108,0.0,0.0,1.0,-0.16560740768909454,22.436363220214844,0.41883453726768494,20.601970672607422,20.985443115234375,-0.8144863247871399,0.5595779418945312,asphalt,0.0,0.0,1.0,943.5134515771351,1,-5.9943766593933105,-2.9163291454315186,208.1222551277842,160.0,-0.0,7309.244367134515,4462.755632865485,1.0520402193069458,18.593999464694193,True,-0.0,True,0,0,-0.5898095369338989,22.197490692138672,0.08046909421682358,False,True,-1.3518741130828857,23.338218688964844,-3.725290298461914e-09,0.0,0.0,1.0,3282.14501953125,3282.14501953125,0.33148327469825745,0.06851673126220703,0.0,asphalt,True,0.21552760899066925,23.94313621520996,2.2351741790771484e-08,0.0,0.0,1.0,4144.65185546875,4144.65185546875,0.31495586037635803,0.08504414558410645,0.0,grass,True,-0.5599661469459534,21.285449981689453,1.862645149230957e-08,0.0,0.0,1.0,1760.4268798828125,1760.4268798828125,0.36281463503837585,0.03718537092208862,0.0,asphalt,True,1.0074354410171509,21.89036750793457,-2.2351741790771484e-08,0.0,0.0,1.0,2606.87060546875,2606.87060546875,0.346287339925766,0.053712666034698486,0.0,grass,348,42.33444196514009,61.260039676888454,42.33134092004054,20.214051299021406,5.745619502323807,-0.3088784805264368,0.27693508288495045,-2793.4016019077494,-2142.1403567075545,0.0,1092.9599999999998,1092.9599999999998,3284.71923828125,True,0.0,347,0.00022931493547883054,0.0001298684900401777,19.942993423434704,1.1058862159352145e-17,21.983589724028114,5.752013668949478,-0.999998050518489,0.2559132749929676,-1495.107112470193,-325.9966608080037,0.0,1092.9599999999998,490.4141712198021,4143.93115234375,True,0.0,347,4.132002203633467e-05,0.08456678554575492,41.67594371692599,0.0857946860439738,20.254641413072903,8.065474131716476,-0.998622190407573,0.37895692580482176,-1679.1442850725975,-557.9700667587408,0.0,730.2463963093549,730.2463963093549,1762.7989501953125,True,0.0,347,4.715730028692633e-10,-0.0031513559440023054,22.24622761918495,-1.734723475976807e-17,22.01468764691682,8.051712695549856,-1.0000472388015764,0.35063014059820624,-916.2056499248592,-279.23314300460316,0.0,730.2463963093549,301.98691500418806,2603.410400390625,True,0.0,347,1.1254295276352801e-05,-1.3392503261566162,23.169095993041992,0.32992973923683167,0.7008982300758362,0.6904835104942322,0.12897707521915436,0.12385108321905136,0.23338492214679718,23.760272979736328,0.3300490081310272,0.8363504409790039,-0.5182120203971863,-0.0899263247847557,0.15455561876296997,-0.5653356909751892,21.109474182128906,0.32987603545188904,0.40622711181640625,0.8961056470870972,0.16484664380550385,0.06928033381700516,1.0072994232177734,21.700653076171875,0.32999512553215027,0.13294216990470886,0.9748600721359253,0.17777568101882935,0.019234785810112953
0.950000000000,114,0.0,0.0,1.0,-0.1956670582294464,23.539331436157227,0.4187811315059662,23.6910457611084,20.270593643188477,-0.814911425113678,0.5836520791053772,asphalt,0.0,0.0,1.0,926.3922424914535,1,-5.888968467712402,-3.0475215911865234,201.98547710239808,160.0,-0.0,7292.094278430506,4479.905721569494,1.1184308528900146,21.557681867346087,True,-0.0,True,0,0,-0.615217387676239,21.86615753173828,0.0812787339091301,False,True,-1.4195854663848877,24.37299919128418,0.0,0.0,0.0,1.0,3243.992919921875,3243.992919921875,0.3318401277065277,0.06815987825393677,0.0,asphalt,True,0.11256676912307739,25.06235122680664,7.450580596923828e-09,0.0,0.0,1.0,4120.50927734375,4120.50927734375,0.3146074116230011,0.08539259433746338,0.0,grass,True,-0.5171114802360535,22.36638069152832,1.1175870895385742e-08,0.0,0.0,1.0,1764.9361572265625,1764.9361572265625,0.3630733788013458,0.03692662715911865,0.0,asphalt,True,1.0150408744812012,23.05573272705078,2.2351741790771484e-08,0.0,0.0,1.0,2660.05029296875,2660.05029296875,0.3458406627178192,0.054159343242645264,0.0,grass,354,37.200802498712484,63.2400419597284,37.20394205513313,19.467883523036093,6.6276681735984875,-0.3694093757008164,0.3281338688903193,-2736.2265053743995,-2101.381386143673,0.0,1092.9599999999998,1092.9599999999998,3251.160888671875,True,0.0,353,9.038977250294142e-05,-0.0061015934958997455,19.942993423434704,7.632783294297951e-17,21.34890447314904,6.631505231874842,-1.000094315184003,0.30117584869170444,-1472.0430268141754,-381.0085992113174,0.0,1092.9599999999998,483.1620776378608,4124.353515625,True,0.0,353,3.83631076431749e-05,-0.0074408613126907604,41.67594371692599,-1.700029006457271e-16,19.51066731622284,9.093697147098387,-1.0001258534212794,0.43615226099701376,-1647.7086152341933,-639.9010933797485,0.0,728.6473775400586,542.3662459603328,1763.9112548828125,True,0.0,353,3.173747196346346e-05,-0.00895259545424138,22.24622761918495,8.673617379884035e-18,21.382450204087622,9.078524570448243,-1.0001381673508742,0.4015134179692503,-917.0625476144653,-324.42590954697124,0.0,728.6473775400586,302.2688861307769,2650.891357421875,True,0.0,353,1.1740167281590382e-05,-1.4071215391159058,24.207738876342773,0.32986465096473694,0.9567397832870483,-0.20619642734527588,-0.03814418986439705,0.20168530941009521,0.1313774138689041,24.882808685302734,0.3299831748008728,0.8318557739257812,-0.5156394839286804,-0.1036856397986412,0.1771474927663803,-0.5233535766601562,22.192813873291016,0.3299255073070526,0.4042545258998871,0.8913171887397766,0.18902188539505005,0.08001665771007538,1.0151453018188477,22.867883682250977,0.33004406094551086,0.13242173194885254,0.9697074294090271,0.20401184260845184,0.022607725113630295
1.000000000000,120,0.0,0.0,1.0,-0.226785808801651,24.625757217407227,0.4187655746936798,26.962827682495117,19.480928421020508,-0.8004775047302246,0.6084191203117371,asphalt,0.0,0.0,1.0,916.0077042496371,1,-5.775017738342285,-3.1750495433807373,195.95769862857043,160.0,-0.0,7272.74329767719,4499.25670232281,1.178759217262268,24.731228378717642,True,-0.0,True,0,0,-0.6303118467330933,21.53609275817871,0.0818730816245079,False,True,-1.4865293502807617,25.385440826416016,-3.725290298461914e-08,0.0,0.0,1.0,3198.29833984375,3198.29833984375,0.3325066864490509,0.06749331951141357,0.0,asphalt,True,0.003399801207706332,26.161865234375,2.9802322387695312e-08,0.0,0.0,1.0,4101.92529296875,4101.92529296875,0.31454142928123474,0.08545857667922974,0.0,grass,True,-0.4700344502925873,23.434114456176758,-4.470348358154297e-08,0.0,0.0,1.0,1771.54736328125,1771.54736328125,0.36311933398246765,0.036880671977996826,0.0,asphalt,True,1.0198948383331299,24.21053695678711,2.2351741790771484e-08,0.0,0.0,1.0,2712.757080078125,2712.757080078125,0.3451540768146515,0.05484592914581299,0.0,grass,360,31.533701518048822,64.94907113439182,31.540454020850653,18.653385698110256,7.537441432809434,-0.4421322933342692,0.3840178026595143,-2678.675189096706,-2040.106518320925,0.0,1092.9599999999998,1092.9599999999998,3206.06201171875,True,0.0,359,3.58656833256134e-05,-0.009704720808330326,19.942993423434704,3.5908775952719907e-16,20.63573993800003,7.53863722544029,-1.000155194719277,0.35025672351932774,-1444.4381637738013,-439.6661965297107,0.0,1092.9599999999998,474.0872143062043,4103.94921875,True,0.0,359,3.491050274469915e-05,-0.011020991656033924,41.67594371692599,6.418476861114186e-17,18.69823119640866,10.136243841009108,-1.0001945064861102,0.4967549447635831,-1613.4115521836998,-728.7120632245263,0.0,728.6532311824908,531.0604910707267,1770.1318359375,True,0.0,359,2.524263009697717e-05,-0.012504221612984793,22.24622761918495,1.3183898417423734e-16,20.671667165354165,10.119785080598481,-1.0001996158848379,0.45525156041902926,-915.9162904217275,-373.58003161087174,0.0,728.6532311824908,301.89051203979284,2704.37451171875,True,0.0,359,1.2041407379790766e-05,-1.4744560718536377,25.223934173583984,0.3298228681087494,-0.46956899762153625,0.8515655994415283,0.201441690325737,-0.11731287837028503,0.023014118894934654,25.9857120513916,0.32994765043258667,0.8264970183372498,-0.5124077200889587,-0.11815871298313141,0.20094677805900574,-0.4771418869495392,23.26273536682129,0.32995012402534485,0.40173962712287903,0.8855869174003601,0.21448640525341034,0.09130535274744034,1.0203282833099365,24.024513244628906,0.33007484674453735,0.13165083527565002,0.9634972810745239,0.23164135217666626,0.026141159236431122
1.050000000000,126,0.0,0.0,1.0,-0.2581917941570282,25.694210052490234,0.4187887907028198,30.37912368774414,18.531326293945312,-0.794170081615448,0.6583905816078186,asphalt,0.0,0.0,1.0,909.709163419017,1,-7.716941833496094,-4.152759552001953,188.74840833315895,160.0,-0.0,7345.641423946713,4426.358576053287,1.2116003036499023,28.112360663789268,True,-0.0,True,0,0,-0.6204774975776672,21.11693572998047,0.0838593915104866,False,True,-1.5507112741470337,26.374032974243164,-2.2351741790771484e-08,0.0,0.0,1.0,3138.19091796875,3138.19091796875,0.3334328234195709,0.06656718254089355,0.0,asphalt,True,-0.10991805791854858,27.238269805908203,1.4901161193847656e-08,0.0,0.0,1.0,4304.82421875,4304.82421875,0.3136984407901764,0.08630156517028809,0.0,asphalt,True,-0.4192503094673157,24.487041473388672,3.725290298461914e-09,0.0,0.0,1.0,1631.48828125,1631.48828125,0.3640454113483429,0.03595459461212158,0.0,asphalt,True,1.021543025970459,25.35127830505371,4.470348358154297e-08,0.0,0.0,1.0,2764.2919921875,2764.2919921875,0.3443109691143036,0.05568903684616089,0.0,grass,366,25.314426676197453,66.36001636118371,25.30783074894482,17.697996579578763,8.441342224234738,-0.5279826863123966,0.44505117433936225,-2612.948327100069,-1967.0585674069998,0.0,1092.9599999999998,1092.9599999999998,3148.215087890625,True,0.0,365,1.4806610466390712e-05,5.042666163979961,20.055410218705852,5.039010448457833,19.7355395067306,8.440543762052279,-0.9156810568291852,0.40414050558328746,-4017.103505780723,-1563.5399004815938,0.0,1092.9599999999998,1092.9599999999998,4270.11962890625,True,0.0,365,1.2039161996333153e-06,0.0004743493403984505,41.67594371692599,2.3852447794681098e-18,17.75161938274175,11.119518147855803,-0.9999911819153533,0.5596015300888628,-1467.8335290718117,-766.2092112974038,0.0,728.6609657082406,483.08059204888156,1659.61376953125,True,0.0,365,1.445237758391044e-05,-0.0008778680364152008,22.24622761918495,-1.8951853975046618e-16,19.78344903849425,11.102313242679973,-1.0000146433744417,0.5113952872807306,-910.5701287795374,-425.83100077946665,0.0,728.6609657082406,300.12788599213434,2759.18408203125,True,0.0,365,1.2176378969710962e-05,-1.5393582582473755,26.216943740844727,0.3297743797302246,0.19340866804122925,0.9454913139343262,0.2578023374080658,0.04665971174836159,-0.0899285152554512,27.06661605834961,0.3302028477191925,0.7902335524559021,-0.5539780259132385,-0.1454770714044571,0.21788901090621948,-0.4269712567329407,24.318647384643555,0.32965973019599915,0.3988947868347168,0.8787739872932434,0.24096256494522095,0.10284082591533661,1.0224583148956299,25.168319702148438,0.33008816838264465,0.13087357580661774,0.9561552405357361,0.2603108584880829,0.029621709138154984
1.100000000000,132,0.0,0.0,1.0,-0.28884780406951904,26.74093246459961,0.4189252257347107,33.879695892333984,17.503864288330078,-0.8221811652183533,0.7587901949882507,asphalt,0.0,0.0,1.0,905.8889052937942,1,-7.468945503234863,-4.559659957885742,181.02639536274043,160.0,-0.0,7426.645569812266,4345.354430187734,1.2416996955871582,31.61095696469111,True,-0.0,True,0,0,-0.6023526191711426,20.679208755493164,0.08593372255563736,False,True,-1.6101765632629395,27.336627960205078,4.0978193283081055e-08,0.0,0.0,1.0,3079.6279296875,3079.6279296875,0.3345321714878082,0.06546783447265625,0.0,asphalt,True,-0.22504788637161255,28.287593841552734,-1.4901161193847656e-08,0.0,0.0,1.0,4460.8388671875,4460.8388671875,0.3117386996746063,0.08826130628585815,0.0,asphalt,True,-0.3652033507823944,25.522499084472656,-3.725290298461914e-09,0.0,0.0,1.0,1475.484619140625,1475.484619140625,0.3663426339626312,0.03365737199783325,0.0,asphalt,True,1.0199254751205444,26.473468780517578,2.9802322387695312e-08,0.0,0.0,1.0,2786.451416015625,2786.451416015625,0.34354904294013977,0.05645096302032471,0.0,grass,372,18.53089451369436,67.44369809117752,18.517609408390804,16.666175646287915,9.301257558977902,-0.6330774786427271,0.5090345639662847,-2556.4244911709857,-1878.0215598209115,0.0,1092.9599999999998,1092.9599999999998,3089.43310546875,True,0.0,371,6.2385883856474495e-06,11.618582286081919,20.486353817650304,11.608227899888481,18.75438938503006,9.29851355672097,-0.7955608110884445,0.4602857038166392,-4006.6473094288626,-2080.8323193010096,0.0,1092.9599999999998,1092.9599999999998,4440.0693359375,True,0.0,371,8.91834412476815e-06,0.007158355327790671,41.67594371692599,1.3010426069826053e-16,16.721338443274664,12.046967483472143,-0.9998587279800487,0.6243224724556992,-1278.64538683442,-767.7802308448978,0.0,728.8043449059084,420.7371465938757,1499.419677734375,True,0.0,371,5.2999794408563775e-06,0.005977502806103071,22.24622761918495,1.1188966420050406e-16,18.80209390341126,12.029040179372668,-0.9998950874335514,0.5691509341761319,-890.1225335860826,-474.61218590668517,0.0,728.8043449059084,293.38781019248125,2782.352294921875,True,0.0,371,1.1515874792485198e-05,-1.5996381044387817,27.18435287475586,0.3297479450702667,0.6480802297592163,0.7036430239677429,0.21892324090003967,0.19222675263881683,-0.2047615945339203,28.12096405029297,0.33029112219810486,0.6472989916801453,-0.7043617963790894,-0.2097700834274292,0.20217561721801758,-0.3734675645828247,25.357465744018555,0.32951194047927856,0.39601269364356995,0.8708016872406006,0.26799339056015015,0.11427168548107147,1.0214087963104248,26.294076919555664,0.33005523681640625,0.13039225339889526,0.9476916193962097,0.2894819378852844,0.032843369990587234
1.150000000000,138,0.0,0.0,1.0,-0.31858134269714355,27.76580810546875,0.4191398620605469,37.47506332397461,16.421348571777344,-0.8589503765106201,0.871198296546936,asphalt,0.0,0.0,1.0,903.5718016128303,1,-7.091794967651367,-5.007134437561035,173.49688584867516,160.0,-0.0,7464.735699712152,4307.264300287848,1.2798988819122314,35.20335717844513,True,-0.0,True,0,0,-0.5843448042869568,20.243770599365234,0.08594019711017609,False,True,-1.6643038988113403,28.273366928100586,7.450580596923828e-09,0.0,0.0,1.0,3017.49560546875,3017.49560546875,0.3357199728488922,0.06428003311157227,0.0,asphalt,True,-0.3418281376361847,29.309772491455078,7.450580596923828e-09,0.0,0.0,1.0,4553.86572265625,4553.86572265625,0.30962738394737244,0.09037262201309204,0.0,asphalt,True,-0.30752018094062805,26.54124641418457,-2.7939677238464355e-08,0.0,0.0,1.0,1354.0987548828125,1354.0987548828125,0.3689208924770355,0.031079113483428955,0.0,asphalt,True,1.0149556398391724,27.577653884887695,1.1175870895385742e-08,0.0,0.0,1.0,2827.122802734375,2827.122802734375,0.34282830357551575,0.05717170238494873,0.0,grass,378,11.260250118883954,68.17483060327476,11.24818056616785,15.57394041738414,10.097681445108645,-0.7614038297537137,0.575228754573083,-2503.309554768036,-1776.402641017802,0.0,1092.9599999999998,1092.9599999999998,3028.29931640625,True,0.0,377,2.6681422234532133e-06,17.11411301283326,21.22360840547266,17.10496564097168,17.726485353631215,10.092614054330637,-0.6814000529959499,0.5175794760415418,-3811.6190866954025,-2654.0378125149437,0.0,1092.9599999999998,1092.9599999999998,4541.642578125,True,0.0,377,4.093519346408347e-05,0.005967366214827996,41.67594371692599,8.326672684688674e-17,15.630661626698387,12.928551159787203,-0.9998740148755105,0.6910646627038253,-1118.981883461201,-771.381154761458,0.0,728.8558554171763,368.1257444144783,1371.518798828125,True,0.0,377,1.1285635719791355e-06,0.004930814938297668,22.24622761918495,7.892991815694472e-17,17.77336085122661,12.9095916353868,-0.9999084490016684,0.6281892292138775,-868.9204135161216,-525.9948260925997,0.0,728.8558554171763,286.3989275524107,2818.20068359375,True,0.0,377,1.049115833661685e-05,-1.6546952724456787,28.126018524169922,0.3297198712825775,0.8485598564147949,0.42045074701309204,0.1497514843940735,0.28415122628211975,-0.32126080989837646,29.148286819458008,0.3302655518054962,-0.3457152247428894,0.881653904914856,0.29600563645362854,-0.12469195574522018,-0.3164280354976654,26.379552841186523,0.32950660586357117,0.3927963972091675,0.8617096543312073,0.2955029010772705,0.12587879598140717,1.017006278038025,27.40182113647461,0.33005228638648987,0.1299108862876892,0.9380595684051514,0.3191620409488678,0.036097005009651184
1.200000000000,144,0.0,0.0,1.0,-0.3474646806716919,28.768999099731445,0.4193323850631714,41.19232940673828,15.283930778503418,-0.886273205280304,0.9795474410057068,asphalt,0.0,0.0,1.0,902.1664071885926,1,-6.642439365386963,-5.400824069976807,166.20216697390345,160.0,-0.0,7465.012109791633,4306.987890208367,1.3286508321762085,38.907348061197034,True,-0.0,True,0,0,-0.5685722827911377,19.813175201416016,0.08434977382421494,False,True,-1.7127629518508911,29.184127807617188,-7.450580596923828e-09,0.0,0.0,1.0,2951.053955078125,2951.053955078125,0.3370067775249481,0.06299322843551636,0.0,asphalt,True,-0.4606783390045166,30.304637908935547,3.725290298461914e-08,0.0,0.0,1.0,4603.0625,4603.0625,0.3077838718891144,0.0922161340713501,0.0,asphalt,True,-0.24591897428035736,27.54414939880371,-3.725290298461914e-09,0.0,0.0,1.0,1275.21728515625,1275.21728515625,0.3711576759815216,0.02884232997894287,0.0,asphalt,True,1.0061657428741455,28.664657592773438,-4.470348358154297e-08,0.0,0.0,1.0,2894.2177734375,2894.2177734375,0.34193482995033264,0.058065176010131836,0.0,grass,384,3.4904558778737105,68.5292486111567,3.483870335610447,14.419902178144207,10.826687303347663,-0.9201207868494318,0.6440228794959071,-2446.726248264922,-1663.7672526133417,0.0,1092.9599999999998,1092.9599999999998,2962.05322265625,True,0.0,383,1.1357825607591406e-06,20.119572196103373,22.172532792768404,20.115899050628332,16.65452473545823,10.818799874646166,-0.6013420418669524,0.5760948442319719,-3501.097519572676,-3151.724315443128,0.0,1092.9599999999998,1092.9599999999998,4597.66455078125,True,0.0,383,8.839814488603328e-05,0.0005311930582553807,41.67594371692599,-7.806255641895632e-18,14.478296115097223,13.765487664045052,-0.9999878926561641,0.7601658087239754,-993.4931471156086,-787.1600388454051,0.0,728.9273541434637,326.7763323169557,1285.21044921875,True,0.0,383,5.3317125689806905e-06,-0.00039239876277323495,22.24622761918495,1.0245710529988017e-16,16.70078702156442,13.745108576621886,-1.0000077536221226,0.6886217241260947,-850.4419309825162,-583.2722256638887,0.0,728.9273541434637,280.3076534189211,2881.951904296875,True,0.0,383,9.02633025873355e-06,-1.704215407371521,29.04169464111328,0.32969266176223755,0.8991386890411377,0.260448157787323,0.10659831017255783,0.3351912498474121,-0.4398239850997925,30.148296356201172,0.33019083738327026,0.09497994929552078,0.9312692284584045,0.3507266044616699,0.026593029499053955,-0.2555847465991974,27.385602951049805,0.3295799791812897,0.38901275396347046,0.8514415621757507,0.323609858751297,0.13781523704528809,1.008806586265564,28.492206573486328,0.33007800579071045,0.1292223036289215,0.9271382093429565,0.3495088815689087,0.0394953154027462
1.250000000000,150,0.0,0.0,1.0,-0.37556031346321106,29.75080108642578,0.4194343686103821,45.05906677246094,14.087416648864746,-0.8934283256530762,1.0746084451675415,asphalt,0.0,0.0,1.0,901.3139923813034,1,-6.164389610290527,-5.7507548332214355,159.17101511019428,160.0,-0.0,7435.6142008806,4336.3857991194,1.3852325677871704,42.75764699745148,True,-0.0,True,0,0,-0.5528311133384705,19.38921356201172,0.08210278302431107,False,True,-1.7550244331359863,30.068939208984375,3.3527612686157227e-08,0.0,0.0,1.0,2870.411376953125,2870.411376953125,0.33841803669929504,0.061581969261169434,0.0,asphalt,True,-0.5818833112716675,31.271921157836914,-1.4901161193847656e-08,0.0,0.0,1.0,4591.0537109375,4591.0537109375,0.3064846098423004,0.09351539611816406,0.0,asphalt,True,-0.18024206161499023,28.53230857849121,-2.421438694000244e-08,0.0,0.0,1.0,1255.3179931640625,1255.3179931640625,0.372649222612381,0.027350783348083496,0.0,asphalt,True,0.9928989410400391,29.73529052734375,7.450580596923828e-09,0.0,0.0,1.0,3001.984130859375,3001.984130859375,0.3407157361507416,0.0592842698097229,0.0,grass,390,-0.0041062841513598534,68.55971140719696,-7.979727989493313e-17,13.202166686504265,11.49423888836965,-1.0001026402561128,0.7163511616154936,-2311.449627710456,-1676.8484102438417,0.0,1092.9599999999998,757.7659465096592,2886.456787109375,True,0.0,389,0.0005706086423165639,20.18490549966265,23.192093945024133,20.191174530852336,15.53154344202459,11.48396606636322,-0.5711296279244487,0.6366801417696359,-3193.3624702662532,-3445.161219348991,0.0,1092.9599999999998,1092.9599999999998,4597.3564453125,True,0.0,389,9.561956779421337e-05,-0.009367901793786278,41.67594371692599,-5.204170427930421e-18,13.262192044014915,14.558048083120703,-1.0002330992932156,0.8319441336028031,-907.2844653134376,-829.7530374987505,0.0,729.0011004623171,298.3714351194612,1254.2484130859375,True,0.0,389,9.93576000820601e-06,-0.010214821541243809,22.24622761918495,8.673617379884035e-18,15.578253159531085,14.536003828726098,-1.0002163844093488,0.7508021419647127,-834.1806613683789,-648.5017972362183,0.0,729.0011004623171,274.94707372000204,2979.16552734375,True,0.0,389,6.802641615140133e-06,-1.7477067708969116,29.931270599365234,0.32964247465133667,0.8912229537963867,0.24279971420764923,0.11045913398265839,0.3668361008167267,-0.5607829689979553,31.12065315246582,0.3300629258155823,0.5307930707931519,0.7559689283370972,0.3192601799964905,0.2117614448070526,-0.19073398411273956,28.376598358154297,0.3297252655029297,0.38448306918144226,0.8398826718330383,0.35244330763816833,0.15017865598201752,0.9961898326873779,29.56597900390625,0.3301457464694977,0.1281880885362625,0.9147666096687317,0.3806740641593933,0.04309496656060219
1.300000000000,156,0.0,0.0,1.0,-0.40287989377975464,30.711528778076172,0.4194270074367523,49.09197235107422,12.828836441040039,-0.8669928312301636,1.155205249786377,asphalt,0.0,0.0,1.0,900.7969766658894,1,-5.713054656982422,-6.0404744148254395,152.38915881351778,160.0,-0.0,7383.343688020367,4388.656311979633,1.444279670715332,46.773458212099996,True,-0.0,True,0,0,-0.5366548299789429,18.971237182617188,0.0802588015794754,False,True,-1.790391206741333,30.92812156677246,-3.725290298461914e-09,0.0,0.0,1.0,2772.210693359375,2772.210693359375,0.3401542007923126,0.059845805168151855,0.0,asphalt,True,-0.7053595185279846,32.21119689941406,0.0,0.0,0.0,1.0,4548.13232421875,4548.13232421875,0.305921345949173,0.0940786600112915,0.0,asphalt,True,-0.11076943576335907,29.506868362426758,1.4901161193847656e-08,0.0,0.0,1.0,1277.72314453125,1277.72314453125,0.3731807768344879,0.026819229125976562,0.0,asphalt,True,0.9742621779441833,30.789941787719727,0.0,0.0,0.0,1.0,3137.00439453125,3137.00439453125,0.3389478623867035,0.061052143573760986,0.0,grass,396,-0.014492460107447935,68.55971140719696,2.3245294578089215e-16,11.920776772058957,12.100964374319691,-1.000401191292053,0.7928990444467748,-2094.4118798265763,-1771.0148975257873,0.0,1092.9599999999998,686.3106667978437,2788.388916015625,True,0.0,395,0.00044029649092914436,17.80513106684939,24.145454728658517,17.821595298448457,14.348741310544812,12.088593588101414,-0.5905081062586106,0.7001147742952059,-2976.5313463575453,-3538.8757100262687,0.0,1092.9599999999998,1092.9599999999998,4555.81640625,True,0.0,395,7.307673293299198e-05,-0.01953037601367432,41.67594371692599,1.249000902703301e-16,11.982442900664385,15.29512133338477,-1.0005378722968215,0.9062496937964412,-847.8200870652936,-901.3562895269955,0.0,729.102679721897,278.7811118149183,1272.37158203125,True,0.0,395,1.6302672135887777e-05,-0.02032557227515654,22.24622761918495,-2.7755575615628914e-17,14.397204957304737,15.27135304169078,-1.0004658847929646,0.8148534292202675,-818.9620867731228,-723.568411672055,0.0,729.102679721897,269.93007143090136,3115.452392578125,True,0.0,395,3.4160464794936327e-06,-1.7844351530075073,30.794967651367188,0.3295901119709015,0.8777828216552734,0.2386825978755951,0.1196400448679924,0.39776143431663513,-0.6840684413909912,32.06491470336914,0.3299458622932434,0.8062391877174377,0.4212487041950226,0.20210187137126923,0.3628811836242676,-0.12200819700956345,29.353639602661133,0.3298628628253937,0.3790346384048462,0.8269249200820923,0.3820713460445404,0.16293984651565552,0.9783586263656616,30.623586654663086,0.33021873235702515,0.12667353451251984,0.9007918238639832,0.41271427273750305,0.04684850573539734
1.350000000000,162,0.0,0.0,1.0,-0.4292761981487274,31.651485443115234,0.4193386435508728,53.29000473022461,11.506082534790039,-0.8166889548301697,1.2222626209259033,asphalt,0.0,0.0,1.0,900.4833907829374,1,-5.322542667388916,-6.250144004821777,145.8455720913189,160.0,-0.0,7318.431973317552,4453.568026682448,1.4994845390319824,50.97445992737498,True,-0.0,True,0,0,-0.5139943361282349,18.559179306030273,0.07958878576755524,False,True,-1.817744493484497,31.762426376342773,1.862645149230957e-08,0.0,0.0,1.0,2679.181396484375,2679.181396484375,0.3420293629169464,0.057970643043518066,0.0,asphalt,True,-0.8301500678062439,33.121971130371094,2.2351741790771484e-08,0.0,0.0,1.0,4510.384765625,4510.384765625,0.3058933913707733,0.09410661458969116,0.0,asphalt,True,-0.038014430552721024,30.468780517578125,-2.9802322387695312e-08,0.0,0.0,1.0,1333.3541259765625,1333.3541259765625,0.3730245530605316,0.02697545289993286,0.0,asphalt,True,0.9495799541473389,31.828323364257812,1.862645149230957e-08,0.0,0.0,1.0,3252.3076171875,3252.3076171875,0.33688852190971375,0.06311148405075073,0.0,grass,402,-0.01996975054062626,68.55971140719696,-2.7755575615628914e-17,10.576936268427561,12.648675311555612,-1.0006230554397948,0.8743633279692751,-1863.352159996413,-1855.7883453783825,0.0,1092.9599999999998,610.2286897664893,2694.331787109375,True,0.0,401,0.0002929451063666048,13.91451139245362,24.935788536813686,13.936248232586962,13.097026860520804,12.634162016961175,-0.6494022033847228,0.7674116284555274,-2852.0785455297096,-3530.532330087257,0.0,1092.9599999999998,1092.9599999999998,4514.69970703125,True,0.0,401,5.222321958354036e-05,-0.02478328731580446,41.67594371692599,0.0,10.640207854188237,15.964579363802656,-1.000768639572299,0.9829171098668747,-796.2528463442512,-994.8175778520986,0.0,729.1999135047334,261.8063413946088,1324.027587890625,True,0.0,401,2.581976298179009e-05,-0.025534384675742632,22.24622761918495,-7.28583859910259e-17,13.147962197460295,15.939266491808384,-1.000640886155318,0.881068432964213,-787.5252791303743,-795.0874448987958,0.0,729.1999135047334,259.5674351536163,3235.047607421875,True,0.0,401,3.382157915681765e-06,-1.813360333442688,31.63350486755371,0.3295769691467285,0.862587034702301,0.23426471650600433,0.1289939433336258,0.42944636940956116,-0.8088864088058472,32.980628967285156,0.32986876368522644,0.890529215335846,0.07677323371171951,0.050387490540742874,0.44556111097335815,-0.049903400242328644,30.317760467529297,0.3299494981765747,0.3726924955844879,0.8124263882637024,0.4123934507369995,0.17605482041835785,0.9545705318450928,31.66488265991211,0.3302413523197174,0.12474340200424194,0.8850849866867065,0.44552081823349,0.050742510706186295
1.400000000000,168,0.0,0.0,1.0,-0.45434096455574036,32.571006774902344,0.41923779249191284,57.6381721496582,10.129987716674805,-0.755544900894165,1.274694800376892,asphalt,0.0,0.0,1.0,900.2931913304741,1,-4.545811653137207,-5.7989420890808105,139.62502803243143,160.0,-0.0,7242.146867975294,4529.853132024706,1.5503346920013428,55.36080976952341,True,-0.0,True,0,0,-0.48153501749038696,18.16531753540039,0.08038386702537537,False,True,-1.8357465267181396,32.57318878173828,-2.9802322387695312e-08,0.0,0.0,1.0,2613.097900390625,2613.097900390625,0.343815416097641,0.056184589862823486,0.0,asphalt,True,-0.9546582102775574,34.004093170166016,3.725290298461914e-08,0.0,0.0,1.0,4448.615234375,4448.615234375,0.30632439255714417,0.09367561340332031,0.0,asphalt,True,0.037414733320474625,31.41903305053711,2.0489096641540527e-08,0.0,0.0,1.0,1436.6744384765625,1436.6744384765625,0.37240418791770935,0.027595818042755127,0.0,grass,True,0.9185029864311218,32.84993362426758,-4.0978193283081055e-08,0.0,0.0,1.0,3304.4609375,3304.4609375,0.3349132835865021,0.0650867223739624,0.0,grass,408,-0.023234651290067167,68.55971140719696,4.163336342344337e-17,9.181474335680047,13.139514986870996,-1.0008350984433867,0.9608975983722288,-1624.5825093610783,-1935.8199234799474,0.0,1092.9599999999998,532.0202030583075,2617.289306640625,True,0.0,407,0.00013419400090505456,9.186173312371485,25.507357270685556,9.210963658616633,11.786359596033018,13.122945357257484,-0.7428012298129023,0.8390048462565335,-2773.5548694585927,-3464.451843440914,0.0,1092.9599999999998,1092.9599999999998,4469.42626953125,True,0.0,407,3.7047338543435194e-05,-0.027822781511744145,41.67594371692599,2.0816681711721685e-17,9.246205197529004,16.56749732995764,-1.000993003908385,1.0617608788353126,-255.0999082986261,-380.53218935384695,0.0,729.2805070103935,83.4873845720931,1403.4254150390625,True,0.0,407,1.7525610213288511e-06,-0.028064326127076614,22.24622761918495,-2.7755575615628914e-17,11.837549275578485,16.536560777310353,-1.0007823602171644,0.9495177039644046,-732.7435671952028,-852.3432177947392,0.0,729.2805070103935,241.5102082111277,3307.795166015625,True,0.0,407,1.0653948539025824e-05,-1.8332045078277588,32.44809341430664,0.32963356375694275,0.8456047177314758,0.2294393926858902,0.1384214460849762,0.46168139576911926,-0.9337380528450012,33.867515563964844,0.329742431640625,0.8587102890014648,-0.17408742010593414,-0.08329160511493683,0.474734365940094,0.024918125942349434,31.269874572753906,0.3300643861293793,0.36551880836486816,0.7962950468063354,0.44318512082099915,0.18946561217308044,0.9243847727775574,32.689300537109375,0.3301730453968048,0.12248344719409943,0.8675757050514221,0.47886189818382263,0.05478568747639656
1.450000000000,174,0.0,0.0,1.0,-0.47755560278892517,33.47172927856445,0.4191877245903015,62.13185501098633,8.710053443908691,-0.6848364472389221,1.274957537651062,asphalt,0.0,0.0,1.0,900.1778295310946,1,-4.174225330352783,-5.803787708282471,134.12486042561474,160.0,-0.0,7142.321975025983,4629.678024974017,1.5997381210327148,59.93487435349398,True,-0.0,True,0,0,-0.4377920627593994,17.805627822875977,0.08177526295185089,False,True,-1.843010425567627,33.3631477355957,-2.2351741790771484e-08,0.0,0.0,1.0,2579.043212890625,2579.043212890625,0.34504613280296326,0.05495387315750122,0.0,asphalt,True,-1.077355980873108,34.85899353027344,-7.450580596923828e-09,0.0,0.0,1.0,4336.51171875,4336.51171875,0.3077538311481476,0.0922461748123169,0.0,asphalt,True,0.11523058265447617,32.36016845703125,2.2351741790771484e-08,0.0,0.0,1.0,1579.316162109375,1579.316162109375,0.37088289856910706,0.029117107391357422,0.0,grass,True,0.8808850049972534,33.85601806640625,-7.450580596923828e-09,0.0,0.0,1.0,3306.535400390625,3306.535400390625,0.33359065651893616,0.06640934944152832,0.0,grass,414,-0.025310804179502704,68.55971140719696,1.9081958235744878e-16,7.742830772283457,13.570744652187168,-1.0010787482801684,1.0523104132139691,-1389.4378217096796,-2027.1856598082713,0.0,1092.9599999999998,454.6073471114184,2585.468017578125,True,0.0,413,4.131519221419156e-05,3.6608976357973897,25.82116556334688,3.6875549615769847,10.430027030747567,13.552168661247325,-0.8841713241728243,0.9148558875108099,-2690.5518354850174,-3294.9365180557947,0.0,1092.9599999999998,1092.9599999999998,4353.5283203125,True,0.0,413,2.356645409705312e-05,-0.029670341552870252,41.67594371692599,-1.0408340855860843e-17,7.809009365066573,17.107353209378246,-1.0012538354424632,1.1425742240284757,-235.0577665699651,-428.5840959089954,0.0,729.342407780804,76.94353988604752,1560.9996337890625,True,0.0,413,2.853397213527899e-06,-0.02989526750748688,22.24622761918495,0.0,10.484182506453587,17.074592099102436,-1.000940983073444,1.0201299690014738,-651.0650359811414,-882.7757729470795,0.0,729.342407780804,214.58753695290946,3304.196044921875,True,0.0,413,1.843243044939411e-05,-1.8426473140716553,33.24118423461914,0.32971328496932983,0.8267097473144531,0.22434324026107788,0.14762040972709656,0.49439793825149536,-1.0571564435958862,34.726707458496094,0.3296157419681549,0.8026318550109863,-0.29926738142967224,-0.16803409159183502,0.4878377616405487,0.10207445174455643,32.21223831176758,0.33017995953559875,0.35732772946357727,0.7785215377807617,0.474200040102005,0.20336036384105682,0.8875651359558105,33.6977653503418,0.33008235692977905,0.11971836537122726,0.8482018113136292,0.5125554203987122,0.059228722006082535
1.500000000000,180,0.0,0.0,1.0,-0.49833643436431885,34.35475540161133,0.41920027136802673,66.75724029541016,7.242684841156006,-0.6122834086418152,1.2503538131713867,asphalt,0.0,0.0,1.0,900.1078590628111,1,-3.688509941101074,-5.8148722648620605,128.93565239385853,160.0,-0.0,7045.408832813284,4726.591167186716,1.642048954963684,64.6873730403665,True,-0.0,True,0,0,-0.3835974931716919,17.46004867553711,0.08259805291891098,False,True,-1.8384730815887451,34.13418960571289,-1.4901161193847656e-08,0.0,0.0,1.0,2528.4453125,2528.4453125,0.34608379006385803,0.053916215896606445,0.0,asphalt,True,-1.196489930152893,35.68711471557617,-7.450580596923828e-09,0.0,0.0,1.0,4240.3720703125,4240.3720703125,0.3095417320728302,0.09045827388763428,0.0,asphalt,True,0.19456571340560913,33.29318618774414,-9.313225746154785e-09,0.0,0.0,1.0,1674.2347412109375,1674.2347412109375,0.36911508440971375,0.030884921550750732,0.0,grass,True,0.8365488052368164,34.84611511230469,3.725290298461914e-09,0.0,0.0,1.0,3347.259521484375,3347.259521484375,0.3325730860233307,0.06742691993713379,0.0,grass,420,-0.026343385301499957,68.55971140719696,1.457167719820518e-16,6.259491624784538,13.914643298254523,-1.001388821596162,1.1480677851245378,-1121.1544325812938,-2074.0268704115438,0.0,1092.9599999999998,366.7938596213572,2540.56201171875,True,0.0,419,0.00020713981345076046,-0.027449318124888163,25.870548355626937,1.214306433183765e-16,9.017060443073898,13.89395657449452,-1.001004570728831,0.9951303593279854,-2513.8069974925747,-3224.5980019036056,0.0,1092.9599999999998,827.8891485713251,4256.7646484375,True,0.0,419,6.431098710768743e-13,-0.02985330809930092,41.67594371692599,3.8163916471489756e-17,6.326472311950509,17.544295039831436,-1.0015572014207919,1.224709710519779,-194.46431721543013,-448.7012077638972,0.0,729.3608870799335,63.62735824218969,1658.2315673828125,True,0.0,419,3.7595095857961768e-06,-0.030042175542852767,22.24622761918495,2.7755575615628914e-17,9.073039367899144,17.50981028756526,-1.0010926788176648,1.0927194615259725,-566.9286280376809,-910.7548233415995,0.0,729.3608870799335,186.85465271930016,3333.912109375,True,0.0,419,2.714776326178009e-05,-1.8404765129089355,34.014923095703125,0.329718679189682,0.8059090375900269,0.21882568299770355,0.15671846270561218,0.5273189544677734,-1.177343726158142,35.55894088745117,0.32959267497062683,0.7750726342201233,-0.310864120721817,-0.19259829819202423,0.5152978301048279,0.1808861643075943,33.14623260498047,0.33020374178886414,0.3482394218444824,0.7590147256851196,0.5053073763847351,0.21746358275413513,0.8440188765525818,34.690250396728516,0.3300776779651642,0.11658934503793716,0.8269105553627014,0.5463970303535461,0.06384508311748505
1.550000000000,186,0.0,0.0,1.0,-0.5164257884025574,35.22077941894531,0.4192521870136261,71.50352478027344,5.7491350173950195,-0.53227698802948,1.2299540042877197,asphalt,0.0,0.0,1.0,900.0654198285227,1,-2.9846582412719727,-5.86648416519165,124.0468224219291,160.0,-0.0,6936.25128692846,4835.74871307154,1.6853327751159668,69.5638656781288,True,-0.0,True,0,0,-0.3324841856956482,17.128097534179688,0.08331084996461868,False,True,-1.8216140270233154,34.887882232666016,2.2351741790771484e-08,0.0,0.0,1.0,2440.427734375,2440.427734375,0.3474337160587311,0.0525662899017334,0.0,asphalt,True,-1.3109077215194702,36.4887809753418,-2.2351741790771484e-08,0.0,0.0,1.0,4148.32421875,4148.32421875,0.31142458319664,0.08857542276382446,0.0,asphalt,True,0.2742754817008972,34.21881866455078,2.421438694000244e-08,0.0,0.0,1.0,1754.55322265625,1754.55322265625,0.367330938577652,0.0326690673828125,0.0,grass,True,0.7849816083908081,35.81971740722656,2.60770320892334e-08,0.0,0.0,1.0,3443.267822265625,3443.267822265625,0.3313218057155609,0.06867820024490356,0.0,grass,426,-0.029657660520018538,68.55971140719696,5.551115123125783e-17,4.7468687791797315,14.147909103118504,-1.0020617860798118,1.2470814591053723,-819.5198245498922,-2031.2743224792018,0.0,1092.9599999999998,267.769191763543,2456.133544921875,True,0.0,425,0.00034166573497734586,-0.03048852109193677,25.870548355626937,2.3245294578089215e-16,7.576547737217108,14.124344781492717,-1.001327941472726,1.0784407972951706,-2132.127431504749,-3307.901149950607,0.0,1092.9599999999998,702.1841509246583,4163.48291015625,True,0.0,425,1.016845989170083e-12,-0.0325544360182112,41.67594371692599,0.0,4.814281958091826,17.87256537546444,-1.0022314779191428,1.307674438259333,-144.5256116775378,-446.11920200021456,0.0,729.3923033700263,47.231034900913,1741.65087890625,True,0.0,425,4.363247450813415e-06,-0.03269810695935865,22.24622761918495,-1.3877787807814457e-17,7.633031347834953,17.83615628361441,-1.0014136422090876,1.1664273714065356,-483.33254252488337,-939.8433647669583,0.0,729.3923033700263,159.29984210687272,3426.66943359375,True,0.0,425,3.8242203478427884e-05,-1.8259479999542236,34.771095275878906,0.329656183719635,0.7831986546516418,0.2127934843301773,0.16590116918087006,0.5601745843887329,-1.2928509712219238,36.36467742919922,0.3295956552028656,0.7533121109008789,-0.3019968867301941,-0.20506304502487183,0.5470538139343262,0.2603565752506256,34.072715759277344,0.33020204305648804,0.33832308650016785,0.7377117872238159,0.5364187359809875,0.23145994544029236,0.793453574180603,35.666297912597656,0.330141544342041,0.11318054050207138,0.8036612272262573,0.5802119970321655,0.0683579221367836
1.600000000000,192,0.0,0.0,1.0,-0.5320967435836792,36.07054901123047,0.4193359613418579,76.37547302246094,4.240617752075195,-0.4440220296382904,1.2205204963684082,asphalt,0.0,0.0,1.0,900.0396791317522,1,-2.2418129444122314,-5.739583492279053,119.49033248896922,160.0,-0.0,6811.130316024528,4960.869683975472,1.7297345399856567,74.5494887926532,True,-0.0,True,0,0,-0.2881273627281189,16.81367301940918,0.08367397636175156,False,True,-1.7922154664993286,35.62583923339844,-1.1175870895385742e-08,0.0,0.0,1.0,2349.63671875,2349.63671875,0.349099725484848,0.050900280475616455,0.0,asphalt,True,-1.4199241399765015,37.26445770263672,-3.725290298461914e-08,0.0,0.0,1.0,4050.02490234375,4050.02490234375,0.31335172057151794,0.08664828538894653,0.0,asphalt,True,0.353094220161438,35.13806915283203,-3.725290298461914e-08,0.0,0.0,1.0,1845.39501953125,1845.39501953125,0.36556515097618103,0.03443485498428345,0.0,grass,True,0.7253854274749756,36.77669143676758,2.2351741790771484e-08,0.0,0.0,1.0,3531.222900390625,3531.222900390625,0.3298170268535614,0.07018297910690308,0.0,grass,432,-0.03196780663880421,68.55971140719696,6.245004513516506e-17,3.2155387218726315,14.272489296912154,-1.0032807492315508,1.3491999003152397,-511.36880666904057,-1885.281638768083,0.0,1092.9599999999998,166.63508741377822,2363.683349609375,True,0.0,431,0.0004970328791676162,-0.03251343085263576,25.870548355626937,2.0816681711721685e-16,6.119411948752835,14.245198383616135,-1.0017533436662254,1.1650551754010732,-1722.6059335640982,-3335.8207333704336,0.0,1092.9599999999998,567.3161515110133,4067.782958984375,True,0.0,431,1.9426815345735873e-12,-0.03421420043193727,41.67594371692599,1.3877787807814457e-17,3.283248650199384,18.0941236273503,-1.0034388763524973,1.391295509125469,-90.46107013122348,-414.021934887723,0.0,729.4326647301355,29.48433849351204,1827.826171875,True,0.0,431,4.4049898787738875e-06,-0.03430804969393264,22.24622761918495,1.3877787807814457e-17,6.176459515552386,18.05547228498895,-1.001833033369763,1.241192376152045,-388.77572154430345,-945.348103268121,0.0,729.4326647301355,128.13256699643364,3518.782958984375,True,0.0,431,5.1762911929522784e-05,-1.7988208532333374,35.51128005981445,0.32962900400161743,0.7585000395774841,0.20618034899234772,0.17519383132457733,0.5928528308868408,-1.4029929637908936,37.14437484741211,0.32958412170410156,0.7296146750450134,-0.29239538311958313,-0.2173330932855606,0.5787345170974731,0.33924898505210876,34.99269485473633,0.3302168846130371,0.32757899165153503,0.7145100831985474,0.567464292049408,0.24525824189186096,0.7350767850875854,36.625789642333984,0.330172061920166,0.10952174663543701,0.7783557176589966,0.6139072775840759,0.07269974797964096
1.650000000000,198,0.0,0.0,1.0,-0.5457046031951904,36.90509033203125,0.41943246126174927,81.37345123291016,2.7272167205810547,-0.3503131866455078,1.2044799327850342,asphalt,0.0,0.0,1.0,900.0240666099586,1,-1.4823458194732666,-5.298190593719482,115.36114177735908,160.0,-0.0,6672.575676666643,5099.424323333357,1.7726492881774902,79.64213323932105,True,-0.0,True,0,0,-0.25132107734680176,16.525644302368164,0.08361580967903137,False,True,-1.7501944303512573,36.350406646728516,2.2351741790771484e-08,0.0,0.0,1.0,2286.859375,2286.859375,0.3507098853588104,0.04929012060165405,0.0,asphalt,True,-1.5226714611053467,38.015296936035156,2.2351741790771484e-08,0.0,0.0,1.0,3922.41650390625,3922.41650390625,0.3155435621738434,0.0844564437866211,0.0,asphalt,True,0.4295463263988495,36.052249908447266,-2.2351741790771484e-08,0.0,0.0,1.0,1985.1904296875,1985.1904296875,0.36355099081993103,0.03644901514053345,0.0,grass,True,0.6570692658424377,37.71714401245117,-1.4901161193847656e-08,0.0,0.0,1.0,3572.51611328125,3572.51611328125,0.328384667634964,0.07161533832550049,0.0,grass,438,-0.033439303854044804,68.55971140719696,0.0,1.67734562105285,14.298311448759254,-1.0065788291532358,1.454019314031123,-219.99973648950382,-1552.5839887826157,0.0,1092.9599999999998,71.07523208756955,2293.861328125,True,0.0,437,0.0009635456314921927,-0.03370636810547455,25.870548355626937,1.5265566588595902e-16,4.653291549647189,14.26600799380202,-1.0023903727836805,1.2554972078164024,-1279.8140383519078,-3261.9022012612995,0.0,1092.9599999999998,421.49295431693434,3946.921630859375,True,0.0,437,1.1368683772161603e-12,-0.03500728354972237,41.67594371692599,0.0,1.7449611945093804,18.21278078649293,-1.0066204358055404,1.4752781771922856,-39.411366162241926,-340.5375606627004,0.0,729.4709811816331,12.742217273449036,1956.77734375,True,0.0,437,3.6842389830064187e-06,-0.03505280981408137,22.24622761918495,6.938893903907228e-18,4.710877629816898,18.171577309478817,-1.0024554718138785,1.3171362586142756,-282.4603302269707,-905.7365341801722,0.0,729.4709811816331,93.09012662210829,3570.736328125,True,0.0,437,6.752431719270575e-05,-1.7590222358703613,36.23759841918945,0.3296782076358795,0.7317317128181458,0.19902880489826202,0.1844303011894226,0.6252532005310059,-1.5069769620895386,37.898956298828125,0.32952216267585754,0.7039408683776855,-0.2819767892360687,-0.2294805943965912,0.6101596355438232,0.4160853624343872,35.90734100341797,0.33029118180274963,0.3159225285053253,0.6893741488456726,0.5982605814933777,0.25892165303230286,0.6681307554244995,37.568695068359375,0.3301351070404053,0.10554187744855881,0.7509358525276184,0.6473250389099121,0.07698368281126022
1.700000000000,204,0.0,0.0,1.0,-0.5576361417770386,37.726051330566406,0.4195217788219452,86.4876480102539,1.219313621520996,-0.2539416551589966,1.1521327495574951,asphalt,0.0,0.0,1.0,900.0145971368153,1,-0.7887405157089233,-4.7189040184021,111.82955326533556,160.0,-0.0,6525.191090953928,5246.808909046072,1.8106635808944702,84.83143654057501,True,-0.0,True,0,0,-0.22258737683296204,16.276262283325195,0.08323107659816742,False,True,-1.6958034038543701,37.064945220947266,2.60770320892334e-08,0.0,0.0,1.0,2274.35205078125,2274.35205078125,0.35175755620002747,0.04824244976043701,0.0,asphalt,True,-1.618128776550293,38.74348068237305,2.2351741790771484e-08,0.0,0.0,1.0,3752.141357421875,3752.141357421875,0.31834813952445984,0.08165186643600464,0.0,asphalt,True,0.5018556714057922,36.96306610107422,-2.2351741790771484e-08,0.0,0.0,1.0,2185.19775390625,2185.19775390625,0.36089470982551575,0.03910529613494873,0.0,grass,True,0.5795301795005798,38.6416015625,-2.2351741790771484e-08,0.0,0.0,1.0,3547.766845703125,3547.766845703125,0.3274852931499481,0.07251471281051636,0.0,grass,444,-0.03374354911199859,68.55971140719696,0.0,0.14512958600233133,14.237523289402226,-0.15626495720929087,1.500674549225377,-16.751638994449163,-1271.8744366891306,0.0,1092.9599999999998,4.578133949817195,2275.611083984375,True,0.0,443,0.00021152943984200395,-0.033813944647158,25.870548355626937,-9.020562075079397e-17,3.1849552605794207,14.200950348042982,-1.0035035348444838,1.350169568121983,-813.7139516519284,-3012.906695110751,0.0,1092.9599999999998,267.9831730098528,3780.246826171875,True,0.0,443,2.8421709430404007e-12,-0.03468480483841415,41.67594371692599,0.0,0.2125822081108732,18.233558407490275,-0.22402819370754987,1.516007285382802,-4.359910405208119,-295.7094515710858,0.0,729.4841194162263,1.2782072281180152,2153.828369140625,True,0.0,443,1.8068207537460734e-06,-0.03469740979280183,22.24622761918495,0.0,3.2431612550289683,18.1901775304486,-1.003530550697678,1.3943583774064063,-171.595780592083,-799.2140718731375,0.0,729.4841194162263,56.54910535964432,3551.20556640625,True,0.0,443,8.070043903864731e-05,-1.706760287284851,36.953121185302734,0.3298002779483795,0.7028520703315735,0.19149185717105865,0.19336369633674622,0.6572216153144836,-1.6038151979446411,38.63029479980469,0.3294230103492737,0.6763498187065125,-0.27059388160705566,-0.24160978198051453,0.6410573720932007,0.4891149401664734,36.81816101074219,0.3304157257080078,0.30320945382118225,0.6623701453208923,0.6285308599472046,0.2725410759449005,0.5920600295066833,38.49533462524414,0.3300383985042572,0.10108394175767899,0.7214236855506897,0.6802262663841248,0.08137586712837219
1.741666666667,209,0.0,0.0,1.0,-0.5666115283966064,38.40104675292969,0.41957902908325195,90.83206939697266,-0.027495399117469788,-0.174780011177063,1.080728530883789,asphalt,0.0,0.0,1.0,900.0096230256734,1,-0.2544699013233185,-4.324360370635986,109.22666308381041,160.0,-0.0,6401.45481453013,5370.54518546987,1.8420995473861694,89.21605358872837,True,-0.0,True,0,0,-0.2061699777841568,16.089120864868164,0.08265748620033264,False,True,-1.6413772106170654,37.65482711791992,1.1175870895385742e-08,0.0,0.0,1.0,2273.3046875,2273.3046875,0.3522128164768219,0.04778718948364258,0.0,asphalt,True,-1.6915162801742554,39.33436965942383,-1.4901161193847656e-08,0.0,0.0,1.0,3614.91845703125,3614.91845703125,0.32099178433418274,0.07900822162628174,0.0,asphalt,True,0.5576549172401428,37.720359802246094,1.862645149230957e-08,0.0,0.0,1.0,2333.454345703125,2333.454345703125,0.3583316504955292,0.0416683554649353,0.0,grass,True,0.5075158476829529,39.399898529052734,-3.725290298461914e-08,0.0,0.0,1.0,3531.478271484375,3531.478271484375,0.32711073756217957,0.07288926839828491,0.0,grass,449,-0.03262964942073854,68.55971140719696,-2.7755575615628914e-17,-1.1241599902788804,14.101394624541793,0.9904214841286316,1.4912447913970195,126.25622055026366,-1332.5593379368077,0.0,1092.9599999999998,-42.16397380723812,2273.00927734375,True,0.0,448,0.0003862809952363193,-0.03257310433032687,25.870548355626937,5.551115123125783e-17,1.9679734155507007,14.06339421678636,-1.005462027253046,1.431763275362841,-439.8621712023851,-2605.1972883534218,0.0,1092.9599999999998,144.85370226729634,3641.716796875,True,0.0,448,3.764133255377443e-12,-0.033088708089059685,41.67594371692599,0.0,-1.0565376946504519,18.16512139975067,0.9896650410821336,1.512698795534663,22.335499098165858,-323.3549403290486,0.0,729.4688074238503,-7.453353913554769,2305.13916015625,True,0.0,448,1.0676857109557122e-05,-0.033078177331217574,22.24622761918495,1.3877787807814457e-17,2.027284430894525,18.1203714980166,-1.0053844435210726,1.4593808966696633,-88.83024694000021,-658.112095032467,0.0,729.4688074238503,29.27036388606182,3534.331787109375,True,0.0,448,8.287209462380612e-05,-1.6540026664733887,37.54338836669922,0.32987263798713684,0.6771812438964844,0.1849180907011032,0.20053836703300476,0.6833850741386414,-1.6784025430679321,39.2234992980957,0.3294014036655426,0.6519001722335815,-0.26037532091140747,-0.2516454756259918,0.6662622094154358,0.5457754135131836,37.57522201538086,0.33046597242355347,0.2918124198913574,0.638447105884552,0.6532172560691833,0.28379231691360474,0.5213755965232849,39.255332946777344,0.3299945890903473,0.09700573235750198,0.6952401995658875,0.7070993781089783,0.08509599417448044
