tick,phase,speed,throttle_command,brake_command,throttle_executed,gear,pending_gear,shift_phase,clutch_capacity,drive_torque,reverse_wait,wheel_energy,engine_rpm
1,settle,0.0,0.0,0.0,0.0,1,1,engaged,0.0,0.0,0.0,0.0,900.0
2,settle,0.0,0.0,0.0,0.0,1,1,engaged,0.0,0.0,0.0,0.0,900.0
3,settle,0.0,0.0,0.0,0.0,1,1,engaged,0.0,0.0,0.0,0.0,900.0
4,settle,0.0,0.0,0.0,0.0,1,1,engaged,0.0,0.0,0.0,0.0,900.0
5,settle,0.0,0.0,0.0,0.0,1,1,engaged,0.0,0.0,0.0,0.0,900.0
6,settle,0.0,0.0,0.0,0.0,1,1,engaged,0.0,0.0,0.0,0.0,900.0
7,settle,0.0,0.0,0.0,0.0,1,1,engaged,0.0,0.0,0.0,0.0,900.0
8,settle,0.0,0.0,0.0,0.0,1,1,engaged,0.0,0.0,0.0,0.0,900.0
9,settle,0.0,0.0,0.0,0.0,1,1,engaged,0.0,0.0,0.0,0.0,900.0
10,settle,0.0,0.0,0.0,0.0,1,1,engaged,0.0,0.0,0.0,0.0,900.0
11,settle,0.0,0.0,0.0,0.0,1,1,engaged,0.0,0.0,0.0,0.0,900.0
12,settle,0.0,0.0,0.0,0.0,1,1,engaged,0.0,0.0,0.0,0.0,900.0
13,settle,0.0,0.0,0.0,0.0,1,1,engaged,0.0,0.0,0.0,0.0,900.0
14,settle,9.484859765507281e-05,0.0,0.0,0.0,1,1,engaged,0.0,0.0,0.0,0.0,900.0
15,settle,0.0001683000155026093,0.0,0.0,0.0,1,1,engaged,0.0,0.0,0.0,8.823150479909768e-06,900.0000000002346
16,settle,0.00024513195967301726,0.0,0.0,0.0,1,1,engaged,0.0,0.0,0.0,2.75811023554602e-05,900.0000000001205
17,settle,0.00032918876968324184,0.0,0.0,0.0,1,1,engaged,0.0,0.0,0.0,3.930106841662739e-05,899.9999999999228
18,settle,0.0004198708338662982,0.0,0.0,0.0,1,1,engaged,0.0,0.0,0.0,3.799434879599235e-05,900.0000000000066
19,settle,0.00051278987666592,0.0,0.0,0.0,1,1,engaged,0.0,0.0,0.0,3.0326734087054853e-05,900.0000000024369
20,settle,0.0006039275322109461,0.0,0.0,0.0,1,1,engaged,0.0,0.0,0.0,2.3218084843746585e-05,900.0000000038704
21,settle,0.0006909735966473818,0.0,0.0,0.0,1,1,engaged,0.0,0.0,0.0,1.9284685649243708e-05,900.0000000041296
22,settle,0.0007733303937129676,0.0,0.0,0.0,1,1,engaged,0.0,0.0,0.0,1.8370292336971445e-05,900.0000000035346
23,settle,0.0008514727815054357,0.0,0.0,0.0,1,1,engaged,0.0,0.0,0.0,1.9552524823444474e-05,900.0000000025431
24,settle,0.0009262355742976069,0.0,0.0,0.0,1,1,engaged,0.0,0.0,0.0,2.192236022214607e-05,900.0000000015236
25,settle,0.0009983363561332226,0.0,0.0,0.0,1,1,engaged,0.0,0.0,0.0,2.4766906703036714e-05,900.0000000006759
26,settle,0.001068192650564015,0.0,0.0,0.0,1,1,engaged,0.0,0.0,0.0,2.765890655118026e-05,900.0000000000518
27,settle,0.0011359514901414514,0.0,0.0,0.0,1,1,engaged,0.0,0.0,0.0,3.0470387021668123e-05,899.9999999996181
28,settle,0.0012016106629744172,0.0,0.0,0.0,1,1,engaged,0.0,0.0,0.0,3.327767343236326e-05,899.9999999993187
29,settle,0.0012651380384340882,0.0,0.0,0.0,1,1,engaged,0.0,0.0,0.0,3.622675802551163e-05,899.9999999991104
30,settle,0.0013265418820083141,0.0,0.0,0.0,1,1,engaged,0.0,0.0,0.0,3.943655756225031e-05,899.9999999989756
31,settle,0.0013858935562893748,0.0,0.0,0.0,1,1,engaged,0.0,0.0,0.0,4.296248067820166e-05,899.9999999989178
32,settle,0.0014433125033974648,0.0,0.0,0.0,1,1,engaged,0.0,0.0,0.0,4.680371818677132e-05,899.9999999989489
33,settle,0.0014989442424848676,0.0,0.0,0.0,1,1,engaged,0.0,0.0,0.0,5.0928015980813384e-05,899.9999999990797
34,settle,0.0015529376687482,0.0,0.0,0.0,1,1,engaged,0.0,0.0,0.0,5.5297143931707924e-05,899.9999999993137
35,settle,0.0016054331790655851,0.0,0.0,0.0,1,1,engaged,0.0,0.0,0.0,5.988198132774239e-05,899.9999999996442
36,settle,0.0016569688450545073,0.0,0.0,0.0,1,1,engaged,0.0,0.0,0.0,6.464201578729749e-05,900.0000000000449
37,settle,0.0017080651596188545,0.0,0.0,0.0,1,1,engaged,0.0,0.0,0.0,6.903445619732094e-05,900.0000000005288
38,settle,0.0017585780005902052,0.0,0.0,0.0,1,1,engaged,0.0,0.0,0.0,7.322500286667623e-05,900.0000000010775
39,settle,0.0018083365866914392,0.0,0.0,0.0,1,1,engaged,0.0,0.0,0.0,7.747656334784116e-05,900.000000001667
40,settle,0.0018572233384475112,0.0,0.0,0.0,1,1,engaged,0.0,0.0,0.0,8.200326396611955e-05,900.0000000022708
41,settle,0.0019051958806812763,0.0,0.0,0.0,1,1,engaged,0.0,0.0,0.0,8.691382911584888e-05,900.0000000028649
42,settle,0.0019522731890901923,0.0,0.0,0.0,1,1,engaged,0.0,0.0,0.0,9.222357260657735e-05,900.0000000034286
43,settle,0.001998507184907794,0.0,0.0,0.0,1,1,engaged,0.0,0.0,0.0,9.789573576255365e-05,900.0000000039439
44,settle,0.002043958520516753,0.0,0.0,0.0,1,1,engaged,0.0,0.0,0.0,0.00010388162080645555,900.000000004397
45,settle,0.0020886848215013742,0.0,0.0,0.0,1,1,engaged,0.0,0.0,0.0,0.00011014454937223845,900.0000000047769
46,settle,0.0021327382419258356,0.0,0.0,0.0,1,1,engaged,0.0,0.0,0.0,0.00011666804323240788,900.0000000050753
47,settle,0.0021761655807495117,0.0,0.0,0.0,1,1,engaged,0.0,0.0,0.0,0.000123451749868213,900.0000000052877
48,settle,0.0022190148010849953,0.0,0.0,0.0,1,1,engaged,0.0,0.0,0.0,0.000130502013354286,900.0000000054126
49,settle,0.002261336427181959,0.0,0.0,0.0,1,1,engaged,0.0,0.0,0.0,0.00013782338207929306,900.0000000054507
50,settle,0.0023031837772578,0.0,0.0,0.0,1,1,engaged,0.0,0.0,0.0,0.00014541517690482182,900.0000000054064
51,settle,0.0023446157574653625,0.0,0.0,0.0,1,1,engaged,0.0,0.0,0.0,0.00015326981609493684,900.0000000052866
52,settle,0.0023856910411268473,0.0,0.0,0.0,1,1,engaged,0.0,0.0,0.0,0.0001613748962143345,900.000000005101
53,settle,0.0024264694657176733,0.0,0.0,0.0,1,1,engaged,0.0,0.0,0.0,0.00016971403866097067,900.0000000048606
54,settle,0.0024670108687132597,0.0,0.0,0.0,1,1,engaged,0.0,0.0,0.0,0.00017826903179965356,900.000000004578
55,settle,0.0025073715951293707,0.0,0.0,0.0,1,1,engaged,0.0,0.0,0.0,0.00018702145157363604,900.0000000042668
56,settle,0.002547606360167265,0.0,0.0,0.0,1,1,engaged,0.0,0.0,0.0,0.00019595236974362287,900.000000003941
57,settle,0.0025877668522298336,0.0,0.0,0.0,1,1,engaged,0.0,0.0,0.0,0.00020504276869475827,900.000000003614
58,settle,0.0026279031299054623,0.0,0.0,0.0,1,1,engaged,0.0,0.0,0.0,0.00021427312710719018,900.0000000032987
59,settle,0.002668059663847089,0.0,0.0,0.0,1,1,engaged,0.0,0.0,0.0,0.00022362470293209945,900.0000000030074
60,settle,0.002708279062062502,0.0,0.0,0.0,1,1,engaged,0.0,0.0,0.0,0.00023307769197208216,900.0000000027499
61,settle,0.002748599275946617,0.0,0.0,0.0,1,1,engaged,0.0,0.0,0.0,0.00024261350198396487,900.0000000025353
62,settle,0.002789055462926626,0.0,0.0,0.0,1,1,engaged,0.0,0.0,0.0,0.00025221371715657766,900.0000000023701
63,settle,0.002829677890986204,0.0,0.0,0.0,1,1,engaged,0.0,0.0,0.0,0.0002618617824070008,900.0000000022593
64,settle,0.002870492171496153,0.0,0.0,0.0,1,1,engaged,0.0,0.0,0.0,0.00027154274054601237,900.000000002205
65,settle,0.002911520656198263,0.0,0.0,0.0,1,1,engaged,0.0,0.0,0.0,0.00028124267469564453,900.0000000022075
66,settle,0.0029527817387133837,0.0,0.0,0.0,1,1,engaged,0.0,0.0,0.0,0.00029095008859905767,900.0000000022648
67,settle,0.002994328271597624,0.0,0.0,0.0,1,1,engaged,0.0,0.0,0.0,0.00030065544465409023,900.0000000023751
68,settle,0.00303639005869627,0.0,0.0,0.0,1,1,engaged,0.0,0.0,0.0,0.00030997041723305547,900.0000000025344
69,settle,0.00307890260592103,0.0,0.0,0.0,1,1,engaged,0.0,0.0,0.0,0.00031899055982147467,900.0000000027377
70,settle,0.0031217848882079124,0.0,0.0,0.0,1,1,engaged,0.0,0.0,0.0,0.0003278819542186183,900.0000000029756
71,settle,0.0031649668235331774,0.0,0.0,0.0,1,1,engaged,0.0,0.0,0.0,0.000336785365102272,900.0000000032375
72,settle,0.003208398586139083,0.0,0.0,0.0,1,1,engaged,0.0,0.0,0.0,0.00034577991989055245,900.0000000035117
73,settle,0.0032520468812435865,0.0,0.0,0.0,1,1,engaged,0.0,0.0,0.0,0.0003548876893818637,900.0000000037875
74,settle,0.003295889124274254,0.0,0.0,0.0,1,1,engaged,0.0,0.0,0.0,0.0003640967330950541,900.0000000040546
75,settle,0.003339905757457018,0.0,0.0,0.0,1,1,engaged,0.0,0.0,0.0,0.0003733870277957767,900.0000000043037
76,settle,0.0033840781543403864,0.0,0.0,0.0,1,1,engaged,0.0,0.0,0.0,0.0003827443090050817,900.000000004527
77,settle,0.0034283853601664305,0.0,0.0,0.0,1,1,engaged,0.0,0.0,0.0,0.00039216690476338894,900.0000000047177
78,settle,0.0034728057216852903,0.0,0.0,0.0,1,1,engaged,0.0,0.0,0.0,0.000401662930822187,900.0000000048705
79,settle,0.003517319681122899,0.0,0.0,0.0,1,1,engaged,0.0,0.0,0.0,0.00041124432867587906,900.0000000049813
80,settle,0.003561906749382615,0.0,0.0,0.0,1,1,engaged,0.0,0.0,0.0,0.0004209240440446181,900.0000000050477
81,settle,0.00360655109398067,0.0,0.0,0.0,1,1,engaged,0.0,0.0,0.0,0.00043071273481356967,900.0000000050688
82,settle,0.00365123781375587,0.0,0.0,0.0,1,1,engaged,0.0,0.0,0.0,0.00044061789111255476,900.000000005045
83,settle,0.0036959550343453884,0.0,0.0,0.0,1,1,engaged,0.0,0.0,0.0,0.00045064462223315144,900.0000000049782
84,settle,0.003740691812708974,0.0,0.0,0.0,1,1,engaged,0.0,0.0,0.0,0.0004607973399727672,900.0000000048718
85,settle,0.003785438369959593,0.0,0.0,0.0,1,1,engaged,0.0,0.0,0.0,0.0004710794749384964,900.0000000047306
86,settle,0.003830186789855361,0.0,0.0,0.0,1,1,engaged,0.0,0.0,0.0,0.00048149484169741447,900.0000000045593
87,settle,0.003874929388985038,0.0,0.0,0.0,1,1,engaged,0.0,0.0,0.0,0.000492047327874952,900.0000000043646
88,settle,0.003919659648090601,0.0,0.0,0.0,1,1,engaged,0.0,0.0,0.0,0.000502740288828653,900.0000000041522
89,settle,0.003964372910559177,0.0,0.0,0.0,1,1,engaged,0.0,0.0,0.0,0.0005135766148145612,900.0000000039297
90,settle,0.004009064752608538,0.0,0.0,0.0,1,1,engaged,0.0,0.0,0.0,0.0005245590615488645,900.0000000037039
91,settle,0.004053731914609671,0.0,0.0,0.0,1,1,engaged,0.0,0.0,0.0,0.0005356896896179424,900.0000000034814
92,settle,0.00409837206825614,0.0,0.0,0.0,1,1,engaged,0.0,0.0,0.0,0.0005469702742024272,900.0000000032683
93,settle,0.0041429828852415085,0.0,0.0,0.0,1,1,engaged,0.0,0.0,0.0,0.0005584028087360888,900.000000003071
94,settle,0.004187562968581915,0.0,0.0,0.0,1,1,engaged,0.0,0.0,0.0,0.0005699876734277771,900.0000000028942
95,settle,0.004232111386954784,0.0,0.0,0.0,1,1,engaged,0.0,0.0,0.0,0.0005817255000153459,900.0000000027422
96,settle,0.004276628140360117,0.0,0.0,0.0,1,1,engaged,0.0,0.0,0.0,0.0005936174737298069,900.0000000026187
97,settle,0.004321112763136625,0.0,0.0,0.0,1,1,engaged,0.0,0.0,0.0,0.0006056638130195616,900.0000000025253
98,settle,0.004365565720945597,0.0,0.0,0.0,1,1,engaged,0.0,0.0,0.0,0.0006178653971743567,900.0000000024636
99,settle,0.0044099874794483185,0.0,0.0,0.0,1,1,engaged,0.0,0.0,0.0,0.0006302214945191897,900.0000000024344
100,settle,0.00445437990128994,0.0,0.0,0.0,1,1,engaged,0.0,0.0,0.0,0.0006427321185299796,900.0000000024369
101,settle,0.004498742986470461,0.0,0.0,0.0,1,1,engaged,0.0,0.0,0.0,0.0006553965340815852,900.0000000024693
102,settle,0.004543078597635031,0.0,0.0,0.0,1,1,engaged,0.0,0.0,0.0,0.0006682141197741015,900.0000000025295
103,settle,0.004587387200444937,0.0,0.0,0.0,1,1,engaged,0.0,0.0,0.0,0.0006811839293682416,900.0000000026143
104,settle,0.004631670191884041,0.0,0.0,0.0,1,1,engaged,0.0,0.0,0.0,0.0006943058917380279,900.0000000027198
105,settle,0.004675930365920067,0.0,0.0,0.0,1,1,engaged,0.0,0.0,0.0,0.0007075792020792643,900.0000000028423
106,settle,0.004720168188214302,0.0,0.0,0.0,1,1,engaged,0.0,0.0,0.0,0.0007210026849266652,900.0000000029771
107,settle,0.00476438645273447,0.0,0.0,0.0,1,1,engaged,0.0,0.0,0.0,0.0007345750294466966,900.0000000031202
108,settle,0.004808585159480572,0.0,0.0,0.0,1,1,engaged,0.0,0.0,0.0,0.0007482946277923338,900.0000000032667
109,settle,0.004852773621678352,0.0,0.0,0.0,1,1,engaged,0.0,0.0,0.0,0.0007621476270383771,900.0000000034121
110,settle,0.004896956495940685,0.0,0.0,0.0,1,1,engaged,0.0,0.0,0.0,0.0007761106225950722,900.0000000035526
111,settle,0.004941132385283709,0.0,0.0,0.0,1,1,engaged,0.0,0.0,0.0,0.0007901935216448254,900.0000000036846
112,settle,0.004985298495739698,0.0,0.0,0.0,1,1,engaged,0.0,0.0,0.0,0.0008044126910732502,900.0000000038043
113,settle,0.00502945389598608,0.0,0.0,0.0,1,1,engaged,0.0,0.0,0.0,0.0008187782729716391,900.0000000039087
114,settle,0.005073596723377705,0.0,0.0,0.0,1,1,engaged,0.0,0.0,0.0,0.0008332963181194683,900.0000000039961
115,settle,0.005117728374898434,0.0,0.0,0.0,1,1,engaged,0.0,0.0,0.0,0.0008479665038607651,900.0000000040645
116,settle,0.005161848850548267,0.0,0.0,0.0,1,1,engaged,0.0,0.0,0.0,0.0008627852268712893,900.0000000041127
117,settle,0.005205959547311068,0.0,0.0,0.0,1,1,engaged,0.0,0.0,0.0,0.0008777496243122969,900.000000004141
118,settle,0.005250061396509409,0.0,0.0,0.0,1,1,engaged,0.0,0.0,0.0,0.0008928579205274873,900.0000000041491
119,settle,0.005294153932482004,0.0,0.0,0.0,1,1,engaged,0.0,0.0,0.0,0.0009081083313234961,900.0000000041384
120,settle,0.005338238086551428,0.0,0.0,0.0,1,1,engaged,0.0,0.0,0.0,0.0009235001529400575,900.0000000041096
121,settle,0.005382314790040255,0.0,0.0,0.0,1,1,engaged,0.0,0.0,0.0,0.0009390329243326003,900.0000000040649
122,settle,0.005426385905593634,0.0,0.0,0.0,1,1,engaged,0.0,0.0,0.0,0.0009547059007193062,900.0000000040066
123,settle,0.00547045050188899,0.0,0.0,0.0,1,1,engaged,0.0,0.0,0.0,0.0009705187941468641,900.0000000039366
124,settle,0.005514509975910187,0.0,0.0,0.0,1,1,engaged,0.0,0.0,0.0,0.000986470154834751,900.0000000038581
125,settle,0.0055585638619959354,0.0,0.0,0.0,1,1,engaged,0.0,0.0,0.0,0.0010025593356205644,900.0000000037734
126,settle,0.00560261495411396,0.0,0.0,0.0,1,1,engaged,0.0,0.0,0.0,0.0010187856051139012,900.0000000036856
127,settle,0.005646662786602974,0.0,0.0,0.0,1,1,engaged,0.0,0.0,0.0,0.001035148231158266,900.0000000035972
128,settle,0.005690708290785551,0.0,0.0,0.0,1,1,engaged,0.0,0.0,0.0,0.001051643578164045,900.0000000035104
129,settle,0.005734752397984266,0.0,0.0,0.0,1,1,engaged,0.0,0.0,0.0,0.0010682718193710473,900.0000000034277
130,settle,0.005778795573860407,0.0,0.0,0.0,1,1,engaged,0.0,0.0,0.0,0.0010850324478689274,900.0000000033513
131,settle,0.005822837818413973,0.0,0.0,0.0,1,1,engaged,0.0,0.0,0.0,0.0011019247605613203,900.0000000032829
132,settle,0.005866880062967539,0.0,0.0,0.0,1,1,engaged,0.0,0.0,0.0,0.001118947152820488,900.0000000032237
133,settle,0.005910923238843679,0.0,0.0,0.0,1,1,engaged,0.0,0.0,0.0,0.001136097116976904,900.0000000031749
134,settle,0.005954966880381107,0.0,0.0,0.0,1,1,engaged,0.0,0.0,0.0,0.0011533746632397064,900.0000000031373
135,settle,0.005999013781547546,0.0,0.0,0.0,1,1,engaged,0.0,0.0,0.0,0.0011707791778052465,900.0000000031109
136,settle,0.00604306161403656,0.0,0.0,0.0,1,1,engaged,0.0,0.0,0.0,0.0011883107873320996,900.0000000030959
137,settle,0.00608711177483201,0.0,0.0,0.0,1,1,engaged,0.0,0.0,0.0,0.00120596741586209,900.0000000030918
138,settle,0.006131164729595184,0.0,0.0,0.0,1,1,engaged,0.0,0.0,0.0,0.0012237489698801378,900.0000000030981
139,settle,0.006175220478326082,0.0,0.0,0.0,1,1,engaged,0.0,0.0,0.0,0.0012416546064069876,900.0000000031139
140,settle,0.006219279952347279,0.0,0.0,0.0,1,1,engaged,0.0,0.0,0.0,0.0012596825013279414,900.0000000031376
141,settle,0.006263343151658773,0.0,0.0,0.0,1,1,engaged,0.0,0.0,0.0,0.0012778283045836063,900.0000000031687
142,settle,0.006307412404567003,0.0,0.0,0.0,1,1,engaged,0.0,0.0,0.0,0.001296090687943036,900.0000000032055
143,settle,0.006351486314088106,0.0,0.0,0.0,1,1,engaged,0.0,0.0,0.0,0.0013144686052154698,900.0000000032466
144,settle,0.006395564414560795,0.0,0.0,0.0,1,1,engaged,0.0,0.0,0.0,0.0013329647404516291,900.0000000032903
145,settle,0.006439647171646357,0.0,0.0,0.0,1,1,engaged,0.0,0.0,0.0,0.0013515794649474459,900.0000000033356
146,settle,0.006483732722699642,0.0,0.0,0.0,1,1,engaged,0.0,0.0,0.0,0.0013703155831371514,900.0000000033809
147,settle,0.006527820602059364,0.0,0.0,0.0,1,1,engaged,0.0,0.0,0.0,0.0013891732563789433,900.0000000034255
148,settle,0.00657191127538681,0.0,0.0,0.0,1,1,engaged,0.0,0.0,0.0,0.001408152626137328,900.0000000034677
149,settle,0.006616003345698118,0.0,0.0,0.0,1,1,engaged,0.0,0.0,0.0,0.001427254402603639,900.0000000035066
150,settle,0.006660097278654575,0.0,0.0,0.0,1,1,engaged,0.0,0.0,0.0,0.0014464785716038194,900.0000000035415
151,settle,0.006704194471240044,0.0,0.0,0.0,1,1,engaged,0.0,0.0,0.0,0.0014658250054570279,900.0000000035717
152,settle,0.006748292129486799,0.0,0.0,0.0,1,1,engaged,0.0,0.0,0.0,0.0014852952246979883,900.0000000035972
153,settle,0.0067923907190561295,0.0,0.0,0.0,1,1,engaged,0.0,0.0,0.0,0.0015048901509742089,900.0000000036174
154,settle,0.006836491171270609,0.0,0.0,0.0,1,1,engaged,0.0,0.0,0.0,0.001524608328479836,900.0000000036324
155,settle,0.006880592089146376,0.0,0.0,0.0,1,1,engaged,0.0,0.0,0.0,0.0015444504783419283,900.0000000036422
156,settle,0.006924693007022142,0.0,0.0,0.0,1,1,engaged,0.0,0.0,0.0,0.001564419290832171,900.0000000036468
157,settle,0.006968795321881771,0.0,0.0,0.0,1,1,engaged,0.0,0.0,0.0,0.0015845146984685562,900.000000003647
158,settle,0.007012898102402687,0.0,0.0,0.0,1,1,engaged,0.0,0.0,0.0,0.001604737141491379,900.0000000036431
159,settle,0.00705700134858489,0.0,0.0,0.0,1,1,engaged,0.0,0.0,0.0,0.0016250869584015133,900.0000000036356
160,settle,0.007101104594767094,0.0,0.0,0.0,1,1,engaged,0.0,0.0,0.0,0.0016455632620435334,900.0000000036252
161,settle,0.007145206909626722,0.0,0.0,0.0,1,1,engaged,0.0,0.0,0.0,0.0016661668917229504,900.0000000036123
162,settle,0.007189309224486351,0.0,0.0,0.0,1,1,engaged,0.0,0.0,0.0,0.0016868981471547355,900.0000000035973
163,settle,0.00723341153934598,0.0,0.0,0.0,1,1,engaged,0.0,0.0,0.0,0.001707757067728858,900.0000000035814
164,settle,0.007277513854205608,0.0,0.0,0.0,1,1,engaged,0.0,0.0,0.0,0.0017287441205241032,900.0000000035649
165,settle,0.007321616169065237,0.0,0.0,0.0,1,1,engaged,0.0,0.0,0.0,0.001749860837693092,900.0000000035479
166,settle,0.007365717552602291,0.0,0.0,0.0,1,1,engaged,0.0,0.0,0.0,0.0017711057129892282,900.0000000035313
167,settle,0.007409818936139345,0.0,0.0,0.0,1,1,engaged,0.0,0.0,0.0,0.0017924787984521925,900.0000000035154
168,settle,0.007453920319676399,0.0,0.0,0.0,1,1,engaged,0.0,0.0,0.0,0.0018139815748479584,900.0000000035003
169,settle,0.007498020771890879,0.0,0.0,0.0,1,1,engaged,0.0,0.0,0.0,0.001835614018252146,900.0000000034862
170,settle,0.0075421202927827835,0.0,0.0,0.0,1,1,engaged,0.0,0.0,0.0,0.0018573758148948643,900.0000000034736
171,settle,0.007586219348013401,0.0,0.0,0.0,1,1,engaged,0.0,0.0,0.0,0.001879267061265834,900.0000000034624
172,settle,0.0076303184032440186,0.0,0.0,0.0,1,1,engaged,0.0,0.0,0.0,0.0019012875527981477,900.0000000034526
173,settle,0.0076744165271520615,0.0,0.0,0.0,1,1,engaged,0.0,0.0,0.0,0.0019234368924220388,900.0000000034441
174,settle,0.007718514651060104,0.0,0.0,0.0,1,1,engaged,0.0,0.0,0.0,0.0019457152000485834,900.0000000034374
175,settle,0.007762612774968147,0.0,0.0,0.0,1,1,engaged,0.0,0.0,0.0,0.0019681230973178773,900.0000000034319
176,settle,0.007806710433214903,0.0,0.0,0.0,1,1,engaged,0.0,0.0,0.0,0.0019906606877961837,900.0000000034272
177,settle,0.007850808091461658,0.0,0.0,0.0,1,1,engaged,0.0,0.0,0.0,0.0020133277983398036,900.0000000034237
178,settle,0.007894905284047127,0.0,0.0,0.0,1,1,engaged,0.0,0.0,0.0,0.0020361259132636745,900.0000000034211
179,settle,0.00793900154531002,0.0,0.0,0.0,1,1,engaged,0.0,0.0,0.0,0.0020590540881599622,900.0000000034191
180,settle,0.007983097806572914,0.0,0.0,0.0,1,1,engaged,0.0,0.0,0.0,0.002082112937061312,900.0000000034179
181,settle,0.008027192205190659,0.0,0.0,0.0,1,1,engaged,0.0,0.0,0.0,0.00210530143245948,900.0000000034169
182,settle,0.008071286603808403,0.0,0.0,0.0,1,1,engaged,0.0,0.0,0.0,0.0021286190442072954,900.0000000034164
183,settle,0.008115381002426147,0.0,0.0,0.0,1,1,engaged,0.0,0.0,0.0,0.002152065748613547,900.0000000034164
184,settle,0.008159475401043892,0.0,0.0,0.0,1,1,engaged,0.0,0.0,0.0,0.002175641382448284,900.0000000034166
185,settle,0.008203569799661636,0.0,0.0,0.0,1,1,engaged,0.0,0.0,0.0,0.0021993459307464826,900.0000000034173
186,settle,0.00824766419827938,0.0,0.0,0.0,1,1,engaged,0.0,0.0,0.0,0.0022231792132621935,900.0000000034179
187,settle,0.008291758596897125,0.0,0.0,0.0,1,1,engaged,0.0,0.0,0.0,0.0022471398419306884,900.0000000034189
188,settle,0.00833585299551487,0.0,0.0,0.0,1,1,engaged,0.0,0.0,0.0,0.0022712306543353463,900.0000000034203
189,settle,0.008379947394132614,0.0,0.0,0.0,1,1,engaged,0.0,0.0,0.0,0.0022954517054053253,900.0000000034222
190,settle,0.008424041792750359,0.0,0.0,0.0,1,1,engaged,0.0,0.0,0.0,0.002319800930086886,900.0000000034242
191,settle,0.008468136191368103,0.0,0.0,0.0,1,1,engaged,0.0,0.0,0.0,0.0023442803427965084,900.000000003427
192,settle,0.008512230589985847,0.0,0.0,0.0,1,1,engaged,0.0,0.0,0.0,0.0023688904096877917,900.0000000034307
193,settle,0.008556324988603592,0.0,0.0,0.0,1,1,engaged,0.0,0.0,0.0,0.0023936302804567107,900.0000000034346
194,settle,0.008600419387221336,0.0,0.0,0.0,1,1,engaged,0.0,0.0,0.0,0.0024185000546660244,900.0000000034394
195,settle,0.00864451378583908,0.0,0.0,0.0,1,1,engaged,0.0,0.0,0.0,0.0024434988293756694,900.0000000034446
196,settle,0.008688608184456825,0.0,0.0,0.0,1,1,engaged,0.0,0.0,0.0,0.002468626198187068,900.0000000034505
197,settle,0.00873270258307457,0.0,0.0,0.0,1,1,engaged,0.0,0.0,0.0,0.002493881662882215,900.0000000034571
198,settle,0.008776796981692314,0.0,0.0,0.0,1,1,engaged,0.0,0.0,0.0,0.002519266065713548,900.000000003464
199,settle,0.008820891380310059,0.0,0.0,0.0,1,1,engaged,0.0,0.0,0.0,0.00254478016614318,900.0000000034712
200,settle,0.008864985778927803,0.0,0.0,0.0,1,1,engaged,0.0,0.0,0.0,0.0025704243028416983,900.0000000034788
201,settle,0.008909080177545547,0.0,0.0,0.0,1,1,engaged,0.0,0.0,0.0,0.0025961977102495525,900.0000000034865
202,settle,0.008953174576163292,0.0,0.0,0.0,1,1,engaged,0.0,0.0,0.0,0.0026221009353376884,900.0000000034942
203,settle,0.008997268974781036,0.0,0.0,0.0,1,1,engaged,0.0,0.0,0.0,0.002648134690845389,900.0000000035017
204,settle,0.00904136337339878,0.0,0.0,0.0,1,1,engaged,0.0,0.0,0.0,0.002674297999265893,900.0000000035087
205,settle,0.009085457772016525,0.0,0.0,0.0,1,1,engaged,0.0,0.0,0.0,0.0027005899077961297,900.0000000035153
206,settle,0.00912955217063427,0.0,0.0,0.0,1,1,engaged,0.0,0.0,0.0,0.0027270086696213566,900.0000000035209
207,settle,0.009173646569252014,0.0,0.0,0.0,1,1,engaged,0.0,0.0,0.0,0.002753555290706091,900.0000000035255
208,settle,0.009217740967869759,0.0,0.0,0.0,1,1,engaged,0.0,0.0,0.0,0.0027802309382166193,900.0000000035293
209,settle,0.009261835366487503,0.0,0.0,0.0,1,1,engaged,0.0,0.0,0.0,0.0028070353955731184,900.000000003532
210,settle,0.009305929765105247,0.0,0.0,0.0,1,1,engaged,0.0,0.0,0.0,0.0028339673118635135,900.0000000035332
211,settle,0.009350024163722992,0.0,0.0,0.0,1,1,engaged,0.0,0.0,0.0,0.002861027042127608,900.000000003533
212,settle,0.009394118562340736,0.0,0.0,0.0,1,1,engaged,0.0,0.0,0.0,0.0028882174025959746,900.0000000035318
213,settle,0.00943821296095848,0.0,0.0,0.0,1,1,engaged,0.0,0.0,0.0,0.00291553705491331,900.0000000035287
214,settle,0.009482307359576225,0.0,0.0,0.0,1,1,engaged,0.0,0.0,0.0,0.002942984383387658,900.0000000035246
215,settle,0.00952640175819397,0.0,0.0,0.0,1,1,engaged,0.0,0.0,0.0,0.002970561197859047,900.0000000035193
216,settle,0.009570496156811714,0.0,0.0,0.0,1,1,engaged,0.0,0.0,0.0,0.002998266870155231,900.0000000035128
217,settle,0.009614590555429459,0.0,0.0,0.0,1,1,engaged,0.0,0.0,0.0,0.0030261007634630275,900.0000000035053
218,settle,0.009658684954047203,0.0,0.0,0.0,1,1,engaged,0.0,0.0,0.0,0.0030540606839567367,900.0000000034969
219,settle,0.009702779352664948,0.0,0.0,0.0,1,1,engaged,0.0,0.0,0.0,0.0030821470924815627,900.0000000034876
220,settle,0.009746873751282692,0.0,0.0,0.0,1,1,engaged,0.0,0.0,0.0,0.0031103607756326687,900.0000000034782
221,settle,0.009790968149900436,0.0,0.0,0.0,1,1,engaged,0.0,0.0,0.0,0.003138702436309337,900.0000000034685
222,settle,0.00983506254851818,0.0,0.0,0.0,1,1,engaged,0.0,0.0,0.0,0.003167172720089593,900.0000000034589
223,settle,0.009879156947135925,0.0,0.0,0.0,1,1,engaged,0.0,0.0,0.0,0.0031957721060122493,900.0000000034497
224,settle,0.00992325134575367,0.0,0.0,0.0,1,1,engaged,0.0,0.0,0.0,0.0032245002049517083,900.000000003441
225,settle,0.009967345744371414,0.0,0.0,0.0,1,1,engaged,0.0,0.0,0.0,0.0032533586465974046,900.0000000034329
226,settle,0.010011440142989159,0.0,0.0,0.0,1,1,engaged,0.0,0.0,0.0,0.003282345927504535,900.0000000034256
227,settle,0.010044670663774014,0.0,0.0,0.0,1,1,engaged,0.0,0.0,0.0,0.003308327809529922,900.0000000034196
228,settle,0.01007815171033144,0.0,0.0,0.0,1,1,engaged,0.0,0.0,0.0,0.003330952842069271,900.000000003415
229,settle,0.010111749172210693,0.0,0.0,0.0,1,1,engaged,0.0,0.0,0.0,0.0033517946899167097,900.0000000034123
230,settle,0.010145341046154499,0.0,0.0,0.0,1,1,engaged,0.0,0.0,0.0,0.0033723223640174005,900.0000000034111
231,settle,0.010178855620324612,0.0,0.0,0.0,1,1,engaged,0.0,0.0,0.0,0.0033933935025503834,900.0000000034112
232,settle,0.010212273336946964,0.0,0.0,0.0,1,1,engaged,0.0,0.0,0.0,0.00341523995039537,900.0000000034127
233,settle,0.0102456109598279,0.0,0.0,0.0,1,1,engaged,0.0,0.0,0.0,0.0034376988158037174,900.0000000034149
234,settle,0.01027889084070921,0.0,0.0,0.0,1,1,engaged,0.0,0.0,0.0,0.0034604768205536906,900.0000000034187
235,settle,0.010312135331332684,0.0,0.0,0.0,1,1,engaged,0.0,0.0,0.0,0.0034833266314637764,900.0000000034235
236,settle,0.010345353744924068,0.0,0.0,0.0,1,1,engaged,0.0,0.0,0.0,0.0035061205026863666,900.0000000034292
237,settle,0.010378546081483364,0.0,0.0,0.0,1,1,engaged,0.0,0.0,0.0,0.003528834836540958,900.000000003436
238,settle,0.01041171234101057,0.0,0.0,0.0,1,1,engaged,0.0,0.0,0.0,0.0035515060061148815,900.0000000034436
239,settle,0.01044484693557024,0.0,0.0,0.0,1,1,engaged,0.0,0.0,0.0,0.003574188423179356,900.0000000034514
240,settle,0.010477946139872074,0.0,0.0,0.0,1,1,engaged,0.0,0.0,0.0,0.0035969223047930313,900.0000000034597
241,accelerate,0.010520393028855324,0.013333333333333334,0.0,0.0008945071948380346,1,1,engaged,0.09944380699109583,1.052314365579776,0.0,0.003783592270322419,900.0160743058682
242,accelerate,0.010591263882815838,0.02666666666666667,0.0,0.002623510850392828,1,1,engaged,0.29155052072263626,3.085187610286937,0.0,0.004178123237136181,900.0628110997322
243,accelerate,0.010713834315538406,0.04,0.0,0.005131026235051029,1,1,engaged,0.5700072068523026,6.031816262911066,0.0,0.004762873271983097,900.1534274865471
244,accelerate,0.0109108192846179,0.05333333333333334,0.0,0.008364824523091478,1,1,engaged,0.9289442528377162,9.830088083528713,0.0,0.005491774430433699,900.2998741553197
245,accelerate,0.011201856657862663,0.06666666666666667,0.0,0.012276180818321929,1,1,engaged,1.3629109676474311,14.422323859645116,0.0,0.006320941860185715,900.5129345986834
246,accelerate,0.011603038758039474,0.08,0.0,0.016819639082316012,1,1,engaged,1.8668515782750952,19.755023401307056,0.0,0.00723391350369668,900.8023097263599
247,accelerate,0.012127665802836418,0.09333333333333334,0.0,0.021952792833153954,1,1,engaged,2.43608185629146,25.77861820327623,0.0,0.008249090014730207,901.1767049825328
248,accelerate,0.01278733741492033,0.10666666666666667,0.0,0.027636080556654855,1,1,engaged,3.0662664203417243,32.44723126005613,0.0,0.0094109940702486,901.6439016518999
249,accelerate,0.013592804782092571,0.12000000000000001,0.0,0.03383259484306832,1,1,engaged,3.753396935793399,39.71844637456575,0.0,0.01077646624744519,902.210827539668
250,accelerate,0.01455443724989891,0.13333333333333333,0.0,0.0405079043284113,1,1,engaged,4.493771187708793,47.55308670833445,0.0,0.01240462898836724,902.8836233216732
251,accelerate,0.015682296827435493,0.14666666666666667,0.0,0.04762988758141158,1,1,engaged,5.28397309206505,55.91500326023236,0.0,0.014353312498051076,903.6677013322078
252,accelerate,0.0169860627502203,0.16,0.0,0.05516857813465054,1,1,engaged,6.120853673415673,64.77087357208465,0.0,0.016680533800201906,904.5677984460242
253,accelerate,0.01847490854561329,0.17333333333333334,0.0,0.0630960199122628,1,1,engaged,7.001513001633837,74.09001058328927,0.0,0.019448460357939762,905.5880262506652
254,accelerate,0.020157426595687866,0.18666666666666668,0.0,0.07138613235670806,1,1,engaged,7.92328306957101,83.84418144220042,0.0,0.022727609118954634,906.7319199342353
255,accelerate,0.022041594609618187,0.2,0.0,0.08001458460392341,1,1,engaged,8.883711603337488,94.00743618651731,0.0,0.02659991844329372,908.0024841526475
256,accelerate,0.02413484826683998,0.21333333333333335,0.0,0.088958678099818,1,1,engaged,9.88054679773417,104.55594621362299,0.0,0.0311603344180598,909.4022264059466
257,accelerate,0.026444148272275925,0.22666666666666668,0.0,0.098197237091797,1,1,engaged,10.911722966323097,115.46785242963101,0.0,0.036517024534622494,910.933194751831
258,accelerate,0.02897602692246437,0.24000000000000002,0.0,0.10771050646699447,1,1,engaged,11.975347031774078,126.72312229023329,0.0,0.042791948956002676,912.5970190565697
259,accelerate,0.031736649572849274,0.25333333333333335,0.0,0.11748005644433898,1,1,engaged,13.069685850701216,138.30341567212025,0.0,0.050120007959922,914.3949420675912
260,accelerate,0.03473187983036041,0.26666666666666666,0.0,0.1274886936606417,1,1,engaged,14.193154351752606,150.19195935024607,0.0,0.05864937486588675,916.3278416593786
261,accelerate,0.03796727582812309,0.27999999999999997,0.0,0.13772037822174446,1,1,engaged,15.344304419165425,162.37342936360852,0.0,0.06854206747427947,918.3962609433456
262,accelerate,0.04144810885190964,0.2933333333333333,0.0,0.1481601463185438,1,1,engaged,16.52181448780194,174.83384090992013,0.0,0.07997472238758628,920.6004351514823
263,accelerate,0.045179419219493866,0.3066666666666666,0.0,0.15879403803455408,1,1,engaged,17.72447982974828,187.5604455583963,0.0,0.09313946125858852,922.9403126977832
264,accelerate,0.049165982753038406,0.3199999999999999,0.0,0.16960902999671992,1,1,engaged,18.951203483003233,200.54163525714026,0.0,0.10824471413783188,925.4155854714414
265,accelerate,0.053412389010190964,0.3333333333333332,0.0,0.18059297254455334,1,1,engaged,20.200987820091495,213.7668531122082,0.0,0.1255159044292733,928.0256874927741
266,accelerate,0.057923004031181335,0.3466666666666665,0.0,0.19173453111447042,1,1,engaged,21.472926581202028,227.22650908227988,0.0,0.14519605659129217,930.7698444216722
267,accelerate,0.06270204484462738,0.3599999999999998,0.0,0.20302313155653803,1,1,engaged,22.766197659050352,240.91190362807083,0.0,0.16754629407106658,933.6470613945576
268,accelerate,0.06775355339050293,0.37333333333333313,0.0,0.21444890911981257,1,1,engaged,24.080056129691858,254.81515396439923,0.0,0.19284638297713808,936.6561634059077
269,accelerate,0.07308140397071838,0.38666666666666644,0.0,0.22600266086015255,1,1,engaged,25.413828023236714,268.9291281418909,0.0,0.2213952018267139,939.7957945002452
270,accelerate,0.07868937402963638,0.39999999999999974,0.0,0.23767580124089757,1,1,engaged,26.76690431944062,283.24738150832064,0.0,0.2535112004836943,943.0644372583989
271,accelerate,0.08458112925291061,0.41333333333333305,0.0,0.2494603207122108,1,1,engaged,28.138735497676922,297.7640990364172,0.0,0.2895324528599321,946.4604273423466
272,accelerate,0.09076016396284103,0.42666666666666636,0.0,0.26134874706925215,1,1,engaged,29.52882644914756,312.4740414848795,0.0,0.3298190304536321,949.9819606971178
273,accelerate,0.0972299724817276,0.43999999999999967,0.0,0.2733341094027559,1,1,engaged,30.936731682149293,327.37249466050383,0.0,0.37475175284068807,953.6271091876209
274,accelerate,0.10399389266967773,0.453333333333333,0.0,0.28540990446809317,1,1,engaged,32.362051001684456,342.45522369982496,0.0,0.424733319737318,957.3938312194125
275,accelerate,0.11105520278215408,0.4666666666666663,0.0,0.29757006531056845,1,1,engaged,33.80442540649515,357.71842965153166,0.0,0.48018868853085883,961.2799731461412
276,accelerate,0.11841710656881332,0.4799999999999996,0.0,0.3098089319955831,1,1,engaged,35.26353322787273,373.15870861734925,0.0,0.5415656750367587,965.2832842564997
277,accelerate,0.12608276307582855,0.4933333333333329,0.0,0.32212122430245516,1,1,engaged,36.73908667816221,388.7730152283125,0.0,0.6093356465710983,969.4014333045451
278,accelerate,0.1340552717447281,0.5066666666666663,0.0,0.33450201625015674,1,1,engaged,38.230828727448625,404.5586295938613,0.0,0.6839939710644275,973.6320188151386
279,accelerate,0.1423376351594925,0.5199999999999996,0.0,0.3469467123320705,1,1,engaged,39.73853016107031,420.513126164446,0.0,0.7660607861858598,977.9725352920267
280,accelerate,0.15093284845352173,0.5333333333333329,0.0,0.3594510253451089,1,1,engaged,41.26198615954875,436.63433754034486,0.0,0.85608113072997,982.4204254944015
281,accelerate,0.15984386205673218,0.5466666666666662,0.0,0.37201095570623516,1,1,engaged,42.80101439466832,452.9203343243802,0.0,0.9546257059248323,986.97307270827
282,accelerate,0.16907361149787903,0.5599999999999995,0.0,0.3846227721565975,1,1,engaged,44.355452443528364,469.3693977574172,0.0,1.0622915986751758,991.6278021590292
283,accelerate,0.1786249577999115,0.5733333333333328,0.0,0.397282993760186,1,1,engaged,45.92515551139252,485.97999562155564,0.0,1.179702650064582,996.3818974967115
284,accelerate,0.1885007619857788,0.5866666666666661,0.0,0.40998837311016345,1,1,engaged,47.50999457193971,502.750762560266,0.0,1.3075101887909812,1001.2325968724458
285,accelerate,0.1987038254737854,0.5999999999999994,0.0,0.42273588066185136,1,1,engaged,49.10985435244647,519.6804787575885,0.0,1.4463933259697672,1006.177087594021
286,accelerate,0.2092369794845581,0.6133333333333327,0.0,0.4355226901167845,1,1,engaged,50.72463135252231,536.7680489723911,0.0,1.5970596341670682,1011.2125369233324
287,accelerate,0.22010298073291779,0.626666666666666,0.0,0.44834616478732114,1,1,engaged,52.354232796089754,554.0124914482218,0.0,1.7602456688411994,1016.336066941019
288,accelerate,0.2313045710325241,0.6399999999999993,0.0,0.4612038448760244,1,1,engaged,53.998574504816105,571.4129154099641,0.0,1.936717823804202,1021.5447798588011
289,accelerate,0.24262961745262146,0.6533333333333327,0.0,0.4740934356084454,1,1,engaged,55.6575799940561,588.9685114971016,0.0,2.1963694336903927,1026.835749159833
290,accelerate,0.254324346780777,0.666666666666666,0.0,0.48701279616205434,1,1,engaged,57.13411223146731,604.5931756333871,0.0,2.4541593737206115,1032.2063494982226
291,accelerate,0.2664322853088379,0.6799999999999993,0.0,0.49995992933790806,1,1,engaged,58.8424905983493,622.6712355117323,0.0,2.709555451678112,1037.6535952881568
292,accelerate,0.278960645198822,0.6933333333333326,0.0,0.5129329719252252,1,1,engaged,60.72170853229499,642.5571196887456,0.0,2.9711338483001954,1043.1743909467762
293,accelerate,0.2918883264064789,0.7066666666666659,0.0,0.5259301857123833,1,1,engaged,62.438710180945066,660.7264311347607,0.0,3.2316314551519705,1048.7656346965498
294,accelerate,0.3051854372024536,0.7199999999999992,0.0,0.5389499491009698,1,1,engaged,64.17008904810733,679.0478823070717,0.0,3.5031412070452923,1054.4242287098891
295,accelerate,0.31883201003074646,0.7333333333333325,0.0,0.551990749282431,1,1,engaged,65.91577467673353,697.5207276291943,0.0,3.795556574178414,1060.1471373845286
296,accelerate,0.33282169699668884,0.7466666666666658,0.0,0.5650511749395729,1,1,engaged,67.67570201478452,716.1442787204498,0.0,4.114272244274642,1065.9313427171162
297,accelerate,0.34715771675109863,0.7599999999999991,0.0,0.5781299094377058,1,1,engaged,69.44981184389643,734.917908932112,0.0,4.46075468057795,1071.7738482339191
298,accelerate,0.3618481159210205,0.7733333333333324,0.0,0.59122572447258,1,1,engaged,71.23804905509171,753.8410351009805,0.0,4.834295770300295,1077.6716443194637
299,accelerate,0.376900851726532,0.7866666666666657,0.0,0.6043374741444701,1,1,engaged,73.04035916449385,772.9130806786739,0.0,5.233733892130904,1083.6217234072328
300,accelerate,0.3923220634460449,0.799999999999999,0.0,0.6174640894298167,1,1,engaged,74.85668594302422,792.1334506490823,0.0,5.658533285651098,1089.6210541604987
301,accelerate,0.40811556577682495,0.8133333333333324,0.0,0.6306045730237553,1,1,engaged,76.68696910662584,811.5015070863146,0.0,6.109143920964275,1095.666605008727
302,accelerate,0.42428356409072876,0.8266666666666657,0.0,0.6437579945286497,1,1,engaged,78.53114414718168,831.0165673654765,0.0,6.586838202019598,1101.755339716899
303,accelerate,0.44082769751548767,0.839999999999999,0.0,0.6569234859654172,1,1,engaged,80.38914195051456,850.677900120345,0.0,7.093337803729643,1107.8842366280924
304,accelerate,0.45774945616722107,0.8533333333333323,0.0,0.6701002375859901,1,1,engaged,82.26088950727036,870.4847327659351,0.0,7.630462915458823,1114.050263472071
305,accelerate,0.47505080699920654,0.8666666666666656,0.0,0.6832874939667115,1,1,engaged,84.14630882437154,890.4362399794998,0.0,8.199925499518153,1120.2504112597157
306,accelerate,0.4927341043949127,0.8799999999999989,0.0,0.6964845503638162,1,1,engaged,86.04531812269141,910.5315563743206,0.0,8.80328057429889,1126.4816637730016
307,accelerate,0.5108018517494202,0.8933333333333322,0.0,0.7096907493134169,1,1,engaged,87.95783036426845,930.7697609146887,0.0,9.44197162755224,1132.741016997634
308,accelerate,0.5292565226554871,0.9066666666666655,0.0,0.7229054774595897,1,1,engaged,89.88375353420224,951.1498798989281,0.0,10.117411670898964,1139.0254741392528
309,accelerate,0.5481007695198059,0.9199999999999988,0.0,0.7361281625952569,1,1,engaged,91.82299007702976,971.670880995129,0.0,10.831047160363388,1145.3320441605645
310,accelerate,0.5673369765281677,0.9333333333333321,0.0,0.7493582709015922,1,1,engaged,93.77543669961378,992.331671155313,0.0,11.584402248027564,1151.6577432606916
311,accelerate,0.5869675278663635,0.9466666666666654,0.0,0.7625953043726279,1,1,engaged,95.74098391692914,1013.1310918089441,0.0,12.379084747364898,1157.999595958513
312,accelerate,0.6069948673248291,0.9599999999999987,0.0,0.77583879841264,1,1,engaged,97.71951603004852,1034.0679186299735,0.0,13.216771309291726,1164.3546345294828
313,accelerate,0.6274209022521973,0.973333333333332,0.0,0.7890883195947214,1,1,engaged,99.71091093799036,1055.140859545814,0.0,14.09919862770315,1170.7198999663938
314,accelerate,0.6482482552528381,0.9866666666666654,0.0,0.8023434635697259,1,1,engaged,101.71503960637355,1076.348549114645,0.0,15.028136263927065,1177.0924445287542
315,accelerate,0.6694790720939636,0.9999999999999987,0.0,0.8156038531154992,1,1,engaged,103.7317668172599,1097.6895564602441,0.0,16.00540359645912,1183.4693261168516
316,accelerate,0.6911046504974365,1.0,0.0,0.827974629122144,1,1,engaged,105.64467814399222,1117.9319841197257,0.0,17.019330356386746,1189.8319794018068
317,accelerate,0.713123083114624,1.0,0.0,0.8395154740180133,1,1,engaged,107.65474418073045,1139.2025029204897,0.0,18.091684816927277,1196.1635083855099
318,accelerate,0.7355432510375977,1.0,0.0,0.8502820662543427,1,1,engaged,109.72377900393283,1161.0970294196172,0.0,19.228708758439296,1202.4485564878064
319,accelerate,0.7583643794059753,1.0,0.0,0.8603263489242258,1,1,engaged,111.68721991724522,1181.874161164289,0.0,20.410534444896292,1208.673168133436
320,accelerate,0.7815715074539185,1.0,0.0,0.869696780360469,1,1,engaged,113.55073247724458,1201.5938510742023,0.0,21.630429701422706,1214.824712758306
321,accelerate,0.8051405549049377,1.0,0.0,0.8784385679213281,1,1,engaged,115.31961003756199,1220.312113417481,0.0,22.891139911990628,1220.8918282831282
322,accelerate,0.8290453553199768,1.0,0.0,0.8865938860920172,1,1,engaged,116.99880816389593,1238.081387990347,0.0,24.19944540272317,1226.86436748335
323,accelerate,0.8532617688179016,1.0,0.0,0.8942020799542156,1,1,engaged,118.59297775020462,1254.9508905526654,0.0,25.561852521781535,1232.733308675862
324,accelerate,0.8777689337730408,1.0,0.0,0.9012998550052046,1,1,engaged,120.10649109898124,1270.9668888094195,0.0,26.982468788367132,1238.4906696579656
325,accelerate,0.9025497436523438,1.0,0.0,0.9079214542424098,1,1,engaged,121.54346357214311,1286.1729315204186,0.0,28.462797719668647,1244.1294275673793
326,accelerate,0.9275893568992615,1.0,0.0,0.9140988233676889,1,1,engaged,122.90777270103791,1300.6100507223832,0.0,30.002586991638985,1249.64345303882
327,accelerate,0.9528741836547852,1.0,0.0,0.919861764908388,1,1,engaged,124.20307465024555,1314.3169359488986,0.0,31.60089462374531,1255.0274091524486
328,accelerate,0.9783912897109985,1.0,0.0,0.9252380819987182,1,1,engaged,125.43281676999788,1327.3300670601177,0.0,33.25688200638855,1260.276707711529
329,accelerate,1.0041263103485107,1.0,0.0,0.930253712515121,1,1,engaged,126.60025252013253,1339.6838721680424,0.0,34.97179432743243,1265.3874415675195
330,accelerate,1.0300618410110474,1.0,0.0,0.934932854212756,1,1,engaged,127.70845216728128,1351.4108408341706,0.0,36.758009009738004,1270.3563459433446
331,accelerate,1.0562103986740112,1.0,0.0,0.9392980814668258,1,1,engaged,128.76031439200025,1362.5416468961469,0.0,38.61701815319741,1275.1807429285911
332,accelerate,1.0825635194778442,1.0,0.0,0.9433704541819555,1,1,engaged,129.75860210148505,1373.1055274379148,0.0,40.544887277877194,1279.8584114365196
333,accelerate,1.109114646911621,1.0,0.0,0.9471696193950544,1,1,engaged,130.705907986444,1383.1299183125504,0.0,42.53744116719814,1284.3876068371237
334,accelerate,1.1358554363250732,1.0,0.0,0.950713906061841,1,1,engaged,131.60468535116433,1392.6407803860209,0.0,44.59205087031894,1288.7670293927151
335,accelerate,1.1627768278121948,1.0,0.0,0.954020413484327,1,1,engaged,132.45725441521174,1401.6626662217707,0.0,46.707939494785805,1292.9957653760316
336,accelerate,1.1898695230484009,1.0,0.0,0.957105093805873,1,1,engaged,133.26580958719467,1410.218797051694,0.0,48.88563064499762,1297.0732771872472
337,accelerate,1.2171235084533691,1.0,0.0,0.9599828289718142,1,1,engaged,134.03242889497017,1418.3311625665742,0.0,51.126197705544435,1300.9993598623503
338,accelerate,1.2445306777954102,1.0,0.0,0.9626675025269474,1,1,engaged,134.75907970089014,1426.0205813948196,0.0,53.430653525983594,1304.7741315512517
339,accelerate,1.2720822095870972,1.0,0.0,0.9651720665962663,1,1,engaged,135.44762855996396,1433.3068054215387,0.0,55.79969867286122,1308.397973957858
340,accelerate,1.2997702360153198,1.0,0.0,0.9675086043720897,1,1,engaged,136.0998429485941,1440.2085380820229,0.0,58.233641092207534,1311.8715237023907
341,accelerate,1.3275874853134155,1.0,0.0,0.9696883884090518,1,1,engaged,136.71739933051703,1446.7435197155312,0.0,60.73252402989134,1315.1956561038855
342,accelerate,1.3555271625518799,1.0,0.0,0.9717219350081947,1,1,engaged,137.30188863587517,1452.928585544831,0.0,63.29626979919328,1318.3714358644265
343,accelerate,1.3835829496383667,1.0,0.0,0.9736190549525398,1,1,engaged,137.85481916928595,1458.779696449384,0.0,65.92481309793165,1321.4001213254148
344,accelerate,1.4117481708526611,1.0,0.0,0.9753889008389083,1,1,engaged,138.377622915691,1464.3120056938424,0.0,68.6181381901166,1324.283132807901
345,accelerate,1.4400172233581543,1.0,0.0,0.9770400112343435,1,1,engaged,138.8716582986844,1469.5398881166784,0.0,71.37626570176585,1327.0220225670762
346,accelerate,1.4683839082717896,1.0,0.0,0.9785803518701645,1,1,engaged,139.3382144820716,1474.4769856492817,0.0,74.1992484060057,1329.6184856765221
347,accelerate,1.496842861175537,1.0,0.0,0.9800173540723922,1,1,engaged,139.77851573882577,1479.1362535482542,0.0,77.08711541985227,1332.0743281211874
348,accelerate,1.5253887176513672,1.0,0.0,0.9813579506139531,1,1,engaged,140.19372498323804,1483.529997772625,0.0,80.03989307369991,1334.391457933694
349,accelerate,1.5540162324905396,1.0,0.0,0.9826086091616291,1,1,engaged,140.58494682098217,1487.6699072596334,0.0,83.05757462982203,1336.571861996209
350,accelerate,1.5827209949493408,1.0,0.0,0.9837753634791163,1,1,engaged,140.95323008028134,1491.567080709537,0.0,86.1401237769795,1338.6176025279874
351,accelerate,1.611498475074768,1.0,0.0,0.9848638425367335,1,1,engaged,141.2995719518796,1495.23207039479,0.0,89.28749805485563,1340.5308121141545
352,accelerate,1.6403437852859497,1.0,0.0,0.9858792976682156,1,1,engaged,141.62492045688936,1498.6749082748033,0.0,92.4996369949141,1342.313679295423
353,accelerate,1.669252634048462,1.0,0.0,0.9868266279056116,1,1,engaged,141.93017659891245,1501.9051287696916,0.0,95.77644603257204,1343.9684295648556
354,accelerate,1.6982214450836182,1.0,0.0,0.9877104036145148,1,1,engaged,142.21619694072655,1504.9317960267683,0.0,99.11781281490333,1345.4973231333038
355,accelerate,1.7272461652755737,1.0,0.0,0.9885348885436502,1,1,engaged,142.4837965017574,1507.763534581597,0.0,102.52365122348169,1346.902663957177
356,accelerate,1.7563228607177734,1.0,0.0,0.9893040603951996,1,1,engaged,142.7337512163371,1510.4085553712794,0.0,105.99383398343362,1348.1867488279563
357,accelerate,1.7854481935501099,1.0,0.0,0.9900216300151031,1,1,engaged,142.96679741912206,1512.8746502891497,0.0,109.52822834135468,1349.351927302958
358,accelerate,1.8146185874938965,1.0,0.0,0.9906910592959216,1,1,engaged,143.1836389179481,1515.1692670297268,0.0,113.12669190319967,1350.4005389193476
359,accelerate,1.8438310623168945,1.0,0.0,0.9913155778786306,1,1,engaged,143.38494417659905,1517.299479276771,0.0,116.78908256197501,1351.3349302354045
360,accelerate,1.873081922531128,1.0,0.0,0.9918981987339237,1,1,engaged,143.57135035000502,1519.272029403753,0.0,120.51523711676671,1352.1574450959695
361,accelerate,1.9023686647415161,1.0,0.0,0.9924417326981977,1,1,engaged,143.7434635602071,1521.0933313941114,0.0,124.30495995721505,1352.8704243481218
362,accelerate,1.9316880702972412,1.0,0.0,0.9929488020343455,1,1,engaged,143.90186231738403,1522.7695070425577,0.0,128.15808264056608,1353.4762002467387
363,accelerate,1.9610378742218018,1.0,0.0,0.9934218530827834,1,1,engaged,144.0470973658299,1524.306384325212,0.0,132.07439717574803,1353.9771107793547
364,accelerate,1.9904148578643799,1.0,0.0,0.9938631680637448,1,1,engaged,144.17969572560722,1525.7095401683755,0.0,136.05376669439357,1354.375434543139
365,accelerate,2.0198171138763428,1.0,0.0,0.9942748760877816,1,1,engaged,144.30015609388255,1526.9842517854652,0.0,140.0960106605894,1354.6734589009427
366,accelerate,2.049241781234741,1.0,0.0,0.9946589634275931,1,1,engaged,144.40895699328047,1528.135582902894,0.0,144.2009478328058,1354.8734497501373
367,accelerate,2.078685998916626,1.0,0.0,0.9950172831007364,1,1,engaged,144.50655417473132,1529.1683562770068,0.0,148.36831031285493,1354.977651378615
368,accelerate,2.1081483364105225,1.0,0.0,0.9953515638094539,1,1,engaged,144.593382676565,1530.0871754834109,0.0,152.59782251674912,1354.9882867185702
369,accelerate,2.1376259326934814,1.0,0.0,0.9956634182807431,1,1,engaged,144.66985922021584,1530.896450268324,0.0,156.88923048545317,1354.907539706065
370,accelerate,2.1671175956726074,1.0,0.0,0.995954351046909,1,1,engaged,144.7363797774379,1531.6003708048477,0.0,161.24224752853965,1354.7375775265702
371,accelerate,2.1966207027435303,1.0,0.0,0.9962257657041337,1,1,engaged,144.79332473734948,1532.2029623706321,0.0,165.6566709910253,1354.4805378342514
372,accelerate,2.226133346557617,1.0,0.0,0.996478971684083,1,1,engaged,144.84105648759194,1532.708059751698,0.0,170.1322473727395,1354.1385178956866
373,accelerate,2.2556538581848145,1.0,0.0,0.9967151905712192,1,1,engaged,144.8799213228832,1533.1193274387501,0.0,174.6686606091141,1353.7135917910603
374,accelerate,2.28518009185791,1.0,0.0,0.9969355619962978,1,1,engaged,144.9102511662468,1533.4402778412239,0.0,179.26565832777888,1353.2077954627518
375,accelerate,2.314711332321167,1.0,0.0,0.9971411491344814,1,1,engaged,144.9323627508236,1533.6742626292153,0.0,183.92296831494485,1352.623137008238
376,accelerate,2.344244956970215,1.0,0.0,0.9973329438345945,1,1,engaged,144.94656067774127,1533.8245050918583,0.0,188.64035144981275,1351.9615847221398
377,accelerate,2.373779773712158,1.0,0.0,0.9975118714042689,1,1,engaged,144.9531345799735,1533.8940701252795,0.0,193.4175090676253,1351.2250816450226
378,accelerate,2.4033145904541016,1.0,0.0,0.9976787950740612,1,1,engaged,144.95236355140653,1533.885911100984,0.0,198.25419434284558,1350.4155220743185
379,accelerate,2.432847261428833,1.0,0.0,0.9978345201620822,1,1,engaged,144.94451394874343,1533.8028466056032,0.0,203.15012068803014,1349.534777096324
380,accelerate,2.462376117706299,1.0,0.0,0.9979797979592292,1,1,engaged,144.92984103442492,1533.6475778262845,0.0,208.10498959503195,1348.584675546629
381,accelerate,2.4919004440307617,1.0,0.0,0.9981153293537663,1,1,engaged,144.90858934142472,1533.4226924109564,0.0,213.1184608628127,1347.5670150060982
382,accelerate,2.521418571472168,1.0,0.0,0.998241768212738,1,1,engaged,144.88099436985325,1533.1306824217872,0.0,218.1902658174019,1346.4835512635675
383,accelerate,2.550929307937622,1.0,0.0,0.9983597245365304,1,1,engaged,144.84728077598055,1532.7739251714263,0.0,223.3199305750578,1345.3360205175456
384,accelerate,2.5804319381713867,1.0,0.0,0.9984697674017997,1,1,engaged,144.80766557898014,1532.3547171567677,0.0,228.50712228336747,1344.12611483693
385,accelerate,2.609924077987671,1.0,0.0,0.9985724277069646,1,1,engaged,144.76235684112243,1531.8752600927576,0.0,233.75171715620343,1342.855490978149
386,accelerate,2.639458656311035,1.0,0.0,0.99866820073351,1,1,engaged,144.71155295461386,1531.337653365724,0.0,239.0534707253605,1341.5257725338624
387,accelerate,2.6689772605895996,1.0,0.0,0.9987575485354567,1,1,engaged,144.65548952509283,1530.7443901545323,0.0,244.43294985646372,1340.1383755104275
388,accelerate,2.6984810829162598,1.0,0.0,0.9988409021685271,1,1,engaged,144.59429171292274,1530.0967949061485,0.0,249.87218596719813,1338.6948716593238
389,accelerate,2.7279717922210693,1.0,0.0,0.9989186637697601,1,1,engaged,144.52813954042927,1529.3967726168225,0.0,255.36570146086294,1337.196796487533
390,accelerate,2.7574477195739746,1.0,0.0,0.9989912084976093,1,1,engaged,144.45720641027785,1528.64615823356,0.0,260.91137173136633,1335.645628451823
391,accelerate,2.786909341812134,1.0,0.0,0.9990588863418828,1,1,engaged,144.38165480522176,1527.8466711488568,0.0,266.50929161090556,1334.0428324661116
392,accelerate,2.816354274749756,1.0,0.0,0.9991220238122588,1,1,engaged,144.3016441259887,1526.9999981412125,0.0,272.160627241101,1332.389824155199
393,accelerate,2.845781087875366,1.0,0.0,0.9991809255135211,1,1,engaged,144.21732431847317,1526.1077259380831,0.0,277.86638388524733,1330.6879978155612
394,accelerate,2.8751888275146484,1.0,0.0,0.9992358756151158,1,1,engaged,144.1288412107201,1525.1713976918404,0.0,283.62712441299664,1328.9387150182397
395,accelerate,2.9045770168304443,1.0,0.0,0.9992871392221181,1,1,engaged,144.0363355329205,1524.1925026093647,0.0,289.44286587703016,1327.1433090406917
396,accelerate,2.9339444637298584,1.0,0.0,0.999334963654223,1,1,engaged,143.93994344111326,1523.1724814938605,0.0,295.31327362002685,1325.3030794496515
397,accelerate,2.9632904529571533,1.0,0.0,0.9993795796389325,1,1,engaged,143.83979535380283,1522.1127144339416,0.0,301.2378490943187,1323.4192965147074
398,accelerate,2.9926133155822754,1.0,0.0,0.9994212024246925,1,1,engaged,143.73601741846508,1521.0145363221975,0.0,307.2159959744305,1321.4932073848622
399,accelerate,3.021913766860962,1.0,0.0,0.9994600328193525,1,1,engaged,143.62873095757553,1519.879230993064,0.0,313.24722451900175,1319.5260225548634
400,accelerate,3.0511906147003174,1.0,0.0,0.9994962581589574,1,1,engaged,143.5180543775101,1518.7080514228119,0.0,319.3312715763617,1317.5189238216299
401,accelerate,3.0804426670074463,1.0,0.0,0.9995300532115439,1,1,engaged,143.40410039127215,1517.502190340442,0.0,325.4678316147956,1315.4730678286955
402,accelerate,3.1096701622009277,1.0,0.0,0.9995615810203038,1,1,engaged,143.286977962506,1516.2628007992384,0.0,331.6566444218931,1313.3895829926375
403,accelerate,3.138871908187866,1.0,0.0,0.9995909936901807,1,1,engaged,143.1667933799051,1514.991007546156,0.0,337.8975289805208,1311.2695675507973
404,accelerate,3.168046712875366,1.0,0.0,0.9996184331216957,1,1,engaged,143.04364790933488,1513.6878821765818,0.0,344.1902311799379,1309.1141041637852
405,accelerate,3.1971945762634277,1.0,0.0,0.9996440316955424,1,1,engaged,142.9176401142987,1512.354467689509,0.0,350.53407235297607,1306.9242334181233
406,accelerate,3.2263150215148926,1.0,0.0,0.9996679129112528,1,1,engaged,142.78886503935942,1510.9917698465015,0.0,356.92866006962566,1304.7009786792587
407,accelerate,3.2554075717926025,1.0,0.0,0.9996901919830176,1,1,engaged,142.65741472510973,1509.6007626211112,0.0,363.37407473923054,1302.4453367846008
408,accelerate,3.284471035003662,1.0,0.0,0.9997109763955333,1,1,engaged,142.52337802367262,1508.1823862465037,0.0,369.870325952297,1300.1582816201067
409,accelerate,3.3135056495666504,1.0,0.0,0.9997303664225589,1,1,engaged,142.38684035778147,1506.7375446660435,0.0,376.41729973838096,1297.8407645862249
410,accelerate,3.3425099849700928,1.0,0.0,0.9997484556106832,1,1,engaged,142.24788558162032,1505.2671252247064,0.0,383.0147870083109,1295.4937049060186
411,accelerate,3.3715457916259766,1.0,0.0,0.999765331230638,1,1,engaged,142.1065928397427,1503.771965430157,0.0,389.6623887296997,1293.1180151566539
412,accelerate,3.401660442352295,1.0,0.0,0.9997810746983329,1,1,engaged,157.7315928397427,1576.348377382951,0.0,402.44910815486446,1245.4131742887507
413,accelerate,3.4314403533935547,1.0,0.0,0.9997957619676434,1,1,engaged,173.3565928397427,1460.8111191549074,0.0,402.7141745465267,1236.2358614729496
414,accelerate,3.4603192806243896,1.0,0.0,0.9998094638968485,1,1,engaged,188.98159283974272,1449.6351135843959,0.0,405.89596940138176,1235.6422367973605
415,accelerate,3.48834228515625,1.0,0.0,0.9998222465904845,1,1,engaged,204.60659283974272,1434.5673979911596,0.0,411.3381649378673,1241.8996779234117
416,accelerate,3.5157625675201416,1.0,0.0,0.9998341717182634,1,1,engaged,220.23159283974272,1426.2394919017158,0.0,418.526607857571,1253.4835876040645
417,accelerate,3.5429229736328125,1.0,0.0,0.9998452968125975,1,1,engaged,235.85659283974275,1427.1124102047627,0.0,426.8306671494974,1268.3804266851243
418,accelerate,3.5701496601104736,1.0,0.0,0.9998556755461622,1,1,engaged,251.48159283974275,1435.662686748769,0.0,435.5853061646118,1284.4483045346938
419,accelerate,3.5976767539978027,1.0,0.0,0.9998653579908383,1,1,engaged,267.10659283974275,1449.0147024413345,0.0,444.25260243365847,1299.9771485615993
420,accelerate,3.6256232261657715,1.0,0.0,0.9998743908592825,1,1,engaged,282.73159283974275,1464.0861534628375,0.0,452.5072608278316,1313.9592578028305
421,accelerate,3.6540017127990723,1.0,0.0,0.9998828177302908,1,1,engaged,298.3565928397428,1478.400462487534,0.0,460.2479548310066,1326.1028355541953
422,accelerate,3.682750940322876,1.0,0.0,0.999890679259043,1,1,engaged,300.0,1490.4885894796469,0.0,467.5511617201487,1336.6645320353084
423,accelerate,3.711775541305542,1.0,0.0,0.9998980133732428,1,1,engaged,300.0,1499.9084410605685,0.0,474.5956011184553,1346.2068146302784
424,accelerate,3.740980863571167,1.0,0.0,0.9999048554560986,1,1,engaged,300.0,1507.007881134373,0.0,481.5865092086146,1355.3631070534016
425,accelerate,3.770293712615967,1.0,0.0,0.9999112385170288,1,1,engaged,300.0,1512.5785831803403,0.0,488.69877115569096,1364.6644984918162
426,accelerate,3.7996737957000732,1.0,0.0,0.9999171933509144,1,1,engaged,300.0,1517.5218399044147,0.0,496.04607825326735,1374.4481421658948
427,accelerate,3.8291127681732178,1.0,0.0,0.9999227486866685,1,1,engaged,300.0,1522.599182194653,0.0,503.67475086819263,1384.841912858495
428,accelerate,3.858623743057251,1.0,0.0,0.9999279313258375,1,1,engaged,300.0,1528.3002937666931,0.0,511.5749727854616,1395.803123275604
429,accelerate,3.8882341384887695,1.0,0.0,0.9999327662719045,1,1,engaged,300.0,1534.8234149758855,0.0,519.7003341756046,1407.1822754310579
430,accelerate,3.917973279953003,1.0,0.0,0.9999372768509183,1,1,engaged,300.0,1542.1123465661713,0.0,527.9910279830567,1418.7945292077122
431,accelerate,3.9478650093078613,1.0,0.0,0.9999414848240286,1,1,engaged,300.0,1549.9531863726202,0.0,536.3929150180514,1430.4770662079336
432,accelerate,3.977924346923828,1.0,0.0,0.9999454104924721,1,1,engaged,300.0,1558.08698170912,0.0,544.8682337835876,1442.1187633650939
433,accelerate,4.008156776428223,1.0,0.0,0.9999490727955156,1,1,engaged,300.0,1566.2814055005001,0.0,553.3994285556321,1453.6691513378248
434,accelerate,4.03856086730957,1.0,0.0,0.9999524894018275,1,1,engaged,300.0,1574.3769604592987,0.0,561.9869674418898,1465.1300006252802
435,accelerate,4.069130897521973,1.0,0.0,0.9999556767947196,1,1,engaged,300.0,1582.2992733730803,0.0,570.6438241205972,1476.5378534611582
436,accelerate,4.099859237670898,1.0,0.0,0.9999586503516713,1,1,engaged,300.0,1590.0478187566555,0.0,579.3888962406168,1487.9440716156405
437,accelerate,4.130740165710449,1.0,0.0,0.9999614244185163,1,1,engaged,300.0,1597.6729732130811,0.0,588.240879091785,1499.3977969533332
438,accelerate,4.161768913269043,1.0,0.0,0.999964012378655,1,1,engaged,300.0,1605.2459305571267,0.0,597.214454565799,1510.9356378153927
439,accelerate,4.1929450035095215,1.0,0.0,0.9999664267176214,1,1,engaged,300.0,1612.8361189980917,0.0,606.3184388828648,1522.5773798765372
440,accelerate,4.224268913269043,1.0,0.0,0.9999686790833195,1,1,engaged,300.0,1620.495137205905,0.0,615.5561360611,1534.3272955489579
441,accelerate,4.255743026733398,1.0,0.0,0.9999707803422185,1,1,engaged,300.0,1628.251766732957,0.0,624.9265682683911,1546.1782988810905
442,accelerate,4.2873711585998535,1.0,0.0,0.9999727406317772,1,1,engaged,300.0,1636.1125635900896,0.0,634.4264238989615,1558.1174566985503
443,accelerate,4.319156646728516,1.0,0.0,0.9999745694093524,1,1,engaged,300.0,1644.0669337925667,0.0,644.0521354591123,1570.131242973432
444,accelerate,4.351099967956543,1.0,0.0,0.9999762754978251,1,1,engaged,300.0,1652.09748531252,0.0,653.8009131003953,1582.2087628132156
445,accelerate,4.383203506469727,1.0,0.0,0.9999778671281668,1,1,engaged,300.0,1660.1852552212442,0.0,663.671331007799,1594.3432967013591
446,accelerate,4.415468215942383,1.0,0.0,0.9999793519791491,1,1,engaged,300.0,1668.31437412613,0.0,673.6637193474074,1606.5325777287999
447,accelerate,4.447895526885986,1.0,0.0,0.9999807372143898,1,1,engaged,300.0,1676.474675963599,0.0,683.7798671504089,1618.7780158853575
448,accelerate,4.4804840087890625,1.0,0.0,0.999982029516914,1,1,engaged,300.0,1684.662800118754,0.0,694.0224849605285,1631.0831895713748
449,accelerate,4.513235569000244,1.0,0.0,0.9999832351213951,1,1,engaged,300.0,1692.8804332424588,0.0,704.3944984615796,1643.4522401082165
450,accelerate,4.546149730682373,1.0,0.0,0.9999843598442351,1,1,engaged,300.0,1701.1314233158682,0.0,714.8989575143028,1655.889212598092
451,accelerate,4.579227924346924,1.0,0.0,0.9999854091116246,1,1,engaged,300.0,1709.4218433958858,0.0,725.5384414927063,1668.3969881743133
452,accelerate,4.612471580505371,1.0,0.0,0.9999863879857219,1,1,engaged,300.0,1717.756181340401,0.0,736.3152520846693,1680.9774588292287
453,accelerate,4.645880222320557,1.0,0.0,0.999987301189075,1,1,engaged,300.0,1726.1381608906383,0.0,747.2313459647925,1693.6315591240984
454,accelerate,4.679454803466797,1.0,0.0,0.9999881531274053,1,1,engaged,300.0,1734.5706227908438,0.0,758.2881631587386,1706.359320706851
455,accelerate,4.713194847106934,1.0,0.0,0.9999889479108632,1,1,engaged,300.0,1743.0539735880604,0.0,769.4870454739955,1719.1604737434475
456,accelerate,4.747104644775391,1.0,0.0,0.999989689373857,1,1,engaged,300.0,1751.5886566773336,0.0,780.8290982905795,1732.0344497244926
457,accelerate,4.781183242797852,1.0,0.0,0.9999903810935521,1,1,engaged,300.0,1760.1723003717777,0.0,792.3160177339341,1744.98141482334
458,accelerate,4.815432548522949,1.0,0.0,0.9999910264071289,1,1,engaged,300.0,1768.8048405234201,0.0,803.9494226768473,1758.0015800963897
459,accelerate,4.849853992462158,1.0,0.0,0.9999916284278829,1,1,engaged,300.0,1777.4851611026327,0.0,815.7312108537727,1771.0957065017421
460,accelerate,4.88444709777832,1.0,0.0,0.9999921900602448,1,1,engaged,300.0,1786.2131430204463,0.0,827.6634764018867,1784.264780694998
461,accelerate,4.919213771820068,1.0,0.0,0.9999927140137924,1,1,engaged,300.0,1794.9894446614958,0.0,839.748198841267,1797.5099010587012
462,accelerate,4.954153060913086,1.0,0.0,0.9999932028163238,1,1,engaged,300.0,1803.814709798519,0.0,851.9875059479142,1810.832162483661
463,accelerate,4.989245414733887,1.0,0.0,0.9999936588260515,1,1,engaged,300.0,1809.5288265995182,0.0,864.1275534931879,1823.7200324287057
464,accelerate,5.024453639984131,1.0,0.0,0.9999940842429805,1,1,engaged,300.0,1813.8329132181566,0.0,876.2087311371777,1836.2692272599936
465,accelerate,5.059745788574219,1.0,0.0,0.9999944811195218,1,1,engaged,300.0,1817.4470844878851,0.0,888.3424466949482,1848.7180496681112
466,accelerate,5.09509801864624,1.0,0.0,0.999994851370394,1,1,engaged,300.0,1820.6221304557268,0.0,900.6113331806847,1861.2423002807454
467,accelerate,5.130497932434082,1.0,0.0,0.999995196781861,1,1,engaged,300.0,1823.6126563669884,0.0,913.0618592509693,1873.9401076009647
468,accelerate,5.165942668914795,1.0,0.0,0.9999955190203498,1,1,engaged,300.0,1826.615905570541,0.0,925.7086212483969,1886.8407750383221
469,accelerate,5.201436996459961,1.0,0.0,0.99999581964049,1,1,engaged,300.0,1829.7530275302722,0.0,938.5434948401823,1899.9247546879856
470,accelerate,5.23698616027832,1.0,0.0,0.9999961000926144,1,1,engaged,300.0,1833.0698457113067,0.0,951.5466350770257,1913.147135050119
471,accelerate,5.272598743438721,1.0,0.0,0.9999963617297556,1,1,engaged,300.0,1836.5581825127774,0.0,964.695027795035,1926.4570314786295
472,accelerate,5.308365345001221,1.0,0.0,0.9999966058141738,1,1,engaged,300.0,1840.1765207304727,0.0,977.9691525411056,1939.811380519483
473,accelerate,5.344137668609619,1.0,0.0,0.999996833523447,1,1,engaged,300.0,1842.3096720415342,0.0,991.6480910999558,1953.7673155721934
474,accelerate,5.379979610443115,1.0,0.0,0.9999970459561515,1,1,engaged,300.0,1846.1751456333166,0.0,1005.4692815945041,1967.7781205384854
475,accelerate,5.41591215133667,1.0,0.0,0.9999972441371622,1,1,engaged,300.0,1850.366031547359,0.0,1019.3578681941808,1981.7053345781696
476,accelerate,5.45194149017334,1.0,0.0,0.9999974290225974,1,1,engaged,300.0,1854.6500770429634,0.0,1033.2794293971676,1995.486547636526
477,accelerate,5.488068580627441,1.0,0.0,0.9999976015044312,1,1,engaged,300.0,1858.8665929060717,0.0,1047.231551927725,2009.1192022184155
478,accelerate,5.524288177490234,1.0,0.0,0.9999977624147969,1,1,engaged,300.0,1862.9606553034525,0.0,1061.226649248537,2022.627639001933
479,accelerate,5.56059455871582,1.0,0.0,0.9999979125300016,1,1,engaged,300.0,1866.937008557919,0.0,1075.2801197278463,2036.041322959123
480,accelerate,5.596981048583984,1.0,0.0,0.9999980525742715,1,1,engaged,300.0,1870.7443753203443,0.0,1089.4200827206446,2049.414376628571
481,brake-rise,5.633064270019531,0.9583333333333334,0.05,0.9972028482393771,1,1,engaged,268.75,1875.9765529446743,0.0,1099.1511830797024,2059.594070208402
482,brake-rise,5.668095111846924,0.9166666666666667,0.1,0.9917998336997592,1,1,engaged,237.50000000000003,1877.1556016228683,0.0,1103.6771935007123,2065.399111228278
483,brake-rise,5.701202869415283,0.8750000000000001,0.15000000000000002,0.9839639618297352,1,1,engaged,206.25000000000003,1871.086935692258,0.0,1104.1148003692401,2066.995918752812
484,brake-rise,5.731457710266113,0.8333333333333335,0.2,0.9738584482582597,1,1,engaged,175.00000000000006,1851.8500000000008,0.0,1101.0184102923254,2069.996840733762
485,brake-rise,5.755823612213135,0.7916666666666669,0.25,0.9616355587977068,1,1,engaged,143.75000000000003,1521.1625000000004,0.0,1068.5987977591876,2187.5151730951407
486,brake-rise,5.771126747131348,0.7500000000000002,0.3,0.9474373440455981,1,1,engaged,112.50000000000003,1190.4750000000004,0.0,1029.1494500048088,2429.2086252821523
487,brake-rise,5.775590896606445,0.7083333333333336,0.35,0.9313963247033418,1,1,engaged,81.25000000000003,859.7875000000004,0.0,996.929611825961,2805.2290459589926
488,brake-rise,5.768913745880127,0.666666666666667,0.39999999999999997,0.9136361309182804,1,1,engaged,50.00000000000002,529.1000000000003,0.0,974.7993103786677,3326.0861023079888
489,brake-rise,5.751701354980469,0.6250000000000003,0.44999999999999996,0.8942720987335344,1,1,engaged,18.75000000000002,198.41250000000022,0.0,959.0643318178923,3987.0312102991725
490,brake-rise,5.72589111328125,0.5833333333333337,0.49999999999999994,0.8734118265231943,1,1,engaged,0.0,0.0,0.0,955.365295023217,4684.435906383096
491,brake-rise,5.6949357986450195,0.5416666666666671,0.5499999999999999,0.8511556940973675,1,1,engaged,0.0,0.0,0.0,968.057058728918,5330.036641680137
492,brake-rise,5.661533832550049,0.5000000000000004,0.6,0.8275973469814846,1,1,engaged,0.0,0.0,0.0,978.7862588930121,5895.430612703634
493,brake-rise,5.626788139343262,0.45833333333333376,0.65,0.8028241482062565,1,1,engaged,0.0,0.0,0.0,978.6361711617055,6390.312896704449
494,brake-rise,5.590634346008301,0.4166666666666671,0.7000000000000001,0.7769175997879291,1,1,engaged,0.0,0.0,0.0,966.8825840341855,6476.094497287886
495,brake-rise,5.552475929260254,0.3750000000000004,0.7500000000000001,0.7499537359322539,1,1,engaged,0.0,0.0,0.0,947.3418782275453,6474.780691023633
496,brake-rise,5.511690616607666,0.3333333333333337,0.8000000000000002,0.722003489859175,1,1,engaged,0.0,0.0,0.0,924.5206581603686,6471.161777136865
497,brake-rise,5.4678850173950195,0.291666666666667,0.8500000000000002,0.6931330360179668,1,1,engaged,0.0,0.0,0.0,901.4635763678147,6467.033820904955
498,brake-rise,5.420928478240967,0.25000000000000033,0.9000000000000002,0.6634041093438299,1,1,engaged,0.0,0.0,0.0,879.3597876609891,6462.441677475108
499,brake-rise,5.37086820602417,0.20833333333333368,0.9500000000000003,0.6328743030961861,1,1,engaged,0.0,0.0,0.0,858.0968872175519,6457.33249552645
500,brake-rise,5.317831039428711,0.16666666666666702,1.0,0.6015973467155882,1,1,engaged,0.0,0.0,0.0,837.0082629557032,6451.634193364236
501,brake-to-stop,5.262166500091553,0.12500000000000036,1.0,0.5696233650397524,1,1,engaged,0.0,0.0,0.0,817.8763994640174,6445.258915250416
502,brake-to-stop,5.204375743865967,0.0833333333333337,1.0,0.5369991201292968,1,1,engaged,0.0,0.0,0.0,800.4560306905782,6438.099975275281
503,brake-to-stop,5.14495849609375,0.04166666666666704,1.0,0.5037682368698645,1,1,engaged,0.0,0.0,0.0,783.8226884148762,6430.027128214267
504,brake-to-stop,5.084319591522217,3.7470027081099033e-16,1.0,0.46997141343904214,1,1,engaged,0.0,0.0,0.0,767.109367988378,6420.880281130446
505,brake-to-stop,5.022747039794922,0.0,1.0,0.4384419526373354,1,1,engaged,0.0,0.0,0.0,749.7801454978419,6411.002877505487
506,brake-to-stop,4.960424423217773,0.0,1.0,0.4090277415508654,1,1,engaged,0.0,0.0,0.0,731.6478661360436,6400.481546454021
507,brake-to-stop,4.897458076477051,0.0,1.0,0.3815868722229453,1,1,engaged,0.0,0.0,0.0,712.7766356149764,6389.328125633449
508,brake-to-stop,4.83390474319458,0.0,1.0,0.3559869570235078,1,1,engaged,0.0,0.0,0.0,693.3575727212174,6377.52989271647
509,brake-to-stop,4.769798755645752,0.0,1.0,0.33210448994905584,1,1,engaged,0.0,0.0,0.0,673.6061884968541,6365.065162327501
510,brake-to-stop,4.705169677734375,0.0,1.0,0.30982425077174736,1,1,engaged,0.0,0.0,0.0,653.7019326774898,6351.908536481741
511,brake-to-stop,4.640049457550049,0.0,1.0,0.28903874916294997,1,1,engaged,0.0,0.0,0.0,633.7682489003928,6338.032953008437
512,brake-to-stop,4.574470043182373,0.0,1.0,0.2696477061094566,1,1,engaged,0.0,0.0,0.0,613.8782326549696,6323.410488765776
513,brake-to-stop,4.508469104766846,0.0,1.0,0.25155757012047053,1,1,engaged,0.0,0.0,0.0,594.0725999608414,6308.012788339031
514,brake-to-stop,4.442085266113281,0.0,1.0,0.23468106589131546,1,1,engaged,0.0,0.0,0.0,574.3794189073287,6291.811274179485
515,brake-to-stop,4.375356197357178,0.0,1.0,0.21893677324641242,1,1,engaged,0.0,0.0,0.0,554.8290028595727,6274.777344031032
516,brake-to-stop,4.308316707611084,0.0,1.0,0.20424873433014698,1,1,engaged,0.0,0.0,0.0,535.4632693369769,6256.88239284663
517,brake-to-stop,4.240999221801758,0.0,1.0,0.19054608715053106,1,1,engaged,0.0,0.0,0.0,516.3399513817172,6238.098059647269
518,brake-to-stop,4.173430919647217,0.0,1.0,0.17776272370770219,1,1,engaged,0.0,0.0,0.0,497.5330303280472,6218.396234512109
519,brake-to-stop,4.105636119842529,0.0,1.0,0.1658369710579113,1,1,engaged,0.0,0.0,0.0,479.18570591049934,6197.749228211485
520,brake-to-stop,4.037639141082764,0.0,1.0,0.15471129377430265,1,1,engaged,0.0,0.0,0.0,461.4384971564379,6176.129827182913
521,brake-to-stop,3.9694576263427734,0.0,1.0,0.14433201636901655,1,1,engaged,0.0,0.0,0.0,444.37569087382275,6153.511436396625
522,brake-to-stop,3.9011013507843018,0.0,1.0,0.13464906433744908,1,1,engaged,0.0,0.0,0.0,428.0548468766893,6129.868201036492
523,brake-to-stop,3.8325765132904053,0.0,1.0,0.12561572257534476,1,1,engaged,0.0,0.0,0.0,412.51358264970133,6105.175046632861
524,brake-to-stop,3.763887405395508,0.0,1.0,0.11718841000321292,1,1,engaged,0.0,0.0,0.0,397.76614063406873,6079.407829555858
525,brake-to-stop,3.6950416564941406,0.0,1.0,0.10932646931075016,1,1,engaged,0.0,0.0,0.0,383.79582306723734,6052.54342148861
526,brake-to-stop,3.6260483264923096,0.0,1.0,0.10199197080689723,1,1,engaged,0.0,0.0,0.0,370.43975083352314,6024.559815537508
527,brake-to-stop,3.556915044784546,0.0,1.0,0.0951495294292112,1,1,engaged,0.0,0.0,0.0,357.53177063066204,5995.436189277834
528,brake-to-stop,3.4876484870910645,0.0,1.0,0.08876613402972,1,1,engaged,0.0,0.0,0.0,344.9126290704005,5964.69352406338
529,brake-to-stop,3.4182446002960205,0.0,1.0,0.08281098811365437,1,1,engaged,0.0,0.0,0.0,332.47857355553697,5929.962373353332
530,brake-to-stop,3.348602771759033,0.0,1.0,0.07725536126270606,1,1,engaged,0.0,0.0,0.0,320.472529366087,5891.5266439691595
531,brake-to-stop,3.278761625289917,0.0,1.0,0.0720724505260084,1,1,engaged,0.0,0.0,0.0,308.6145208204934,5849.645922717433
532,brake-to-stop,3.2087507247924805,0.0,1.0,0.06723725111012419,1,1,engaged,0.0,0.0,0.0,296.6779582624589,5804.557871540338
533,brake-to-stop,3.1385738849639893,0.0,1.0,0.06272643574418886,1,1,engaged,0.0,0.0,0.0,284.56996022045735,5756.480519409797
534,brake-to-stop,3.0682103633880615,0.0,1.0,0.058518242138209664,1,1,engaged,0.0,0.0,0.0,272.3178407582849,5705.614268073569
535,brake-to-stop,2.9976296424865723,0.0,1.0,0.054592367991566956,1,1,engaged,0.0,0.0,0.0,260.0188856756864,5652.143738498897
536,brake-to-stop,2.926802635192871,0.0,1.0,0.05092987304518928,1,1,engaged,0.0,0.0,0.0,247.78696748394196,5596.23927322388
537,brake-to-stop,2.8557090759277344,0.0,1.0,0.04751308770485607,1,1,engaged,0.0,0.0,0.0,235.71624718977736,5538.05838639058
538,brake-to-stop,2.7843384742736816,0.0,1.0,0.04432552779478375,1,1,engaged,0.0,0.0,0.0,223.86778177988745,5477.746873774337
539,brake-to-stop,2.712691307067871,0.0,1.0,0.041351815030226696,1,1,engaged,0.0,0.0,0.0,212.27203737757912,5415.4399797696315
540,brake-to-stop,2.640773057937622,0.0,1.0,0.038577602825415495,1,1,engaged,0.0,0.0,0.0,200.93986913365853,5351.263253192477
541,brake-to-stop,2.568591833114624,0.0,1.0,0.035989507078895124,1,1,engaged,0.0,0.0,0.0,189.87430710237294,5285.3335421407855
542,brake-to-stop,2.4961559772491455,0.0,1.0,0.03357504160233917,1,1,engaged,0.0,0.0,0.0,179.08165105738482,5217.759832950211
543,brake-to-stop,2.4234769344329834,0.0,1.0,0.03132255788131827,1,1,engaged,0.0,0.0,0.0,168.56197135582295,5148.643650308055
544,brake-to-stop,2.3505659103393555,0.0,1.0,0.029221188877400522,1,1,engaged,0.0,0.0,0.0,158.31748737459617,5078.079734962351
545,brake-to-stop,2.2774412631988525,0.0,1.0,0.02726079660045883,1,1,engaged,0.0,0.0,0.0,148.39485341551912,5006.156677459548
546,brake-to-stop,2.2041375637054443,0.0,1.0,0.02543192319824933,1,1,engaged,0.0,0.0,0.0,138.8572020378379,4932.957359803248
547,brake-to-stop,2.1306989192962646,0.0,1.0,0.023725745327294153,1,1,engaged,0.0,0.0,0.0,129.69939226878063,4858.559431782268
548,brake-to-stop,2.0571653842926025,0.0,1.0,0.02213403158493219,1,1,engaged,0.0,0.0,0.0,120.89238292913376,4783.035707288025
549,brake-to-stop,1.9835712909698486,0.0,1.0,0.02064910279717013,1,1,engaged,0.0,0.0,0.0,112.40742502497794,4706.454461424033
550,brake-to-stop,1.9099407196044922,0.0,1.0,0.019263794970743715,1,1,engaged,0.0,0.0,0.0,104.22557398678171,4628.879859844842
551,brake-to-stop,1.836289882659912,0.0,1.0,0.01797142473065259,1,1,engaged,0.0,0.0,0.0,96.33883384794964,4550.3722350310845
552,brake-to-stop,1.762656807899475,0.0,1.0,0.01676575707642317,1,1,engaged,0.0,0.0,0.0,88.74710683209142,4470.988323043592
553,brake-to-stop,1.6890546083450317,0.0,1.0,0.015640975301540627,1,1,engaged,0.0,0.0,0.0,81.38919546004503,4390.745966170652
554,brake-to-stop,1.6154361963272095,0.0,1.0,0.01459165293092722,1,1,engaged,0.0,0.0,0.0,74.36208456479108,4309.641770933059
555,brake-to-stop,1.5417990684509277,0.0,1.0,0.013612727541080179,1,1,engaged,0.0,0.0,0.0,67.67352318597956,4227.734643693988
556,brake-to-stop,1.4681458473205566,0.0,1.0,0.012699476336565223,1,1,engaged,0.0,0.0,0.0,61.318918511453575,4145.079785088537
557,brake-to-stop,1.3944817781448364,0.0,1.0,0.011847493365035251,1,1,engaged,0.0,0.0,0.0,55.28999257136258,4061.728980124465
558,brake-to-stop,1.32081139087677,0.0,1.0,0.011052668260848757,1,1,engaged,0.0,0.0,0.0,49.57953477527525,3977.7307731615615
559,brake-to-stop,1.2471383810043335,0.0,1.0,0.010311166414737217,1,1,engaged,0.0,0.0,0.0,44.1829466872754,3893.1307673656984
560,brake-to-stop,1.1734641790390015,0.0,1.0,0.009619410473850612,1,1,engaged,0.0,0.0,0.0,39.098111224522775,3807.9717625981384
561,brake-to-stop,1.0997891426086426,0.0,1.0,0.008974063082928634,1,1,engaged,0.0,0.0,0.0,34.324567021890076,3722.294021487438
562,brake-to-stop,1.0261138677597046,0.0,1.0,0.008372010783332879,1,1,engaged,0.0,0.0,0.0,29.86257941901454,3636.135424913384
563,brake-to-stop,0.9524953365325928,0.0,1.0,0.007810348992261414,1,1,engaged,0.0,0.0,0.0,25.6516650118437,3549.5316378472758
564,brake-to-stop,0.8790649771690369,0.0,1.0,0.007286367989678377,1,1,engaged,0.0,0.0,0.0,21.630245098421334,3462.516326774475
565,brake-to-stop,0.8058069944381714,0.0,1.0,0.006797539845353012,1,1,engaged,0.0,0.0,0.0,17.872319225017833,3375.121274256755
566,brake-to-stop,0.7326685786247253,0.0,1.0,0.006341506222938026,1,1,engaged,0.0,0.0,0.0,14.44344477847772,3287.3765252711446
567,brake-to-stop,0.6596105694770813,0.0,1.0,0.005916067002248409,1,1,engaged,0.0,0.0,0.0,11.380805176849671,3199.310565074519
568,brake-to-stop,0.5866138935089111,0.0,1.0,0.005519169664849277,1,1,engaged,0.0,0.0,0.0,8.695759958844908,3110.9499048305506
569,brake-to-stop,0.5136746168136597,0.0,1.0,0.005148899391743815,1,1,engaged,0.0,0.0,0.0,6.384681804112206,3022.2597923777034
570,brake-to-stop,0.4407975971698761,0.0,1.0,0.004803469825387913,1,1,engaged,0.0,0.0,0.0,4.439072717307364,2933.2728664066553
571,brake-to-stop,0.3679896891117096,0.0,1.0,0.004481214451463146,1,1,engaged,0.0,0.0,0.0,2.8514285174212337,2844.0199519500584
572,brake-to-stop,0.2952559292316437,0.0,1.0,0.004180578558829699,1,1,engaged,0.0,0.0,0.0,1.6172745053227482,2754.530321717328
573,brake-to-stop,0.22259804606437683,0.0,1.0,0.0039001117388702904,1,1,engaged,0.0,0.0,0.0,0.734445759561633,2664.831705042341
574,brake-to-stop,0.14772027730941772,0.0,1.0,0.003638460888038409,1,1,engaged,0.0,0.0,0.0,0.4509253671187538,2574.9506025094183
575,reverse-input-wait,0.07346298545598984,0.0,1.0,0.003394363679851873,1,1,engaged,0.0,0.0,0.008333333333333333,0.18894650750329708,2486.971300126187
576,reverse-input-wait,0.0002283990033902228,0.0,1.0,0.0031666424748375424,1,1,engaged,0.0,0.0,0.016666666666666666,0.011376830898049698,2403.628264512311
577,reverse-input-wait,-0.07055919617414474,0.0,1.0,0.0029541986390459,1,1,engaged,0.0,0.0,0.025,1.67923880218201e-06,2324.680209099972
578,reverse-input-wait,-0.13590200245380402,0.0,1.0,0.0027560072437253533,1,1,engaged,0.0,0.0,0.03333333333333333,1.066564062273986e-05,2249.8977983906293
579,reverse-input-wait,-0.19391471147537231,0.0,1.0,0.002571112120584998,1,1,engaged,0.0,0.0,0.041666666666666664,0.00012057991750923138,2179.0631171617915
580,reverse-input-wait,-0.24306954443454742,0.0,1.0,0.0023986212487901062,1,1,engaged,0.0,0.0,0.049999999999999996,0.0004968856506737142,2111.969182683191
581,reverse-input-wait,-0.28174319863319397,0.0,1.0,0.0022377024514350454,1,1,engaged,0.0,0.0,0.05833333333333333,0.0014143901616404013,2048.4194466705103
582,reverse-input-wait,-0.30901074409484863,0.0,1.0,0.002087579380731394,1,1,engaged,0.0,0.0,0.06666666666666667,0.0032415979349086107,1988.2273604727684
583,reverse-input-wait,-0.32522818446159363,0.0,1.0,0.0019475277725419118,1,1,engaged,0.0,0.0,0.075,0.006337665998791699,1931.2158532566814
584,reverse-input-wait,-0.33075016736984253,0.0,1.0,0.0018168719521904895,1,1,engaged,0.0,0.0,0.08333333333333333,0.011025577378997568,1877.2169752118607
585,reverse-input-wait,-0.32626599073410034,0.0,1.0,0.0016949815746904531,1,1,engaged,0.0,0.0,0.09166666666666666,0.017517766047727465,1826.0713685304188
586,reverse-input-wait,-0.31275254487991333,0.0,1.0,0.0015812685836645649,1,1,engaged,0.0,0.0,0.09999999999999999,0.025860606741160752,1777.6279509675583
587,reverse-input-wait,-0.2914184331893921,0.0,1.0,0.0014751843742851173,1,1,engaged,0.0,0.0,0.10833333333333332,0.03589974135795664,1731.7386789347895
588,reverse-input-wait,-0.26364219188690186,0.0,1.0,0.0013762171465468162,1,1,engaged,0.0,0.0,0.11666666666666665,0.04727211301984186,1688.2639545625607
589,reverse-input-wait,-0.23042257130146027,0.0,1.0,0.0012838894361033965,1,1,engaged,0.0,0.0,0.12499999999999999,0.05954410393045912,1647.0772392655924
590,reverse-input-wait,-0.1927337646484375,0.0,1.0,0.0011977558107555688,1,1,engaged,0.0,0.0,0.13333333333333333,0.07219394424438523,1608.0583939781948
591,reverse-input-wait,-0.15246176719665527,0.0,1.0,0.0011174007214770749,1,1,engaged,0.0,0.0,0.14166666666666666,0.08437858852101746,1571.0933686017179
592,reverse-input-wait,-0.11119353771209717,0.0,1.0,0.0010424364976111909,1,1,engaged,0.0,0.0,0.15,0.09528179853320848,1536.0739769565118
593,reverse-input-wait,-0.07044639438390732,0.0,1.0,0.000972501476565568,1,1,engaged,0.0,0.0,0.15833333333333333,0.10412861506204296,1502.897553742075
594,reverse-input-wait,-0.031617242842912674,0.0,1.0,0.0009072582589821795,1,1,engaged,0.0,0.0,0.16666666666666666,0.1102650695344674,1471.466774516294
595,reverse-input-wait,0.004060703795403242,0.0,1.0,0.0008463920809644954,1,1,engaged,0.0,0.0,0.175,0.11322603450534063,1441.6893431017943
596,reverse-input-wait,0.035557009279727936,0.0,1.0,0.0007896092955087446,1,1,engaged,0.0,0.0,0.18333333333333332,0.11278284726957886,1413.4777911459462
597,reverse-input-wait,0.06205131858587265,0.0,1.0,0.0007366359558129773,1,1,engaged,0.0,0.0,0.19166666666666665,0.10896486746466254,1386.7492024027051
598,reverse-input-wait,0.08297630399465561,0.0,1.0,0.0006872164936291448,1,1,engaged,0.0,0.0,0.19999999999999998,0.10205374858554012,1361.425041907123
599,reverse-input-wait,0.09800513088703156,0.0,1.0,0.000641112486281947,1,1,engaged,0.0,0.0,0.20833333333333331,0.0925524411325456,1337.4308568565093
600,reverse-input-wait,0.10705241560935974,0.0,1.0,0.0005981015064059693,1,1,engaged,0.0,0.0,0.21666666666666665,0.08113128458487504,1314.6961857788378
601,reverse-input-wait,0.11026204377412796,0.0,1.0,0.0005579760488516988,1,1,engaged,0.0,0.0,0.22499999999999998,0.06856085383954905,1293.1542506703922
602,reverse-input-wait,0.10798726975917816,0.0,1.0,0.0005205425295833131,1,1,engaged,0.0,0.0,0.2333333333333333,0.05563850508516928,1272.7418390442294
603,reverse-input-wait,0.10076411813497543,0.0,1.0,0.00048562035173845333,1,1,engaged,0.0,0.0,0.24166666666666664,0.04311644476961212,1253.3990960756635
604,reverse-input-wait,0.08927983045578003,0.0,1.0,0.00045304103434421655,1,1,engaged,0.0,0.0,0.24999999999999997,0.031640392714220436,1235.0693371394245
605,reverse-input-wait,0.07433757185935974,0.0,1.0,0.00042264739948588405,1,1,engaged,0.0,0.0,0.2583333333333333,0.021704033391004414,1217.6989164647646
606,reverse-input-wait,0.056818921118974686,0.0,1.0,0.0003942928140069059,1,1,engaged,0.0,0.0,0.26666666666666666,0.013622298056170868,1201.2370200341893
607,reverse-input-wait,0.03764579817652702,0.0,1.0,0.0003678404820817475,1,1,engaged,0.0,0.0,0.275,0.007525398672836987,1185.6355788739606
608,reverse-input-wait,0.017743216827511787,0.0,1.0,0.0003431627852486364,1,1,engaged,0.0,0.0,0.2833333333333334,0.003371444455368043,1170.8490739431859
609,reverse-input-wait,-0.0019958449993282557,0.0,1.0,0.00032014066671821905,1,1,engaged,0.0,0.0,0.29166666666666674,0.0009748467050376604,1156.8344219642297
610,reverse-input-wait,-0.020743967965245247,0.0,1.0,0.0002986630569877421,1,1,engaged,0.0,0.0,0.3000000000000001,4.484822942397495e-05,1143.5506166054827
611,reverse-input-wait,-0.03775790333747864,0.0,1.0,0.00027862633798965284,1,1,engaged,0.0,0.0,0.30833333333333346,0.00022668105189358611,1130.9593883709938
612,reverse-input-wait,-0.05242469161748886,0.0,1.0,0.00025993384318941895,1,1,engaged,0.0,0.0,0.3166666666666668,0.0010942577281905755,1119.0243796653594
613,reverse-input-wait,-0.06426071375608444,0.0,1.0,0.0002424953912208062,1,1,engaged,0.0,0.0,0.3250000000000002,0.0022682988511991188,1107.7107473654887
614,reverse-input-wait,-0.07292348891496658,0.0,1.0,0.00022622685080865058,1,1,engaged,0.0,0.0,0.33333333333333354,0.0034599589292959873,1096.9857415013835
615,reverse-input-wait,-0.07821575552225113,0.0,1.0,0.00021104973488010893,1,1,engaged,0.0,0.0,0.3416666666666669,0.004462032643565957,1086.8183845414526
616,reverse-input-wait,-0.08008366078138351,0.0,1.0,0.00019689082190619015,1,1,engaged,0.0,0.0,0.35000000000000026,0.005151318798613608,1077.1793434712292
617,reverse-input-wait,-0.07860984653234482,0.0,1.0,0.00018368180264674057,1,1,engaged,0.0,0.0,0.3583333333333336,0.005480033623623372,1068.0408859666975
618,reverse-input-wait,-0.07400181889533997,0.0,1.0,0.00017135895059461586,1,1,engaged,0.0,0.0,0.366666666666667,0.005461291803426193,1059.3767139596196
619,reverse-input-wait,-0.06657655537128448,0.0,1.0,0.00015986281452910742,1,1,engaged,0.0,0.0,0.37500000000000033,0.005151099804454103,1051.1619495935677
620,reverse-input-wait,-0.05674184113740921,0.0,1.0,0.00014913793169535656,1,1,engaged,0.0,0.0,0.3833333333333337,0.004629797141556202,1043.3730327865674
621,reverse-input-wait,-0.044975508004426956,0.0,1.0,0.00013913256022599958,1,1,engaged,0.0,0.0,0.39166666666666705,0.003985231768954869,1035.9876774088834
622,reverse-input-wait,-0.03180320933461189,1.0,0.0,0.06721783804236671,1,-1,releasing,0.0,0.0,0.4000000000000004,0.0032991429743308887,1033.5954896112462
623,gear-actuator-wait,-0.017775902524590492,1.0,0.0,0.12979636467394268,1,-1,releasing,0.0,0.0,0.40833333333333377,0.0026380220465546124,1035.3560849114776
624,gear-actuator-wait,-0.004287397023290396,1.0,0.0,0.18817662063194554,1,-1,releasing,0.0,0.0,0.41666666666666713,0.01975289477924885,1040.5878383592878
625,gear-actuator-wait,0.006755147594958544,1.0,0.0,0.24264025966562944,1,-1,releasing,0.0,0.0,0.4250000000000005,0.18341184676808567,1043.805128341357
626,gear-actuator-wait,0.014447245746850967,1.0,0.0,0.29345003992636143,1,-1,releasing,0.0,0.0,0.43333333333333385,0.3413022489313567,1042.8468001696742
627,gear-actuator-wait,0.019040867686271667,1.0,0.0,0.3408510916362411,1,-1,releasing,0.0,0.0,0.4416666666666672,0.3030353283695522,1040.067049679023
628,gear-actuator-wait,0.0214203130453825,1.0,0.0,0.3850720997113175,1,-1,releasing,0.0,0.0,0.45000000000000057,0.15584042896580527,1040.891541275252
629,gear-actuator-wait,0.022492093965411186,1.0,0.0,0.4263264070449329,1,-1,releasing,0.0,0.0,0.4583333333333339,0.04524914081599162,1045.8135345384624
630,gear-actuator-wait,0.022910114377737045,1.0,0.0,0.46481304377394994,1,-1,releasing,0.0,0.0,0.4666666666666673,0.004486990780661242,1054.5088058054232
631,gear-actuator-wait,0.02300344966351986,1.0,0.0,0.5007176874935252,1,-1,releasing,0.0,0.0,0.47500000000000064,0.001394135924002162,1066.6819312923853
632,gear-actuator-wait,0.022673629224300385,1.0,0.0,0.5342135590529562,1,-1,releasing,0.0,0.0,0.483333333333334,0.0013990539929903505,1082.0628689758316
633,gear-actuator-wait,0.022021153941750526,1.0,0.0,0.5654622582543412,1,-1,releasing,0.0,0.0,0.49166666666666736,0.003875403934026413,1100.3001695157939
634,gear-actuator-wait,0.021300578489899635,1.0,0.0,0.5946145434858534,1,-1,releasing,0.0,0.0,0.5000000000000007,0.010521783120610638,1121.2052700577005
635,gear-actuator-wait,0.020663876086473465,1.0,0.0,0.6218110590509488,1,-1,releasing,0.0,0.0,0.508333333333334,0.016860586040938208,1144.5777631052222
636,gear-actuator-wait,0.020249366760253906,1.0,0.0,0.6471830137024815,1,-1,releasing,0.0,0.0,0.5166666666666673,0.020198449378489913,1170.2879616058383
637,gear-actuator-wait,0.020098533481359482,1.0,0.0,0.6708528136552967,-1,-1,engaging,0.0,-0.0,0.5250000000000006,0.020647258814156185,1198.1561435173091
638,reverse-launch,0.019655045121908188,1.0,0.0,0.6929346531312491,-1,-1,engaged,6.349063912289168,-62.0176562952406,0.5333333333333339,0.010250830550820529,1203.2090124460826
639,reverse-launch,0.017462238669395447,1.0,0.0,0.7135350652857142,-1,-1,engaged,21.97406391228917,-214.64265629524067,0.5416666666666672,0.08827233294669135,1337.6405410548593
640,reverse-launch,0.01217016763985157,1.0,0.0,0.7327534361735194,-1,-1,engaged,37.59906391228917,-367.2676562952406,0.5500000000000005,0.3387951044537801,1385.6606505241102
641,reverse-launch,0.00409829244017601,1.0,0.0,0.750682484233909,-1,-1,engaged,42.6033415077134,-416.1494398473446,0.5583333333333338,0.355570532190138,1386.7216788142794
642,reverse-launch,-0.005328930448740721,1.0,0.0,0.7674087076078026,-1,-1,engaged,43.148806480436804,-421.4775417009068,0.5666666666666671,0.1658431427697607,1388.0953411414062
643,reverse-launch,-0.014982495456933975,1.0,0.0,0.7830128014454149,-1,-1,engaged,44.3865297013126,-433.56762212242154,0.5750000000000004,0.04977724502984465,1389.7294191713536
644,reverse-launch,-0.02432362362742424,1.0,0.0,0.7975700472175268,-1,-1,engaged,45.611559787296514,-445.5337160023124,0.5833333333333337,0.022268981306777177,1391.5752522647074
645,reverse-launch,-0.03331370651721954,1.0,0.0,0.8111506759086252,-1,-1,engaged,46.819404947848454,-457.33194753058376,0.591666666666667,0.030862926464441068,1393.608398003495
646,reverse-launch,-0.04215449094772339,1.0,0.0,0.8238202068441278,-1,-1,engaged,48.01109003381049,-468.97232745026093,0.6000000000000003,0.056567321862053946,1395.8064749268178
647,reverse-launch,-0.05105653032660484,1.0,0.0,0.8356397637863532,-1,-1,engaged,48.82220685447338,-476.89531655449605,0.6083333333333336,0.09707291023929654,1398.148412651844
648,reverse-launch,-0.060100652277469635,1.0,0.0,0.8466663698242322,-1,-1,engaged,49.02378221450764,-478.86430467131066,0.6166666666666669,0.14191406980431231,1400.614284811462
649,reverse-launch,-0.06930472701787949,1.0,0.0,0.8569532224794466,-1,-1,engaged,49.532404627468196,-483.8325284011094,0.6250000000000002,0.19004978963756136,1403.185525428364
650,reverse-launch,-0.07867536693811417,1.0,0.0,0.8665499503562364,-1,-1,engaged,50.262278830524735,-490.96193961656564,0.6333333333333335,0.24277990329805396,1405.8449913545141
651,reverse-launch,-0.08821746706962585,1.0,0.0,0.8755028525730744,-1,-1,engaged,51.11455623123721,-499.2869852667251,0.6416666666666668,0.30141143687520566,1408.5768939073455
652,reverse-launch,-0.0979355052113533,1.0,0.0,0.8838551221313391,-1,-1,engaged,52.030428648264504,-508.23322703624774,0.6500000000000001,0.3668014478804275,1411.366727957201
653,reverse-launch,-0.10783296823501587,1.0,0.0,0.8916470542986218,-1,-1,engaged,52.977280067079896,-517.4820716952365,0.6583333333333334,0.4394352450036012,1414.201166321206
654,reverse-launch,-0.11791156232357025,1.0,0.0,0.8989162410120051,-1,-1,engaged,53.93719633272146,-526.8585337780233,0.6666666666666667,0.5196236403375616,1417.067971668035
655,reverse-launch,-0.12817120552062988,1.0,0.0,0.9056977522392077,-1,-1,engaged,54.90044817033949,-536.2675777278762,0.675,0.6076655220349372,1419.9559548873756
656,reverse-launch,-0.13861049711704254,1.0,0.0,0.9120243051725647,-1,-1,engaged,55.86188619264759,-545.6589043297816,0.6833333333333333,0.7039247157297968,1422.8548699387686
657,reverse-launch,-0.1492273509502411,1.0,0.0,0.9179264220721159,-1,-1,engaged,56.81891732887239,-555.0071844684255,0.6916666666666667,0.8088310008942257,1425.7553709714568
658,reverse-launch,-0.16001953184604645,1.0,0.0,0.9234325775193104,-1,-1,engaged,57.77036200939578,-564.300896107778,0.7,0.9228427014805004,1428.6489375174817
659,reverse-launch,-0.17098499834537506,1.0,0.0,0.9285693357917489,-1,-1,engaged,58.71580600050898,-573.5359930129717,0.7083333333333333,1.0464072287300685,1431.5278471324525
660,reverse-launch,-0.18212205171585083,1.0,0.0,0.9333614790217245,-1,-1,engaged,59.65523516559447,-582.7123370975269,0.7166666666666666,1.179939814729274,1434.3850816252864
661,reverse-launch,-0.19342923164367676,1.0,0.0,0.937832126756857,-1,-1,engaged,60.58882480684365,-591.8316407132488,0.7249999999999999,1.3238223512802278,1437.2142861181478
662,reverse-launch,-0.20490528643131256,1.0,0.0,0.9420028474996398,-1,-1,engaged,61.51682191321259,-600.8963164482607,0.7333333333333332,1.4784151968171848,1440.0097149816472
663,reverse-launch,-0.21654903888702393,1.0,0.0,0.9458937627640166,-1,-1,engaged,62.439510067970865,-609.9091343439395,0.7416666666666665,1.6440731920190566,1442.766202004937
664,reverse-launch,-0.22835926711559296,1.0,0.0,0.9495236441510067,-1,-1,engaged,63.35717180791809,-618.872854219744,0.7499999999999998,1.8211569817844815,1445.4790864829095
665,reverse-launch,-0.24033485352993011,1.0,0.0,0.9529100039117163,-1,-1,engaged,64.27007866352626,-627.7901283853246,0.7583333333333331,2.0100377160329033,1448.1442027648666
666,reverse-launch,-0.2522090673446655,1.0,0.0,0.9560691794346562,-1,-1,engaged,65.17850957926255,-636.6636815702367,0.7666666666666664,2.296814722371085,1450.7578466587556
667,reverse-launch,-0.26421603560447693,1.0,0.0,0.9590164120649691,-1,-1,engaged,64.93459696373893,-634.2811431418019,0.7749999999999997,2.535501079477777,1453.317508992233
668,reverse-launch,-0.27634376287460327,1.0,0.0,0.9617659206358313,-1,-1,engaged,65.4203920707319,-639.0263897469093,0.783333333333333,2.7735049976959316,1455.820353869836
669,reverse-launch,-0.28859519958496094,1.0,0.0,0.9643309700667756,-1,-1,engaged,66.0489201994188,-645.165852507923,0.7916666666666663,3.019015335386828,1458.2639076558446
670,reverse-launch,-0.3009726107120514,1.0,0.0,0.9667239353598878,-1,-1,engaged,66.73137923612478,-651.832112378467,0.7999999999999996,3.274978248381033,1460.646015290822
671,reverse-launch,-0.31347769498825073,1.0,0.0,0.9689563613026234,-1,-1,engaged,67.43975259103257,-658.7515033092062,0.8083333333333329,3.5428591088227277,1462.9647889392268
672,reverse-launch,-0.32611143589019775,1.0,0.0,0.97103901816528,-1,-1,engaged,68.16049872713211,-665.7917515666265,0.8166666666666662,3.8234551952400935,1465.2186288724092
673,reverse-launch,-0.3388741612434387,1.0,0.0,0.9729819536618348,-1,-1,engaged,68.88632303092757,-672.8816033661005,0.8249999999999995,4.117272970106125,1467.4061424369668
674,reverse-launch,-0.3517656922340393,1.0,0.0,0.9747945414248316,-1,-1,engaged,69.61323167063476,-679.9820469587604,0.8333333333333328,4.424730440808808,1469.5261994550578
675,reverse-launch,-0.3647853136062622,1.0,0.0,0.9764855262281826,-1,-1,engaged,70.33908217377162,-687.0721546734012,0.8416666666666661,4.746240832261372,1471.5778700050155
676,reverse-launch,-0.37793219089508057,1.0,0.0,0.9780630661760616,-1,-1,engaged,71.06271549459277,-694.1406049511822,0.8499999999999994,5.08222473990531,1473.5603980096987
677,reverse-launch,-0.39120543003082275,1.0,0.0,0.9795347720614266,-1,-1,engaged,71.78356542951069,-701.1818671154605,0.8583333333333327,5.433097596381288,1475.4732137325036
678,reverse-launch,-0.40460410714149475,1.0,0.0,0.9809077440840557,-1,-1,engaged,72.50137094080536,-708.1933913497868,0.866666666666666,5.799253794936866,1477.315911978744
679,reverse-launch,-0.4181273281574249,1.0,0.0,0.9821886061052433,-1,-1,engaged,73.2160265833469,-715.1741476661326,0.8749999999999993,6.181058243250194,1479.0882618869348
680,reverse-launch,-0.4317377507686615,1.0,0.0,0.9833835376044149,-1,-1,engaged,73.49750978345496,-717.9236755647881,0.8833333333333326,6.5502814055775715,1480.7900828204242
681,reverse-launch,-0.44537419080734253,1.0,0.0,0.9844983034918354,-1,-1,engaged,73.5419906540222,-718.358164708489,0.8916666666666659,6.912018742714553,1482.421493517648
682,reverse-launch,-0.45899200439453125,1.0,0.0,0.9855382819212416,-1,-1,engaged,73.5845690221088,-718.7740702079587,0.8999999999999992,7.290549889453021,1483.9829092119915
683,reverse-launch,-0.472573846578598,1.0,0.0,0.9865084902365793,-1,-1,engaged,73.62530726226461,-719.1720013378008,0.9083333333333325,7.6963865845150305,1485.4749827579983
684,reverse-launch,-0.48612213134765625,1.0,0.0,0.9874136091780248,-1,-1,engaged,73.66428488217848,-719.5527347291195,0.9166666666666659,8.129220682332072,1486.8984872358462
685,reverse-launch,-0.4996476471424103,1.0,0.0,0.9882580054640723,-1,-1,engaged,73.70159217276881,-719.9171523436058,0.9249999999999992,8.583360588360003,1488.2542654667898
686,reverse-launch,-0.513161301612854,1.0,0.0,0.9890457528586325,-1,-1,engaged,73.73732114936084,-720.2661529869567,0.9333333333333325,9.052427369100137,1489.5431800957126
687,reverse-launch,-0.5266698002815247,1.0,0.0,0.9897806518247816,-1,-1,engaged,73.77155893864875,-720.6005877127211,0.9416666666666658,9.532019061107723,1490.7661111304033
688,reverse-launch,-0.5401753783226013,1.0,0.0,0.9904662478599782,-1,-1,engaged,73.80438461362573,-720.9212289058962,0.9499999999999991,10.020363713537751,1491.9239626312888
689,reverse-launch,-0.5536769032478333,1.0,0.0,0.9911058486012071,-1,-1,engaged,73.83586932851462,-721.2287716009308,0.9583333333333324,10.517685770316413,1493.0176755209825
690,reverse-launch,-0.5671724081039429,1.0,0.0,0.9917025397825721,-1,-1,engaged,73.86607758445618,-721.5238458449682,0.9666666666666657,11.025130575494652,1494.0482188896658
691,reverse-launch,-0.5806595683097839,1.0,0.0,0.9922592001223249,-1,-1,engaged,73.89506948681284,-721.807038747188,0.974999999999999,11.543879941326335,1495.01660879036
692,reverse-launch,-0.5941371917724609,1.0,0.0,0.9927785152111536,-1,-1,engaged,73.92290152110154,-722.07890205812,0.9833333333333323,12.074679957010542,1495.923891198062
693,reverse-launch,-0.6076047420501709,1.0,0.0,0.9932629904687313,-1,-1,engaged,73.94962788258735,-722.3399651571134,0.9916666666666656,12.617767666531059,1496.7711332294823
694,reverse-launch,-0.6210625171661377,1.0,0.0,0.9937149632310373,-1,-1,engaged,73.9753002587364,-722.5907329273373,0.9999999999999989,13.173023219422985,1497.5594235363594
695,reverse-launch,-0.6345103979110718,1.0,0.0,0.9941366140267617,-1,-1,engaged,73.99996819001528,-722.8316892800693,1.0083333333333322,13.740181892047492,1498.289857472742
696,reverse-launch,-0.6479485034942627,1.0,0.0,0.9945299770971997,-1,-1,engaged,74.02367815161927,-723.0632881850171,1.0166666666666655,14.318982065383533,1498.963548089769
697,reverse-launch,-0.661376953125,1.0,0.0,0.9948969502103859,-1,-1,engaged,74.04647434541036,-723.2859614059685,1.0249999999999988,14.909253142795283,1499.581598989971
