tick,time_s,body_wx,body_wy,body_wz,engine_absolute_omega,left_absolute_omega,right_absolute_omega,clutch_torque_nm,clutch_slip_radps,clutch_work_j,BE_loss_j,combustion_work_j,external_output_work_j,energy_balance_j,momentum_balance_nms
1,0.0020833333333333333,0.05725844169039305,-0.1843469659737958,0.3001055128637764,464.3558131770766,-33.7627912152823,-43.7627912152823,3421.841935000651,0.0,0.0,1145.2532797308388,0.0,0.0,4.774847184307873e-12,2.842170943040401e-14
2,0.004166666666666667,0.05725844169039305,-0.1843469659737958,0.3001055128637764,464.3558131770766,-33.7627912152823,-43.7627912152823,0.0,0.0,0.0,0.0,0.0,0.0,0.0,0.0
3,0.00625,0.05725844169039305,-0.1843469659737958,0.3001055128637764,464.3558131770766,-33.7627912152823,-43.7627912152823,0.0,0.0,0.0,0.0,0.0,0.0,0.0,0.0
4,0.008333333333333333,0.05725844169039305,-0.1843469659737958,0.3001055128637764,464.3558131770766,-33.7627912152823,-43.7627912152823,0.0,0.0,0.0,0.0,0.0,0.0,0.0,0.0
5,0.010416666666666666,0.05725844169039305,-0.1843469659737958,0.3001055128637764,464.3558131770766,-33.7627912152823,-43.7627912152823,0.0,0.0,0.0,0.0,0.0,0.0,0.0,0.0
6,0.0125,0.05725844169039305,-0.1843469659737958,0.3001055128637764,464.3558131770766,-33.7627912152823,-43.7627912152823,0.0,0.0,0.0,0.0,0.0,0.0,0.0,0.0
7,0.014583333333333334,0.05725844169039305,-0.1843469659737958,0.3001055128637764,464.3558131770766,-33.7627912152823,-43.7627912152823,0.0,0.0,0.0,0.0,0.0,0.0,0.0,0.0
8,0.016666666666666666,0.05725844169039305,-0.1843469659737958,0.3001055128637764,464.3558131770766,-33.7627912152823,-43.7627912152823,0.0,0.0,0.0,0.0,0.0,0.0,0.0,0.0
9,0.01875,0.05725844169039305,-0.1843469659737958,0.3001055128637764,464.3558131770766,-33.7627912152823,-43.7627912152823,0.0,0.0,0.0,0.0,0.0,0.0,0.0,0.0
10,0.020833333333333332,0.05725844169039305,-0.1843469659737958,0.3001055128637764,464.3558131770766,-33.7627912152823,-43.7627912152823,0.0,0.0,0.0,0.0,0.0,0.0,0.0,0.0
11,0.022916666666666665,0.05725844169039305,-0.1843469659737958,0.3001055128637764,464.3558131770766,-33.7627912152823,-43.7627912152823,0.0,0.0,0.0,0.0,0.0,0.0,0.0,0.0
12,0.025,0.05725844169039305,-0.1843469659737958,0.3001055128637764,464.3558131770766,-33.7627912152823,-43.7627912152823,0.0,0.0,0.0,0.0,0.0,0.0,0.0,0.0
13,0.027083333333333334,0.05725844169039305,-0.1843469659737958,0.3001055128637764,464.3558131770766,-33.7627912152823,-43.7627912152823,0.0,0.0,0.0,0.0,0.0,0.0,0.0,0.0
14,0.029166666666666667,0.05725844169039305,-0.1843469659737958,0.3001055128637764,464.3558131770766,-33.7627912152823,-43.7627912152823,0.0,0.0,0.0,0.0,0.0,0.0,0.0,0.0
15,0.03125,0.05725844169039305,-0.1843469659737958,0.3001055128637764,464.3558131770766,-33.7627912152823,-43.7627912152823,0.0,0.0,0.0,0.0,0.0,0.0,0.0,0.0
16,0.03333333333333333,0.05725844169039305,-0.1843469659737958,0.3001055128637764,464.3558131770766,-33.7627912152823,-43.7627912152823,0.0,0.0,0.0,0.0,0.0,0.0,0.0,0.0
17,0.035416666666666666,0.05725844169039305,-0.1843469659737958,0.3001055128637764,464.3558131770766,-33.7627912152823,-43.7627912152823,0.0,0.0,0.0,0.0,0.0,0.0,0.0,0.0
18,0.0375,0.05725844169039305,-0.1843469659737958,0.3001055128637764,464.3558131770766,-33.7627912152823,-43.7627912152823,0.0,0.0,0.0,0.0,0.0,0.0,0.0,0.0
19,0.03958333333333333,0.05725844169039305,-0.1843469659737958,0.3001055128637764,464.3558131770766,-33.7627912152823,-43.7627912152823,0.0,0.0,0.0,0.0,0.0,0.0,0.0,0.0
20,0.041666666666666664,0.05725844169039305,-0.1843469659737958,0.3001055128637764,464.3558131770766,-33.7627912152823,-43.7627912152823,0.0,0.0,0.0,0.0,0.0,0.0,0.0,0.0
21,0.04375,0.05725844169039305,-0.1843469659737958,0.3001055128637764,464.3558131770766,-33.7627912152823,-43.7627912152823,0.0,0.0,0.0,0.0,0.0,0.0,0.0,0.0
22,0.04583333333333333,0.05725844169039305,-0.1843469659737958,0.3001055128637764,464.3558131770766,-33.7627912152823,-43.7627912152823,0.0,0.0,0.0,0.0,0.0,0.0,0.0,0.0
23,0.04791666666666666,0.05725844169039305,-0.1843469659737958,0.3001055128637764,464.3558131770766,-33.7627912152823,-43.7627912152823,0.0,0.0,0.0,0.0,0.0,0.0,0.0,0.0
24,0.05,0.05725844169039305,-0.1843469659737958,0.3001055128637764,464.3558131770766,-33.7627912152823,-43.7627912152823,0.0,0.0,0.0,0.0,0.0,0.0,0.0,0.0
25,0.052083333333333336,0.05725844169039305,-0.1843469659737958,0.3001055128637764,464.3558131770766,-33.7627912152823,-43.7627912152823,0.0,0.0,0.0,0.0,0.0,0.0,0.0,0.0
26,0.05416666666666667,0.05725844169039305,-0.1843469659737958,0.3001055128637764,464.3558131770766,-33.7627912152823,-43.7627912152823,0.0,0.0,0.0,0.0,0.0,0.0,0.0,0.0
27,0.05625,0.05725844169039305,-0.1843469659737958,0.3001055128637764,464.3558131770766,-33.7627912152823,-43.7627912152823,0.0,0.0,0.0,0.0,0.0,0.0,0.0,0.0
28,0.058333333333333334,0.05725844169039305,-0.1843469659737958,0.3001055128637764,464.3558131770766,-33.7627912152823,-43.7627912152823,0.0,0.0,0.0,0.0,0.0,0.0,0.0,0.0
29,0.06041666666666667,0.05725844169039305,-0.1843469659737958,0.3001055128637764,464.3558131770766,-33.7627912152823,-43.7627912152823,0.0,0.0,0.0,0.0,0.0,0.0,0.0,0.0
30,0.0625,0.05725844169039305,-0.1843469659737958,0.3001055128637764,464.3558131770766,-33.7627912152823,-43.7627912152823,0.0,0.0,0.0,0.0,0.0,0.0,0.0,0.0
31,0.06458333333333333,0.05725844169039305,-0.1843469659737958,0.3001055128637764,464.3558131770766,-33.7627912152823,-43.7627912152823,0.0,0.0,0.0,0.0,0.0,0.0,0.0,0.0
32,0.06666666666666667,0.05725844169039305,-0.1843469659737958,0.3001055128637764,464.3558131770766,-33.7627912152823,-43.7627912152823,0.0,0.0,0.0,0.0,0.0,0.0,0.0,0.0
33,0.06875,0.05725844169039305,-0.1843469659737958,0.3001055128637764,464.3558131770766,-33.7627912152823,-43.7627912152823,0.0,0.0,0.0,0.0,0.0,0.0,0.0,0.0
34,0.07083333333333333,0.05725844169039305,-0.1843469659737958,0.3001055128637764,464.3558131770766,-33.7627912152823,-43.7627912152823,0.0,0.0,0.0,0.0,0.0,0.0,0.0,0.0
35,0.07291666666666667,0.05725844169039305,-0.1843469659737958,0.3001055128637764,464.3558131770766,-33.7627912152823,-43.7627912152823,0.0,0.0,0.0,0.0,0.0,0.0,0.0,0.0
36,0.075,0.05725844169039305,-0.1843469659737958,0.3001055128637764,464.3558131770766,-33.7627912152823,-43.7627912152823,0.0,0.0,0.0,0.0,0.0,0.0,0.0,0.0
37,0.07708333333333334,0.05725844169039305,-0.1843469659737958,0.3001055128637764,464.3558131770766,-33.7627912152823,-43.7627912152823,0.0,0.0,0.0,0.0,0.0,0.0,0.0,0.0
38,0.07916666666666666,0.05725844169039305,-0.1843469659737958,0.3001055128637764,464.3558131770766,-33.7627912152823,-43.7627912152823,0.0,0.0,0.0,0.0,0.0,0.0,0.0,0.0
39,0.08125,0.05725844169039305,-0.1843469659737958,0.3001055128637764,464.3558131770766,-33.7627912152823,-43.7627912152823,0.0,0.0,0.0,0.0,0.0,0.0,0.0,0.0
40,0.08333333333333333,0.05725844169039305,-0.1843469659737958,0.3001055128637764,464.3558131770766,-33.7627912152823,-43.7627912152823,0.0,0.0,0.0,0.0,0.0,0.0,0.0,0.0
41,0.08541666666666667,0.05725844169039305,-0.1843469659737958,0.3001055128637764,464.3558131770766,-33.7627912152823,-43.7627912152823,0.0,0.0,0.0,0.0,0.0,0.0,0.0,0.0
42,0.0875,0.05725844169039305,-0.1843469659737958,0.3001055128637764,464.3558131770766,-33.7627912152823,-43.7627912152823,0.0,0.0,0.0,0.0,0.0,0.0,0.0,0.0
43,0.08958333333333333,0.05725844169039305,-0.1843469659737958,0.3001055128637764,464.3558131770766,-33.7627912152823,-43.7627912152823,0.0,0.0,0.0,0.0,0.0,0.0,0.0,0.0
44,0.09166666666666666,0.05725844169039305,-0.1843469659737958,0.3001055128637764,464.3558131770766,-33.7627912152823,-43.7627912152823,0.0,0.0,0.0,0.0,0.0,0.0,0.0,0.0
45,0.09375,0.05725844169039305,-0.1843469659737958,0.3001055128637764,464.3558131770766,-33.7627912152823,-43.7627912152823,0.0,0.0,0.0,0.0,0.0,0.0,0.0,0.0
46,0.09583333333333333,0.05725844169039305,-0.1843469659737958,0.3001055128637764,464.3558131770766,-33.7627912152823,-43.7627912152823,0.0,0.0,0.0,0.0,0.0,0.0,0.0,0.0
47,0.09791666666666667,0.05725844169039305,-0.1843469659737958,0.3001055128637764,464.3558131770766,-33.7627912152823,-43.7627912152823,0.0,0.0,0.0,0.0,0.0,0.0,0.0,0.0
48,0.1,0.05725844169039305,-0.1843469659737958,0.3001055128637764,464.3558131770766,-33.7627912152823,-43.7627912152823,0.0,0.0,0.0,0.0,0.0,0.0,0.0,0.0
49,0.10208333333333333,0.05725844169039305,-0.1843469659737958,0.3001055128637764,464.3558131770766,-33.7627912152823,-43.7627912152823,0.0,0.0,0.0,0.0,0.0,0.0,0.0,0.0
50,0.10416666666666667,0.05725844169039305,-0.1843469659737958,0.3001055128637764,464.3558131770766,-33.7627912152823,-43.7627912152823,0.0,0.0,0.0,0.0,0.0,0.0,0.0,0.0
51,0.10625,0.05725844169039305,-0.1843469659737958,0.3001055128637764,464.3558131770766,-33.7627912152823,-43.7627912152823,0.0,0.0,0.0,0.0,0.0,0.0,0.0,0.0
52,0.10833333333333334,0.05725844169039305,-0.1843469659737958,0.3001055128637764,464.3558131770766,-33.7627912152823,-43.7627912152823,0.0,0.0,0.0,0.0,0.0,0.0,0.0,0.0
53,0.11041666666666666,0.05725844169039305,-0.1843469659737958,0.3001055128637764,464.3558131770766,-33.7627912152823,-43.7627912152823,0.0,0.0,0.0,0.0,0.0,0.0,0.0,0.0
54,0.1125,0.05725844169039305,-0.1843469659737958,0.3001055128637764,464.3558131770766,-33.7627912152823,-43.7627912152823,0.0,0.0,0.0,0.0,0.0,0.0,0.0,0.0
55,0.11458333333333333,0.05725844169039305,-0.1843469659737958,0.3001055128637764,464.3558131770766,-33.7627912152823,-43.7627912152823,0.0,0.0,0.0,0.0,0.0,0.0,0.0,0.0
56,0.11666666666666667,0.05725844169039305,-0.1843469659737958,0.3001055128637764,464.3558131770766,-33.7627912152823,-43.7627912152823,0.0,0.0,0.0,0.0,0.0,0.0,0.0,0.0
57,0.11875,0.05725844169039305,-0.1843469659737958,0.3001055128637764,464.3558131770766,-33.7627912152823,-43.7627912152823,0.0,0.0,0.0,0.0,0.0,0.0,0.0,0.0
58,0.12083333333333333,0.05725844169039305,-0.1843469659737958,0.3001055128637764,464.3558131770766,-33.7627912152823,-43.7627912152823,0.0,0.0,0.0,0.0,0.0,0.0,0.0,0.0
59,0.12291666666666666,0.05725844169039305,-0.1843469659737958,0.3001055128637764,464.3558131770766,-33.7627912152823,-43.7627912152823,0.0,0.0,0.0,0.0,0.0,0.0,0.0,0.0
60,0.125,0.05725844169039305,-0.1843469659737958,0.3001055128637764,464.3558131770766,-33.7627912152823,-43.7627912152823,0.0,0.0,0.0,0.0,0.0,0.0,0.0,0.0
61,0.12708333333333333,0.05725844169039305,-0.1843469659737958,0.3001055128637764,464.3558131770766,-33.7627912152823,-43.7627912152823,0.0,0.0,0.0,0.0,0.0,0.0,0.0,0.0
62,0.12916666666666665,0.05725844169039305,-0.1843469659737958,0.3001055128637764,464.3558131770766,-33.7627912152823,-43.7627912152823,0.0,0.0,0.0,0.0,0.0,0.0,0.0,0.0
63,0.13125,0.05725844169039305,-0.1843469659737958,0.3001055128637764,464.3558131770766,-33.7627912152823,-43.7627912152823,0.0,0.0,0.0,0.0,0.0,0.0,0.0,0.0
64,0.13333333333333333,0.05725844169039305,-0.1843469659737958,0.3001055128637764,464.3558131770766,-33.7627912152823,-43.7627912152823,0.0,0.0,0.0,0.0,0.0,0.0,0.0,0.0
65,0.13541666666666666,0.05725844169039305,-0.1843469659737958,0.3001055128637764,464.3558131770766,-33.7627912152823,-43.7627912152823,0.0,0.0,0.0,0.0,0.0,0.0,0.0,0.0
66,0.1375,0.05725844169039305,-0.1843469659737958,0.3001055128637764,464.3558131770766,-33.7627912152823,-43.7627912152823,0.0,0.0,0.0,0.0,0.0,0.0,0.0,0.0
67,0.13958333333333334,0.05725844169039305,-0.1843469659737958,0.3001055128637764,464.3558131770766,-33.7627912152823,-43.7627912152823,0.0,0.0,0.0,0.0,0.0,0.0,0.0,0.0
68,0.14166666666666666,0.05725844169039305,-0.1843469659737958,0.3001055128637764,464.3558131770766,-33.7627912152823,-43.7627912152823,0.0,0.0,0.0,0.0,0.0,0.0,0.0,0.0
69,0.14375,0.05725844169039305,-0.1843469659737958,0.3001055128637764,464.3558131770766,-33.7627912152823,-43.7627912152823,0.0,0.0,0.0,0.0,0.0,0.0,0.0,0.0
70,0.14583333333333334,0.05725844169039305,-0.1843469659737958,0.3001055128637764,464.3558131770766,-33.7627912152823,-43.7627912152823,0.0,0.0,0.0,0.0,0.0,0.0,0.0,0.0
71,0.14791666666666667,0.05725844169039305,-0.1843469659737958,0.3001055128637764,464.3558131770766,-33.7627912152823,-43.7627912152823,0.0,0.0,0.0,0.0,0.0,0.0,0.0,0.0
72,0.15,0.05725844169039305,-0.1843469659737958,0.3001055128637764,464.3558131770766,-33.7627912152823,-43.7627912152823,0.0,0.0,0.0,0.0,0.0,0.0,0.0,0.0
73,0.15208333333333332,0.05725844169039305,-0.1843469659737958,0.3001055128637764,464.3558131770766,-33.7627912152823,-43.7627912152823,0.0,0.0,0.0,0.0,0.0,0.0,0.0,0.0
74,0.15416666666666667,0.05725844169039305,-0.1843469659737958,0.3001055128637764,464.3558131770766,-33.7627912152823,-43.7627912152823,0.0,0.0,0.0,0.0,0.0,0.0,0.0,0.0
75,0.15625,0.05725844169039305,-0.1843469659737958,0.3001055128637764,464.3558131770766,-33.7627912152823,-43.7627912152823,0.0,0.0,0.0,0.0,0.0,0.0,0.0,0.0
76,0.15833333333333333,0.05725844169039305,-0.1843469659737958,0.3001055128637764,464.3558131770766,-33.7627912152823,-43.7627912152823,0.0,0.0,0.0,0.0,0.0,0.0,0.0,0.0
77,0.16041666666666665,0.05725844169039305,-0.1843469659737958,0.3001055128637764,464.3558131770766,-33.7627912152823,-43.7627912152823,0.0,0.0,0.0,0.0,0.0,0.0,0.0,0.0
78,0.1625,0.05725844169039305,-0.1843469659737958,0.3001055128637764,464.3558131770766,-33.7627912152823,-43.7627912152823,0.0,0.0,0.0,0.0,0.0,0.0,0.0,0.0
79,0.16458333333333333,0.05725844169039305,-0.1843469659737958,0.3001055128637764,464.3558131770766,-33.7627912152823,-43.7627912152823,0.0,0.0,0.0,0.0,0.0,0.0,0.0,0.0
80,0.16666666666666666,0.05725844169039305,-0.1843469659737958,0.3001055128637764,464.3558131770766,-33.7627912152823,-43.7627912152823,0.0,0.0,0.0,0.0,0.0,0.0,0.0,0.0
81,0.16875,0.05725844169039305,-0.1843469659737958,0.3001055128637764,464.3558131770766,-33.7627912152823,-43.7627912152823,0.0,0.0,0.0,0.0,0.0,0.0,0.0,0.0
82,0.17083333333333334,0.05725844169039305,-0.1843469659737958,0.3001055128637764,464.3558131770766,-33.7627912152823,-43.7627912152823,0.0,0.0,0.0,0.0,0.0,0.0,0.0,0.0
83,0.17291666666666666,0.05725844169039305,-0.1843469659737958,0.3001055128637764,464.3558131770766,-33.7627912152823,-43.7627912152823,0.0,0.0,0.0,0.0,0.0,0.0,0.0,0.0
84,0.175,0.05725844169039305,-0.1843469659737958,0.3001055128637764,464.3558131770766,-33.7627912152823,-43.7627912152823,0.0,0.0,0.0,0.0,0.0,0.0,0.0,0.0
85,0.17708333333333334,0.05725844169039305,-0.1843469659737958,0.3001055128637764,464.3558131770766,-33.7627912152823,-43.7627912152823,0.0,0.0,0.0,0.0,0.0,0.0,0.0,0.0
86,0.17916666666666667,0.05725844169039305,-0.1843469659737958,0.3001055128637764,464.3558131770766,-33.7627912152823,-43.7627912152823,0.0,0.0,0.0,0.0,0.0,0.0,0.0,0.0
87,0.18125,0.05725844169039305,-0.1843469659737958,0.3001055128637764,464.3558131770766,-33.7627912152823,-43.7627912152823,0.0,0.0,0.0,0.0,0.0,0.0,0.0,0.0
88,0.18333333333333332,0.05725844169039305,-0.1843469659737958,0.3001055128637764,464.3558131770766,-33.7627912152823,-43.7627912152823,0.0,0.0,0.0,0.0,0.0,0.0,0.0,0.0
89,0.18541666666666667,0.05725844169039305,-0.1843469659737958,0.3001055128637764,464.3558131770766,-33.7627912152823,-43.7627912152823,0.0,0.0,0.0,0.0,0.0,0.0,0.0,0.0
90,0.1875,0.05725844169039305,-0.1843469659737958,0.3001055128637764,464.3558131770766,-33.7627912152823,-43.7627912152823,0.0,0.0,0.0,0.0,0.0,0.0,0.0,0.0
91,0.18958333333333333,0.05725844169039305,-0.1843469659737958,0.3001055128637764,464.3558131770766,-33.7627912152823,-43.7627912152823,0.0,0.0,0.0,0.0,0.0,0.0,0.0,0.0
92,0.19166666666666665,0.05725844169039305,-0.1843469659737958,0.3001055128637764,464.3558131770766,-33.7627912152823,-43.7627912152823,0.0,0.0,0.0,0.0,0.0,0.0,0.0,0.0
93,0.19375,0.05725844169039305,-0.1843469659737958,0.3001055128637764,464.3558131770766,-33.7627912152823,-43.7627912152823,0.0,0.0,0.0,0.0,0.0,0.0,0.0,0.0
94,0.19583333333333333,0.05725844169039305,-0.1843469659737958,0.3001055128637764,464.3558131770766,-33.7627912152823,-43.7627912152823,0.0,0.0,0.0,0.0,0.0,0.0,0.0,0.0
95,0.19791666666666666,0.05725844169039305,-0.1843469659737958,0.3001055128637764,464.3558131770766,-33.7627912152823,-43.7627912152823,0.0,0.0,0.0,0.0,0.0,0.0,0.0,0.0
96,0.2,0.05725844169039305,-0.1843469659737958,0.3001055128637764,464.3558131770766,-33.7627912152823,-43.7627912152823,0.0,0.0,0.0,0.0,0.0,0.0,0.0,0.0
97,0.20208333333333334,0.05725844169039305,-0.1843469659737958,0.3001055128637764,464.3558131770766,-33.7627912152823,-43.7627912152823,0.0,0.0,0.0,0.0,0.0,0.0,0.0,0.0
98,0.20416666666666666,0.05725844169039305,-0.1843469659737958,0.3001055128637764,464.3558131770766,-33.7627912152823,-43.7627912152823,0.0,0.0,0.0,0.0,0.0,0.0,0.0,0.0
99,0.20625,0.05725844169039305,-0.1843469659737958,0.3001055128637764,464.3558131770766,-33.7627912152823,-43.7627912152823,0.0,0.0,0.0,0.0,0.0,0.0,0.0,0.0
100,0.20833333333333334,0.05725844169039305,-0.1843469659737958,0.3001055128637764,464.3558131770766,-33.7627912152823,-43.7627912152823,0.0,0.0,0.0,0.0,0.0,0.0,0.0,0.0
101,0.21041666666666667,0.05725844169039305,-0.1843469659737958,0.3001055128637764,464.3558131770766,-33.7627912152823,-43.7627912152823,0.0,0.0,0.0,0.0,0.0,0.0,0.0,0.0
102,0.2125,0.05725844169039305,-0.1843469659737958,0.3001055128637764,464.3558131770766,-33.7627912152823,-43.7627912152823,0.0,0.0,0.0,0.0,0.0,0.0,0.0,0.0
103,0.21458333333333332,0.05725844169039305,-0.1843469659737958,0.3001055128637764,464.3558131770766,-33.7627912152823,-43.7627912152823,0.0,0.0,0.0,0.0,0.0,0.0,0.0,0.0
104,0.21666666666666667,0.05725844169039305,-0.1843469659737958,0.3001055128637764,464.3558131770766,-33.7627912152823,-43.7627912152823,0.0,0.0,0.0,0.0,0.0,0.0,0.0,0.0
105,0.21875,0.05725844169039305,-0.1843469659737958,0.3001055128637764,464.3558131770766,-33.7627912152823,-43.7627912152823,0.0,0.0,0.0,0.0,0.0,0.0,0.0,0.0
106,0.22083333333333333,0.05725844169039305,-0.1843469659737958,0.3001055128637764,464.3558131770766,-33.7627912152823,-43.7627912152823,0.0,0.0,0.0,0.0,0.0,0.0,0.0,0.0
107,0.22291666666666665,0.05725844169039305,-0.1843469659737958,0.3001055128637764,464.3558131770766,-33.7627912152823,-43.7627912152823,0.0,0.0,0.0,0.0,0.0,0.0,0.0,0.0
108,0.225,0.05725844169039305,-0.1843469659737958,0.3001055128637764,464.3558131770766,-33.7627912152823,-43.7627912152823,0.0,0.0,0.0,0.0,0.0,0.0,0.0,0.0
109,0.22708333333333333,0.05725844169039305,-0.1843469659737958,0.3001055128637764,464.3558131770766,-33.7627912152823,-43.7627912152823,0.0,0.0,0.0,0.0,0.0,0.0,0.0,0.0
110,0.22916666666666666,0.05725844169039305,-0.1843469659737958,0.3001055128637764,464.3558131770766,-33.7627912152823,-43.7627912152823,0.0,0.0,0.0,0.0,0.0,0.0,0.0,0.0
111,0.23124999999999998,0.05725844169039305,-0.1843469659737958,0.3001055128637764,464.3558131770766,-33.7627912152823,-43.7627912152823,0.0,0.0,0.0,0.0,0.0,0.0,0.0,0.0
112,0.23333333333333334,0.05725844169039305,-0.1843469659737958,0.3001055128637764,464.3558131770766,-33.7627912152823,-43.7627912152823,0.0,0.0,0.0,0.0,0.0,0.0,0.0,0.0
113,0.23541666666666666,0.05725844169039305,-0.1843469659737958,0.3001055128637764,464.3558131770766,-33.7627912152823,-43.7627912152823,0.0,0.0,0.0,0.0,0.0,0.0,0.0,0.0
114,0.2375,0.05725844169039305,-0.1843469659737958,0.3001055128637764,464.3558131770766,-33.7627912152823,-43.7627912152823,0.0,0.0,0.0,0.0,0.0,0.0,0.0,0.0
115,0.23958333333333334,0.05725844169039305,-0.1843469659737958,0.3001055128637764,464.3558131770766,-33.7627912152823,-43.7627912152823,0.0,0.0,0.0,0.0,0.0,0.0,0.0,0.0
116,0.24166666666666667,0.05725844169039305,-0.1843469659737958,0.3001055128637764,464.3558131770766,-33.7627912152823,-43.7627912152823,0.0,0.0,0.0,0.0,0.0,0.0,0.0,0.0
117,0.24375,0.05725844169039305,-0.1843469659737958,0.3001055128637764,464.3558131770766,-33.7627912152823,-43.7627912152823,0.0,0.0,0.0,0.0,0.0,0.0,0.0,0.0
118,0.24583333333333332,0.05725844169039305,-0.1843469659737958,0.3001055128637764,464.3558131770766,-33.7627912152823,-43.7627912152823,0.0,0.0,0.0,0.0,0.0,0.0,0.0,0.0
119,0.24791666666666667,0.05725844169039305,-0.1843469659737958,0.3001055128637764,464.3558131770766,-33.7627912152823,-43.7627912152823,0.0,0.0,0.0,0.0,0.0,0.0,0.0,0.0
120,0.25,0.05725844169039305,-0.1843469659737958,0.3001055128637764,464.3558131770766,-33.7627912152823,-43.7627912152823,0.0,0.0,0.0,0.0,0.0,0.0,0.0,0.0
121,0.2520833333333333,0.05725844169039305,-0.1843469659737958,0.3001055128637764,464.3558131770766,-33.7627912152823,-43.7627912152823,0.0,0.0,0.0,0.0,0.0,0.0,0.0,0.0
122,0.25416666666666665,0.05725844169039305,-0.1843469659737958,0.3001055128637764,464.3558131770766,-33.7627912152823,-43.7627912152823,0.0,0.0,0.0,0.0,0.0,0.0,0.0,0.0
123,0.25625,0.05725844169039305,-0.1843469659737958,0.3001055128637764,464.3558131770766,-33.7627912152823,-43.7627912152823,0.0,0.0,0.0,0.0,0.0,0.0,0.0,0.0
124,0.2583333333333333,0.05725844169039305,-0.1843469659737958,0.3001055128637764,464.3558131770766,-33.7627912152823,-43.7627912152823,0.0,0.0,0.0,0.0,0.0,0.0,0.0,0.0
125,0.2604166666666667,0.05725844169039305,-0.1843469659737958,0.3001055128637764,464.3558131770766,-33.7627912152823,-43.7627912152823,0.0,0.0,0.0,0.0,0.0,0.0,0.0,0.0
126,0.2625,0.05725844169039305,-0.1843469659737958,0.3001055128637764,464.3558131770766,-33.7627912152823,-43.7627912152823,0.0,0.0,0.0,0.0,0.0,0.0,0.0,0.0
127,0.26458333333333334,0.05725844169039305,-0.1843469659737958,0.3001055128637764,464.3558131770766,-33.7627912152823,-43.7627912152823,0.0,0.0,0.0,0.0,0.0,0.0,0.0,0.0
128,0.26666666666666666,0.05725844169039305,-0.1843469659737958,0.3001055128637764,464.3558131770766,-33.7627912152823,-43.7627912152823,0.0,0.0,0.0,0.0,0.0,0.0,0.0,0.0
129,0.26875,0.05725844169039305,-0.1843469659737958,0.3001055128637764,464.3558131770766,-33.7627912152823,-43.7627912152823,0.0,0.0,0.0,0.0,0.0,0.0,0.0,0.0
130,0.2708333333333333,0.05725844169039305,-0.1843469659737958,0.3001055128637764,464.3558131770766,-33.7627912152823,-43.7627912152823,0.0,0.0,0.0,0.0,0.0,0.0,0.0,0.0
131,0.27291666666666664,0.05725844169039305,-0.1843469659737958,0.3001055128637764,464.3558131770766,-33.7627912152823,-43.7627912152823,0.0,0.0,0.0,0.0,0.0,0.0,0.0,0.0
132,0.275,0.05725844169039305,-0.1843469659737958,0.3001055128637764,464.3558131770766,-33.7627912152823,-43.7627912152823,0.0,0.0,0.0,0.0,0.0,0.0,0.0,0.0
133,0.27708333333333335,0.05725844169039305,-0.1843469659737958,0.3001055128637764,464.3558131770766,-33.7627912152823,-43.7627912152823,0.0,0.0,0.0,0.0,0.0,0.0,0.0,0.0
134,0.2791666666666667,0.05725844169039305,-0.1843469659737958,0.3001055128637764,464.3558131770766,-33.7627912152823,-43.7627912152823,0.0,0.0,0.0,0.0,0.0,0.0,0.0,0.0
135,0.28125,0.05725844169039305,-0.1843469659737958,0.3001055128637764,464.3558131770766,-33.7627912152823,-43.7627912152823,0.0,0.0,0.0,0.0,0.0,0.0,0.0,0.0
136,0.2833333333333333,0.05725844169039305,-0.1843469659737958,0.3001055128637764,464.3558131770766,-33.7627912152823,-43.7627912152823,0.0,0.0,0.0,0.0,0.0,0.0,0.0,0.0
137,0.28541666666666665,0.05725844169039305,-0.1843469659737958,0.3001055128637764,464.3558131770766,-33.7627912152823,-43.7627912152823,0.0,0.0,0.0,0.0,0.0,0.0,0.0,0.0
138,0.2875,0.05725844169039305,-0.1843469659737958,0.3001055128637764,464.3558131770766,-33.7627912152823,-43.7627912152823,0.0,0.0,0.0,0.0,0.0,0.0,0.0,0.0
139,0.2895833333333333,0.05725844169039305,-0.1843469659737958,0.3001055128637764,464.3558131770766,-33.7627912152823,-43.7627912152823,0.0,0.0,0.0,0.0,0.0,0.0,0.0,0.0
140,0.2916666666666667,0.05725844169039305,-0.1843469659737958,0.3001055128637764,464.3558131770766,-33.7627912152823,-43.7627912152823,0.0,0.0,0.0,0.0,0.0,0.0,0.0,0.0
141,0.29375,0.05725844169039305,-0.1843469659737958,0.3001055128637764,464.3558131770766,-33.7627912152823,-43.7627912152823,0.0,0.0,0.0,0.0,0.0,0.0,0.0,0.0
142,0.29583333333333334,0.05725844169039305,-0.1843469659737958,0.3001055128637764,464.3558131770766,-33.7627912152823,-43.7627912152823,0.0,0.0,0.0,0.0,0.0,0.0,0.0,0.0
143,0.29791666666666666,0.05725844169039305,-0.1843469659737958,0.3001055128637764,464.3558131770766,-33.7627912152823,-43.7627912152823,0.0,0.0,0.0,0.0,0.0,0.0,0.0,0.0
144,0.3,0.05725844169039305,-0.1843469659737958,0.3001055128637764,464.3558131770766,-33.7627912152823,-43.7627912152823,0.0,0.0,0.0,0.0,0.0,0.0,0.0,0.0
145,0.3020833333333333,0.05725844169039305,-0.1843469659737958,0.3001055128637764,464.3558131770766,-33.7627912152823,-43.7627912152823,0.0,0.0,0.0,0.0,0.0,0.0,0.0,0.0
146,0.30416666666666664,0.05725844169039305,-0.1843469659737958,0.3001055128637764,464.3558131770766,-33.7627912152823,-43.7627912152823,0.0,0.0,0.0,0.0,0.0,0.0,0.0,0.0
147,0.30625,0.05725844169039305,-0.1843469659737958,0.3001055128637764,464.3558131770766,-33.7627912152823,-43.7627912152823,0.0,0.0,0.0,0.0,0.0,0.0,0.0,0.0
148,0.30833333333333335,0.05725844169039305,-0.1843469659737958,0.3001055128637764,464.3558131770766,-33.7627912152823,-43.7627912152823,0.0,0.0,0.0,0.0,0.0,0.0,0.0,0.0
149,0.3104166666666667,0.05725844169039305,-0.1843469659737958,0.3001055128637764,464.3558131770766,-33.7627912152823,-43.7627912152823,0.0,0.0,0.0,0.0,0.0,0.0,0.0,0.0
150,0.3125,0.05725844169039305,-0.1843469659737958,0.3001055128637764,464.3558131770766,-33.7627912152823,-43.7627912152823,0.0,0.0,0.0,0.0,0.0,0.0,0.0,0.0
151,0.3145833333333333,0.05725844169039305,-0.1843469659737958,0.3001055128637764,464.3558131770766,-33.7627912152823,-43.7627912152823,0.0,0.0,0.0,0.0,0.0,0.0,0.0,0.0
152,0.31666666666666665,0.05725844169039305,-0.1843469659737958,0.3001055128637764,464.3558131770766,-33.7627912152823,-43.7627912152823,0.0,0.0,0.0,0.0,0.0,0.0,0.0,0.0
153,0.31875,0.05725844169039305,-0.1843469659737958,0.3001055128637764,464.3558131770766,-33.7627912152823,-43.7627912152823,0.0,0.0,0.0,0.0,0.0,0.0,0.0,0.0
154,0.3208333333333333,0.05725844169039305,-0.1843469659737958,0.3001055128637764,464.3558131770766,-33.7627912152823,-43.7627912152823,0.0,0.0,0.0,0.0,0.0,0.0,0.0,0.0
155,0.3229166666666667,0.05725844169039305,-0.1843469659737958,0.3001055128637764,464.3558131770766,-33.7627912152823,-43.7627912152823,0.0,0.0,0.0,0.0,0.0,0.0,0.0,0.0
156,0.325,0.05725844169039305,-0.1843469659737958,0.3001055128637764,464.3558131770766,-33.7627912152823,-43.7627912152823,0.0,0.0,0.0,0.0,0.0,0.0,0.0,0.0
157,0.32708333333333334,0.05725844169039305,-0.1843469659737958,0.3001055128637764,464.3558131770766,-33.7627912152823,-43.7627912152823,0.0,0.0,0.0,0.0,0.0,0.0,0.0,0.0
158,0.32916666666666666,0.05725844169039305,-0.1843469659737958,0.3001055128637764,464.3558131770766,-33.7627912152823,-43.7627912152823,0.0,0.0,0.0,0.0,0.0,0.0,0.0,0.0
159,0.33125,0.05725844169039305,-0.1843469659737958,0.3001055128637764,464.3558131770766,-33.7627912152823,-43.7627912152823,0.0,0.0,0.0,0.0,0.0,0.0,0.0,0.0
160,0.3333333333333333,0.05725844169039305,-0.1843469659737958,0.3001055128637764,464.3558131770766,-33.7627912152823,-43.7627912152823,0.0,0.0,0.0,0.0,0.0,0.0,0.0,0.0
161,0.33541666666666664,0.05725844169039305,-0.1843469659737958,0.3001055128637764,464.3558131770766,-33.7627912152823,-43.7627912152823,0.0,0.0,0.0,0.0,0.0,0.0,0.0,0.0
162,0.3375,0.05725844169039305,-0.1843469659737958,0.3001055128637764,464.3558131770766,-33.7627912152823,-43.7627912152823,0.0,0.0,0.0,0.0,0.0,0.0,0.0,0.0
163,0.33958333333333335,0.05725844169039305,-0.1843469659737958,0.3001055128637764,464.3558131770766,-33.7627912152823,-43.7627912152823,0.0,0.0,0.0,0.0,0.0,0.0,0.0,0.0
164,0.3416666666666667,0.05725844169039305,-0.1843469659737958,0.3001055128637764,464.3558131770766,-33.7627912152823,-43.7627912152823,0.0,0.0,0.0,0.0,0.0,0.0,0.0,0.0
165,0.34375,0.05725844169039305,-0.1843469659737958,0.3001055128637764,464.3558131770766,-33.7627912152823,-43.7627912152823,0.0,0.0,0.0,0.0,0.0,0.0,0.0,0.0
166,0.3458333333333333,0.05725844169039305,-0.1843469659737958,0.3001055128637764,464.3558131770766,-33.7627912152823,-43.7627912152823,0.0,0.0,0.0,0.0,0.0,0.0,0.0,0.0
167,0.34791666666666665,0.05725844169039305,-0.1843469659737958,0.3001055128637764,464.3558131770766,-33.7627912152823,-43.7627912152823,0.0,0.0,0.0,0.0,0.0,0.0,0.0,0.0
168,0.35,0.05725844169039305,-0.1843469659737958,0.3001055128637764,464.3558131770766,-33.7627912152823,-43.7627912152823,0.0,0.0,0.0,0.0,0.0,0.0,0.0,0.0
169,0.3520833333333333,0.05725844169039305,-0.1843469659737958,0.3001055128637764,464.3558131770766,-33.7627912152823,-43.7627912152823,0.0,0.0,0.0,0.0,0.0,0.0,0.0,0.0
170,0.3541666666666667,0.05725844169039305,-0.1843469659737958,0.3001055128637764,464.3558131770766,-33.7627912152823,-43.7627912152823,0.0,0.0,0.0,0.0,0.0,0.0,0.0,0.0
171,0.35625,0.05725844169039305,-0.1843469659737958,0.3001055128637764,464.3558131770766,-33.7627912152823,-43.7627912152823,0.0,0.0,0.0,0.0,0.0,0.0,0.0,0.0
172,0.35833333333333334,0.05725844169039305,-0.1843469659737958,0.3001055128637764,464.3558131770766,-33.7627912152823,-43.7627912152823,0.0,0.0,0.0,0.0,0.0,0.0,0.0,0.0
173,0.36041666666666666,0.05725844169039305,-0.1843469659737958,0.3001055128637764,464.3558131770766,-33.7627912152823,-43.7627912152823,0.0,0.0,0.0,0.0,0.0,0.0,0.0,0.0
174,0.3625,0.05725844169039305,-0.1843469659737958,0.3001055128637764,464.3558131770766,-33.7627912152823,-43.7627912152823,0.0,0.0,0.0,0.0,0.0,0.0,0.0,0.0
175,0.3645833333333333,0.05725844169039305,-0.1843469659737958,0.3001055128637764,464.3558131770766,-33.7627912152823,-43.7627912152823,0.0,0.0,0.0,0.0,0.0,0.0,0.0,0.0
176,0.36666666666666664,0.05725844169039305,-0.1843469659737958,0.3001055128637764,464.3558131770766,-33.7627912152823,-43.7627912152823,0.0,0.0,0.0,0.0,0.0,0.0,0.0,0.0
177,0.36875,0.05725844169039305,-0.1843469659737958,0.3001055128637764,464.3558131770766,-33.7627912152823,-43.7627912152823,0.0,0.0,0.0,0.0,0.0,0.0,0.0,0.0
178,0.37083333333333335,0.05725844169039305,-0.1843469659737958,0.3001055128637764,464.3558131770766,-33.7627912152823,-43.7627912152823,0.0,0.0,0.0,0.0,0.0,0.0,0.0,0.0
179,0.3729166666666667,0.05725844169039305,-0.1843469659737958,0.3001055128637764,464.3558131770766,-33.7627912152823,-43.7627912152823,0.0,0.0,0.0,0.0,0.0,0.0,0.0,0.0
180,0.375,0.05725844169039305,-0.1843469659737958,0.3001055128637764,464.3558131770766,-33.7627912152823,-43.7627912152823,0.0,0.0,0.0,0.0,0.0,0.0,0.0,0.0
181,0.3770833333333333,0.05725844169039305,-0.1843469659737958,0.3001055128637764,464.3558131770766,-33.7627912152823,-43.7627912152823,0.0,0.0,0.0,0.0,0.0,0.0,0.0,0.0
182,0.37916666666666665,0.05725844169039305,-0.1843469659737958,0.3001055128637764,464.3558131770766,-33.7627912152823,-43.7627912152823,0.0,0.0,0.0,0.0,0.0,0.0,0.0,0.0
183,0.38125,0.05725844169039305,-0.1843469659737958,0.3001055128637764,464.3558131770766,-33.7627912152823,-43.7627912152823,0.0,0.0,0.0,0.0,0.0,0.0,0.0,0.0
184,0.3833333333333333,0.05725844169039305,-0.1843469659737958,0.3001055128637764,464.3558131770766,-33.7627912152823,-43.7627912152823,0.0,0.0,0.0,0.0,0.0,0.0,0.0,0.0
185,0.3854166666666667,0.05725844169039305,-0.1843469659737958,0.3001055128637764,464.3558131770766,-33.7627912152823,-43.7627912152823,0.0,0.0,0.0,0.0,0.0,0.0,0.0,0.0
186,0.3875,0.05725844169039305,-0.1843469659737958,0.3001055128637764,464.3558131770766,-33.7627912152823,-43.7627912152823,0.0,0.0,0.0,0.0,0.0,0.0,0.0,0.0
187,0.38958333333333334,0.05725844169039305,-0.1843469659737958,0.3001055128637764,464.3558131770766,-33.7627912152823,-43.7627912152823,0.0,0.0,0.0,0.0,0.0,0.0,0.0,0.0
188,0.39166666666666666,0.05725844169039305,-0.1843469659737958,0.3001055128637764,464.3558131770766,-33.7627912152823,-43.7627912152823,0.0,0.0,0.0,0.0,0.0,0.0,0.0,0.0
189,0.39375,0.05725844169039305,-0.1843469659737958,0.3001055128637764,464.3558131770766,-33.7627912152823,-43.7627912152823,0.0,0.0,0.0,0.0,0.0,0.0,0.0,0.0
190,0.3958333333333333,0.05725844169039305,-0.1843469659737958,0.3001055128637764,464.3558131770766,-33.7627912152823,-43.7627912152823,0.0,0.0,0.0,0.0,0.0,0.0,0.0,0.0
191,0.39791666666666664,0.05725844169039305,-0.1843469659737958,0.3001055128637764,464.3558131770766,-33.7627912152823,-43.7627912152823,0.0,0.0,0.0,0.0,0.0,0.0,0.0,0.0
192,0.4,0.05725844169039305,-0.1843469659737958,0.3001055128637764,464.3558131770766,-33.7627912152823,-43.7627912152823,0.0,0.0,0.0,0.0,0.0,0.0,0.0,0.0
