time_s,tick,input.steering,input.throttle,input.brake,state.position.0,state.position.1,state.position.2,state.heading,state.speed,state.pitch,state.roll,state.surface,state.steering,state.throttle,state.brake,state.rpm,state.gear,state.acceleration,state.lateral_acceleration,state.dynamics.aerodynamic_force,state.dynamics.rolling_force,state.dynamics.grade_force,state.dynamics.front_load,state.dynamics.rear_load,state.dynamics.yaw_rate,state.dynamics.sideslip,state.dynamics.traction_limited,state.active,state.generation,state.signal,state.velocity.0,state.velocity.1,state.velocity.2,state.hazards,wheel0.position.0,wheel0.position.1,wheel0.position.2,wheel0.orientation.0,wheel0.orientation.1,wheel0.orientation.2,wheel0.orientation.3,wheel1.position.0,wheel1.position.1,wheel1.position.2,wheel1.orientation.0,wheel1.orientation.1,wheel1.orientation.2,wheel1.orientation.3,wheel2.position.0,wheel2.position.1,wheel2.position.2,wheel2.orientation.0,wheel2.orientation.1,wheel2.orientation.2,wheel2.orientation.3,wheel3.position.0,wheel3.position.1,wheel3.position.2,wheel3.orientation.0,wheel3.orientation.1,wheel3.orientation.2,wheel3.orientation.3
0.050000000000,6,0.0,0.0,1.0,-5.403389877756126e-06,1.1558469533920288,0.4162638187408447,0.003405185416340828,27.674331665039062,-0.006380395498126745,2.7019716071663424e-05,asphalt,0.0,0.0,0.3,2941.1714426502263,2,-2.509786605834961,-0.0844733789563179,322.15118743666426,159.99999973610247,-0.6761186592694726,5997.499160950914,5774.500819632825,0.004697067197412252,-7.7626834574988e-05,False,True,0,0,-0.0016114659374579787,27.674331665039062,0.06127486005425453,False,-0.8400708436965942,2.2557876110076904,0.3303193747997284,0.5049740672111511,0.8631345629692078,2.5775649191928096e-05,1.4834075955150183e-05,0.8399291038513184,2.255887269973755,0.3303203880786896,0.5053030848503113,0.8629419207572937,2.5769706553546712e-05,1.484406766394386e-05,-0.839940071105957,0.05578743293881416,0.3301487863063812,0.5049740672111511,0.8631345629692078,2.5775649191928096e-05,1.4834075955150183e-05,0.8400598764419556,0.05588733032345772,0.33014973998069763,0.5053034424781799,0.8629417419433594,2.57697010965785e-05,1.4844079487374984e-05
0.100000000000,12,0.0,0.0,1.0,-0.00018702307716012,2.537324905395508,0.41569042205810547,0.027832282707095146,27.489206314086914,-0.058728769421577454,0.0006974249263294041,asphalt,0.0,0.0,0.6,4167.361779387369,2,-4.552602291107178,-0.3190845847129822,318.2522796903868,159.99995021852484,-9.286222966071596,6189.495868409008,5582.500468918958,0.0142500139772892,0.0017271503039393986,False,True,0,0,-0.012304759584367275,27.48920440673828,0.09394029527902603,False,-0.8407222032546997,3.6368298530578613,0.33023324608802795,-0.4995229244232178,0.866300642490387,0.00020739280444104224,-0.0001265921164304018,0.8392775058746338,3.637645959854126,0.33024075627326965,-0.4978940784931183,0.8672378063201904,0.00020759087055921555,-0.00012622489884961396,-0.8396535515785217,1.4368282556533813,0.3296271860599518,-0.4995196461677551,0.866302490234375,0.00020739321189466864,-0.00012659137428272516,0.8403461575508118,1.437644362449646,0.3296346366405487,-0.497890830039978,0.8672396540641785,0.00020759127801284194,-0.00012622417125385255
0.150000000000,18,0.0,0.0,1.0,-0.0010614893399178982,3.9082741737365723,0.41655203700065613,0.08087921887636185,27.202194213867188,-0.18908987939357758,0.002893707249313593,asphalt,0.0,0.0,0.9000000000000002,4891.074089701061,2,-6.589616298675537,-0.5930611491203308,312.0388144181096,159.99936531672705,-33.15762042149138,6462.835729217634,5309.11757396056,0.02463366836309433,0.004696815533586744,False,True,0,0,-0.0359099805355072,27.20216941833496,0.11108417809009552,False,-0.8426172137260437,5.006808757781982,0.33033818006515503,0.9997439384460449,0.022617820650339127,4.120763696846552e-05,0.0007049693376757205,0.8373810648918152,5.009180545806885,0.3303527235984802,0.9998388886451721,0.01793719083070755,3.790682239923626e-05,0.0007051543798297644,-0.839512050151825,2.8067948818206787,0.3291846215724945,0.9997445940971375,0.022587789222598076,4.1186456655850634e-05,0.0007049706182442605,0.8404862284660339,2.809166669845581,0.3291991651058197,0.9998394250869751,0.0179071556776762,3.788563481066376e-05,0.0007051554857753217
0.200000000000,24,0.0,0.0,1.0,-0.0032828026451170444,5.263695240020752,0.41810232400894165,0.1631402224302292,26.841718673706055,-0.40012678503990173,0.006083209998905659,asphalt,0.0,0.0,1.0,5301.699573908471,2,-7.263193130493164,-0.837604284286499,303.9670496777623,159.99682891094486,-74.11520725645683,6771.014318877775,5000.752368244994,0.033005278557538986,0.007975714412248638,False,True,0,0,-0.07241779565811157,26.84162139892578,0.11521633714437485,False,-0.8464182615280151,6.360713958740234,0.33047303557395935,0.4374851882457733,0.8992244601249695,0.0013031333219259977,0.0005749460542574525,0.8335748910903931,6.365497589111328,0.3304887115955353,0.4452665448188782,0.895396888256073,0.001298042363487184,0.0005862313555553555,-0.8401557207107544,4.160658359527588,0.328930526971817,0.43758636713027954,0.899175226688385,0.001303051132708788,0.0005751011776737869,0.8398374319076538,4.165441513061523,0.32894644141197205,0.4453654885292053,0.8953477144241333,0.0012979600578546524,0.0005863833939656615
0.250000000000,30,0.0,0.0,1.0,-0.007438131142407656,6.601047515869141,0.41971105337142944,0.2605736553668976,26.478742599487305,-0.6400197148323059,0.008892924524843693,asphalt,0.0,0.0,1.0,5519.42569565443,2,-7.252860069274902,-0.9173232316970825,295.81848870134127,159.99118914302014,-123.54021613113775,7004.741267857538,4766.610473340168,0.03497100621461868,0.009905231801549768,False,True,0,0,-0.11573363095521927,26.478490829467773,0.10796645283699036,False,-0.8524397611618042,7.696287631988525,0.33045899868011475,0.6210722923278809,-0.7837499380111694,-0.0017333209980279207,0.0014725665096193552,0.827542781829834,7.703927993774414,0.33046814799308777,0.6107690334320068,-0.7918055057525635,-0.0017524699214845896,0.001449792878702283,-0.8424378633499146,5.496157169342041,0.32901638746261597,0.6208771467208862,-0.783904492855072,-0.0017336716409772635,0.00147212331648916,0.8375447392463684,5.50379753112793,0.32902562618255615,0.6105726361274719,-0.7919569611549377,-0.001752744778059423,0.0014492482878267765
0.300000000000,36,0.0,0.0,1.0,-0.01377804297953844,7.920223236083984,0.4208529591560364,0.36126235127449036,26.109609603881836,-0.8411785960197449,0.009874488227069378,asphalt,0.0,0.0,1.0,5620.093292656458,2,-7.634929656982422,-0.9267622232437134,287.717061842919,159.98392407440298,-166.87156713163503,7177.791390034484,4593.0258237397165,0.03542885556817055,0.010108147591409345,False,True,0,0,-0.1599482148885727,26.109119415283203,0.09368221461772919,False,-0.8607021570205688,9.013694763183594,0.3303569555282593,0.9687429070472717,0.2480468899011612,0.0008651527459733188,0.003031478961929679,0.8192644119262695,9.024287223815918,0.3303554952144623,0.9729526042938232,0.2309834361076355,0.0008117426186800003,0.003046214347705245,-0.8468349575996399,6.813486099243164,0.3293251097202301,0.9688405394554138,0.24766530096530914,0.0008639588486403227,0.0030318188946694136,0.8331316113471985,6.8240790367126465,0.32932376861572266,0.9730430245399475,0.23060207068920135,0.0008105486631393433,0.00304653262719512
0.350000000000,42,0.0,0.0,1.0,-0.022317666560411453,9.220556259155273,0.4212549924850464,0.4627593159675598,25.72780418395996,-0.9693401455879211,0.0088665084913373,asphalt,0.0,0.0,1.0,5648.571861285022,2,-7.627337455749512,-0.9176400303840637,279.3828021440204,159.97784311794885,-195.90456088052753,7321.350233277015,4449.019574126072,0.035570889711380005,0.009950695271860965,False,True,0,0,-0.20325474441051483,25.727001190185547,0.07862898707389832,False,-0.8711745738983154,10.312353134155273,0.33022356033325195,0.13843487203121185,0.9903632998466492,0.004008805844932795,0.0004822658665943891,0.8087706565856934,10.325922012329102,0.33021482825279236,0.1602839082479477,0.9870626926422119,0.003997244406491518,0.0005707702366635203,-0.8534092307090759,8.112100601196289,0.3297007381916046,0.13892032206058502,0.9902952909469604,0.004008608870208263,0.00048425831482745707,0.8265359997749329,8.125670433044434,0.32969194650650024,0.1607668250799179,0.986984133720398,0.0039969845674932,0.0005726401577703655
0.400000000000,48,0.0,0.0,1.0,-0.03300634026527405,10.501791000366211,0.42094725370407104,0.5644983053207397,25.346336364746094,-1.0203771591186523,0.006831916514784098,asphalt,0.0,0.0,1.0,5632.88464405159,2,-7.622683048248291,-0.9026765823364258,271.1782782089883,159.97480997065813,-208.8827143624238,7422.367309800217,4347.779333790956,0.03560711815953255,0.009927841796630865,False,True,0,0,-0.24524986743927002,25.345149993896484,0.06812263280153275,False,-0.8837972283363342,11.592018127441406,0.3300945460796356,0.8783597946166992,-0.47797468304634094,-0.0023017385974526405,0.004354551434516907,0.7961211800575256,11.608569145202637,0.3300846815109253,0.8653231859207153,-0.5011901259422302,-0.002416855189949274,0.004291727673262358,-0.8621236085891724,9.391775131225586,0.3300185203552246,0.8781117796897888,-0.47843024134635925,-0.0023039972875267267,0.004353355150669813,0.8177947998046875,9.408326148986816,0.33000853657722473,0.8650630116462708,-0.5016390085220337,-0.002419082447886467,0.004290472716093063
0.450000000000,54,0.0,0.0,1.0,-0.04577618092298508,11.763938903808594,0.4202304184436798,0.6662728786468506,24.96520233154297,-1.0127875804901123,0.005119734443724155,asphalt,0.0,0.0,1.0,5590.438711616515,2,-7.619111061096191,-0.8890522718429565,263.1031235198331,159.97480611921145,-208.89868112735726,7492.822993877451,4277.323366343531,0.035590723156929016,0.010138517285533175,False,True,0,0,-0.2858300805091858,24.963565826416016,0.06685541570186615,False,-0.8985003232955933,12.852673530578613,0.32998713850975037,0.7366594672203064,0.6762388944625854,0.003964294213801622,0.00425243703648448,0.7813859581947327,12.872208595275879,0.32998067140579224,0.7573665380477905,0.6529641151428223,0.0038299094885587692,0.004373859614133835,-0.8729173541069031,10.652481079101562,0.33017027378082275,0.7369946837425232,0.6758735179901123,0.003962184768170118,0.004254401661455631,0.8069689869880676,10.672017097473145,0.3301639258861542,0.7576926946640015,0.6525856256484985,0.0038277225103229284,0.004375773016363382
0.500000000000,60,0.0,0.0,1.0,-0.06055770069360733,13.007013320922852,0.41952547430992126,0.767983615398407,24.584409713745117,-0.9766800403594971,0.004061292856931686,asphalt,0.0,0.0,1.0,5531.791856777373,2,-7.6134209632873535,-0.8756417036056519,255.1570137798987,159.9764227975303,-202.08561330300623,7541.7574262815515,4228.507881046739,0.03555448725819588,0.010267005762147417,False,True,0,0,-0.3250715434551239,24.58226203918457,0.07074250280857086,False,-0.9152126908302307,14.094287872314453,0.32991695404052734,-0.4278154671192169,0.9038412570953369,0.0060418518260121346,-0.0028988912235945463,0.7646362781524658,14.116806030273438,0.3299129903316498,-0.39530032873153687,0.9185274839401245,0.006141431163996458,-0.0026816450990736485,-0.8857235312461853,11.894170761108398,0.3301907479763031,-0.42740345001220703,0.9040361642837524,0.0060431272722780704,-0.002896158490329981,0.794125497341156,11.916687965393066,0.3301868736743927,-0.3948814570903778,0.9187076091766357,0.006142672151327133,-0.0026788003742694855
0.550000000000,66,0.0,0.0,1.0,-0.0772835984826088,14.231030464172363,0.4190434515476227,0.8695932626724243,24.203950881958008,-0.933175802230835,0.00346557330340147,asphalt,0.0,0.0,1.0,5463.34788369537,2,-7.606778621673584,-0.8610197305679321,247.33954721879826,159.97845046410714,-193.2011009484701,7575.703721371738,4194.710771524946,0.03551596775650978,0.010354094596212747,False,True,0,0,-0.3629278838634491,24.201229095458984,0.07609277963638306,False,-0.9338657259941101,15.316848754882812,0.3298761546611786,0.9854889512062073,0.16956977546215057,0.0013165456475690007,0.007473044563084841,0.7459407448768616,15.34234619140625,0.3298746943473816,0.9915078282356262,0.12982559204101562,0.0010151376482099295,0.007519921287894249,-0.9004747271537781,13.116814613342285,0.3301478326320648,0.9855597019195557,0.16915816068649292,0.0013134242035448551,0.007473595440387726,0.7793316841125488,13.142312049865723,0.33014634251594543,0.9915619492530823,0.12941142916679382,0.0010119961807504296,0.0075203427113592625
0.600000000000,72,0.0,0.0,1.0,-0.09588439017534256,15.435998916625977,0.4188157618045807,0.9711095690727234,23.823801040649414,-0.8937368392944336,0.003345825709402561,asphalt,0.0,0.0,1.0,5388.989472099248,2,-7.600061893463135,-0.8470672369003296,239.6500593269302,159.98027348931655,-184.8489591204626,7599.228559317877,4171.320062658589,0.03548579663038254,0.010438407417351981,False,True,0,0,-0.3994021415710449,23.820453643798828,0.08005321025848389,False,-0.954389750957489,16.52035140991211,0.3298693597316742,0.07251640409231186,0.9973312020301819,0.0084537947550416,0.0005853913608007133,0.7253689169883728,16.548824310302734,0.32986974716186523,0.11702940613031387,0.9930922985076904,0.008419206365942955,0.0009627700783312321,-0.9171010851860046,14.320403099060059,0.3300880789756775,0.0728987604379654,0.997303307056427,0.008453547023236752,0.0005886339931748807,0.7626575827598572,14.348875045776367,0.3300884962081909,0.11741011589765549,0.9930474162101746,0.008418814279139042,0.0009660003124736249
0.650000000000,78,0.0,0.0,1.0,-0.11629139631986618,16.62193489074707,0.4187590181827545,1.0725572109222412,23.443967819213867,-0.864285409450531,0.003531557973474264,asphalt,0.0,0.0,1.0,5311.07088566768,2,-7.59319543838501,-0.8335325717926025,232.08817142461336,159.98162377321327,-178.41072610290112,7615.5512222527905,4155.096746861376,0.0354660265147686,0.010478588427395257,False,True,0,0,-0.43452373147010803,23.43994140625,0.08186808973550797,False,-0.9767163395881653,17.704803466796875,0.3298904299736023,0.9590682983398438,-0.2830202579498291,-0.0026194097008556128,0.008985249325633049,0.7029892206192017,17.736249923706055,0.3298918306827545,0.943977415561676,-0.32987740635871887,-0.0030584402848035097,0.008845451287925243,-0.9355328679084778,15.5049409866333,0.3300347924232483,0.9589666724205017,-0.28336429595947266,-0.002622633008286357,0.008984312415122986,0.7441727519035339,15.53638744354248,0.33003613352775574,0.9438590407371521,-0.3302159011363983,-0.003061611671000719,0.008844352327287197
0.700000000000,84,0.0,0.0,1.0,-0.1384371966123581,17.788850784301758,0.41877004504203796,1.1739598512649536,23.064456939697266,-0.8466627597808838,0.0038002945948392153,asphalt,0.0,0.0,1.0,5231.020287571203,2,-7.586408615112305,-0.8200933933258057,224.6538063862608,159.98244329255584,-174.38731140795161,7626.903426518703,4143.804838731095,0.035454198718070984,0.010471461502031508,False,True,0,0,-0.46830546855926514,23.059703826904297,0.08202508836984634,False,-1.000778079032898,18.87021827697754,0.3299257457256317,0.4553149938583374,0.8902714848518372,0.00913559552282095,0.004634974058717489,0.6788691878318787,18.904638290405273,0.3299269378185272,0.5024855732917786,0.8645249009132385,0.008873230777680874,0.00511903315782547,-0.9557016491889954,16.670438766479492,0.3299959897994995,0.4556256830692291,0.8901125192642212,0.009133941493928432,0.004638180136680603,0.7239456176757812,16.704858779907227,0.32999712228775024,0.5027839541435242,0.8643514513969421,0.00887156929820776,0.0051221358589828014
0.750000000000,90,0.0,0.0,1.0,-0.16225481033325195,18.9367618560791,0.41877689957618713,1.2753336429595947,22.68524742126465,-0.8398148417472839,0.00398420263081789,asphalt,0.0,0.0,1.0,5149.703833391805,2,-7.580401420593262,-0.8065950870513916,217.34625315208257,159.98279246636196,-172.6445592390336,7634.836176194836,4135.897779517745,0.035447072237730026,0.010435827250740907,False,True,0,0,-0.500747799873352,22.67972183227539,0.08140839636325836,False,-1.0265079736709595,20.01660919189453,0.3299609422683716,0.8079907894134521,-0.5890899896621704,-0.006528085563331842,0.00901288166642189,0.6530757546424866,20.054000854492188,0.329961359500885,0.7723163962364197,-0.635140597820282,-0.0070418380200862885,0.008617453277111053,-0.9775397777557373,17.816917419433594,0.3299714922904968,0.8077861666679382,-0.589370608329773,-0.006531216204166412,0.009010614827275276,0.7020439505577087,17.85430908203125,0.3299718499183655,0.7721020579338074,-0.6354010701179504,-0.007044743746519089,0.008615073747932911
0.800000000000,96,0.0,0.0,1.0,-0.1876772940158844,20.06568145751953,0.4187532365322113,1.37668776512146,22.30634117126465,-0.8408925533294678,0.00399845140054822,asphalt,0.0,0.0,1.0,5067.64563467516,2,-7.574553966522217,-0.7930151224136353,210.16518603867993,159.98279196593913,-172.64706947689604,7640.362261392242,4130.37165750173,0.03544216603040695,0.010393598059234762,False,True,0,0,-0.5318483710289001,22.30000114440918,0.08106863498687744,False,-1.0538393259048462,21.143999099731445,0.3299833834171295,0.6878591775894165,0.7257447242736816,0.00874292105436325,0.008238449692726135,0.6256757378578186,21.18436050415039,0.3299829065799713,0.7320314645767212,0.6811649203300476,0.00820901058614254,0.008770804852247238,-1.000980019569397,18.94439697265625,0.3299572467803955,0.6881110072135925,0.7255059480667114,0.008740226738154888,0.008241637609899044,0.6785351037979126,18.984758377075195,0.3299568295478821,0.7322640419006348,0.6809148788452148,0.008206015452742577,0.00877360813319683
0.850000000000,102,0.0,0.0,1.0,-0.21464453637599945,21.1759033203125,0.4187212586402893,1.4780257940292358,21.944839477539062,-0.8461653590202332,0.0038377009332180023,asphalt,0.0,0.0,1.0,4501.629542310829,3,-7.1583943367004395,-0.7798106074333191,203.36319332452953,159.98259439764826,-173.63528216433465,7625.383615001172,4145.335767805798,0.03543828800320625,0.0103636087367749,False,True,0,0,-0.5620421171188354,21.937641143798828,0.08128494024276733,False,-1.0827120542526245,22.2526798248291,0.3299891948699951,0.6529572606086731,-0.757284939289093,-0.0097458865493536,0.008447452448308468,0.5967288613319397,22.29601287841797,0.32998791337013245,0.6005621552467346,-0.7994740009307861,-0.010291889309883118,0.007773122284561396,-1.025962233543396,20.053171157836914,0.32994839549064636,0.6526913642883301,-0.7575141191482544,-0.009748920798301697,0.008444112725555897,0.6534786820411682,20.09650421142578,0.32994723320007324,0.6002878546714783,-0.7996800541877747,-0.010294562205672264,0.007769570220261812
0.900000000000,108,0.0,0.0,1.0,-0.24310874938964844,22.268157958984375,0.41870176792144775,1.579352617263794,21.587051391601562,-0.8526502847671509,0.003543901490047574,asphalt,0.0,0.0,1.0,4060.898287472336,3,-7.152869701385498,-0.7668774724006653,196.80284946419297,159.9823279130262,-174.95936255032208,7606.465129110231,4164.234647090672,0.0354352667927742,0.010357803839174855,False,True,0,0,-0.5910438895225525,21.57895851135254,0.08156407624483109,False,-1.1130785942077637,23.3433895111084,0.32998618483543396,0.8032037615776062,0.5955449938774109,0.008233158849179745,0.0110520264133811,0.566283106803894,23.389694213867188,0.32998451590538025,0.8438557386398315,0.5363931059837341,0.007419130764901638,0.011614155024290085,-1.052438735961914,21.14398193359375,0.32994595170021057,0.8034148812294006,0.5952601432800293,0.008229238912463188,0.011054947972297668,0.6269229650497437,21.190284729003906,0.32994428277015686,0.8440418839454651,0.5361002087593079,0.0074151018634438515,0.011616730131208897
0.950000000000,114,0.0,0.0,1.0,-0.27300700545310974,23.342477798461914,0.4186945855617523,1.6806708574295044,21.229520797729492,-0.8584088087081909,0.0031747918110340834,asphalt,0.0,0.0,1.0,3771.7325845928044,3,-7.147149562835693,-0.7540483474731445,190.35463401705172,159.98207919165384,-176.18620311854113,7592.624509896787,4178.056966629145,0.0354325994849205,0.010374364913531225,False,True,0,0,-0.6187757849693298,21.220500946044922,0.08169291168451309,False,-1.14487624168396,24.416162490844727,0.32997992634773254,0.5576167702674866,-0.8299689292907715,-0.012157784774899483,0.008201607502996922,0.5344010591506958,24.465435028076172,0.32997798919677734,-0.4927212595939636,0.8700636029243469,0.01274778787046671,-0.007250961847603321,-1.080346941947937,22.216861724853516,0.32994887232780457,0.5573159456253052,-0.8301709890365601,-0.012160844169557095,0.008197263814508915,0.5989303588867188,22.26613426208496,0.32994702458381653,-0.4924158453941345,0.8702364563941956,0.012750298716127872,-0.007246506400406361
1.000000000000,120,0.0,0.0,1.0,-0.3042758107185364,24.398883819580078,0.41869163513183594,1.7819806337356567,20.87226676940918,-0.8624529242515564,0.002780955983325839,asphalt,0.0,0.0,1.0,3574.512648798603,3,-7.14174222946167,-0.7412508726119995,184.0187526486806,159.98189637595107,-177.0825372047943,7582.34419301157,4188.3238328490315,0.03542979434132576,0.010407893047379844,False,True,0,0,-0.645241916179657,20.86229133605957,0.08166474848985672,False,-1.1780414581298828,25.471019744873047,0.32997339963912964,0.8405830264091492,0.5414595007896423,0.008440966717898846,0.01305927149951458,0.5011460185050964,25.52326202392578,0.3299714922904968,0.8815515637397766,0.47183167934417725,0.007359132636338472,0.01369808241724968,-1.1096231937408447,23.271835327148438,0.3299548625946045,0.8407812714576721,0.5411515831947327,0.008436178788542747,0.013062357902526855,0.5695642828941345,23.32407569885254,0.3299529552459717,0.8817188739776611,0.4715189039707184,0.007354273926466703,0.013700693845748901
1.050000000000,126,0.0,0.0,1.0,-0.3368520140647888,25.43738555908203,0.418686181306839,1.8832812309265137,20.515270233154297,-0.8645572066307068,0.0023981397971510887,asphalt,0.0,0.0,1.0,3433.0769524507327,3,-7.136889457702637,-0.7285366654396057,177.79462326402347,159.98179464097478,-177.57937768558733,7574.6105639224115,4196.049976787308,0.03542649373412132,0.010450325612455996,False,True,0,0,-0.67044597864151,20.50431251525879,0.0815638080239296,False,-1.2125113010406494,26.50797462463379,0.3299681544303894,0.5479544401168823,-0.8363467454910278,-0.013734553940594196,0.009023517370223999,0.46658119559288025,26.563182830810547,0.32996633648872375,-0.4746844470500946,0.8800026178359985,0.01445368118584156,-0.007820277474820614,-1.1402045488357544,24.308910369873047,0.3299613296985626,0.5476480722427368,-0.8365474343299866,-0.013737926259636879,0.00901857390999794,0.5388879179954529,24.36412239074707,0.329959511756897,-0.47437217831611633,0.880171000957489,0.014456430450081825,-0.007815161719918251
1.100000000000,132,0.0,0.0,1.0,-0.3706723749637604,26.457992553710938,0.41867583990097046,1.984571933746338,20.156230926513672,-0.8650163412094116,0.002057041972875595,asphalt,0.0,0.0,1.0,3325.4916826136277,3,-7.407858371734619,-0.7157350778579712,171.6818811862031,159.98176528994276,-177.72246033842248,7568.697475729339,4201.9609054781995,0.035422444343566895,0.010510021486523732,False,True,0,0,-0.6943057179450989,20.144269943237305,0.0815078541636467,False,-1.2482224702835083,27.52703094482422,0.3299643099308014,0.8167474269866943,0.5767353773117065,0.010003788396716118,0.014135807752609253,0.43076977133750916,27.585208892822266,0.3299628794193268,0.8651958107948303,0.501134991645813,0.008695251308381557,0.01497629750519991,-1.1720280647277832,25.328100204467773,0.3299659490585327,0.8169585466384888,0.5764362812042236,0.009998612105846405,0.01413947157561779,0.5069641470909119,25.38627815246582,0.3299645185470581,0.8653736114501953,0.5008279085159302,0.008689935319125652,0.01497938297688961
1.150000000000,138,0.0,0.0,1.0,-0.40565967559814453,27.46031379699707,0.4186641573905945,2.0858514308929443,19.785930633544922,-0.8644609451293945,0.0017844768008217216,asphalt,0.0,0.0,1.0,3237.9273923596384,3,-7.403202533721924,-0.7029117345809937,165.45002282667767,159.98178361418965,-177.63314541896978,7582.034954677574,4188.6247747364305,0.035418279469013214,0.010556881480298513,False,True,0,0,-0.7164918780326843,19.7729549407959,0.08155971765518188,False,-1.2850978374481201,28.52779769897461,0.32996201515197754,0.6266994476318359,-0.7790484428405762,-0.014172200113534927,0.011420702561736107,0.39378899335861206,28.588945388793945,0.3299606740474701,0.5505251884460449,-0.8346200585365295,-0.01518496684730053,0.010034828446805477,-1.2050164937973022,26.32900619506836,0.32996755838394165,0.6264141798019409,-0.7792778611183167,-0.014176377095282078,0.011415508575737476,0.4738703668117523,26.390151977539062,0.3299662470817566,0.5502291321754456,-0.834815263748169,-0.015188501216471195,0.01002945564687252
1.200000000000,144,0.0,0.0,1.0,-0.4417397379875183,28.444074630737305,0.4186558723449707,2.1871190071105957,19.4158935546875,-0.8634918928146362,0.0014903828268870711,asphalt,0.0,0.0,1.0,3162.2041028732906,3,-7.397462368011475,-0.6896642446517944,159.33742655667126,159.98182282181776,-177.44189096629785,7591.242176816185,4179.420437299058,0.03541378304362297,0.010580425553018776,False,True,0,0,-0.7373781204223633,19.401885986328125,0.08165612816810608,False,-1.3230628967285156,29.5100040435791,0.3299608826637268,0.7191060185432434,0.6946383118629456,0.013268845155835152,0.013717503286898136,0.35571321845054626,29.574119567871094,0.3299594521522522,0.7841489911079407,0.6202791333198547,0.011850297451019287,0.014960031025111675,-1.2390952110290527,27.311359405517578,0.32996758818626404,0.7193604111671448,0.6943747997283936,0.013263816945254803,0.013722360134124756,0.43968087434768677,27.375473022460938,0.3299660384654999,0.7843666672706604,0.6200037598609924,0.01184504572302103,0.014964188449084759
1.250000000000,150,0.0,0.0,1.0,-0.4788474440574646,29.409292221069336,0.4186522364616394,2.288372039794922,19.04610824584961,-0.8624809980392456,0.0011885575950145721,asphalt,0.0,0.0,1.0,3093.678847223479,3,-7.392462730407715,-0.6764528751373291,153.3441060381753,159.981865856569,-177.2317301996068,7597.488300671258,4173.177479725807,0.03540927171707153,0.010614187188879754,False,True,0,0,-0.7569576501846313,19.03106117248535,0.08173029869794846,False,-1.3620526790618896,30.473663330078125,0.3299606442451477,0.7748719453811646,-0.6318027377128601,-0.01261051930487156,0.015482539311051369,0.31660759449005127,30.540746688842773,0.3299592137336731,0.7055555582046509,-0.7083731889724731,-0.014140567742288113,0.014098967425525188,-1.2741996049880981,28.275169372558594,0.32996660470962524,0.7746405601501465,-0.6320865154266357,-0.012616194784641266,0.015477922745049,0.40446069836616516,28.342252731323242,0.32996517419815063,0.7053096294403076,-0.7086180448532104,-0.014145460911095142,0.014094053767621517
1.300000000000,156,0.0,0.0,1.0,-0.5169174075126648,30.35597038269043,0.4186517298221588,2.3896141052246094,18.676572799682617,-0.8616538047790527,0.0008943756110966206,asphalt,0.0,0.0,1.0,3029.534541066632,3,-7.387755870819092,-0.6633341908454895,147.46957579212727,159.98190234957048,-177.05332064814473,7601.635167049672,4169.033298319976,0.03540490195155144,0.010654050625219303,False,True,0,0,-0.775233805179596,18.66047477722168,0.08175989985466003,False,-1.4020016193389893,31.418781280517578,0.3299610912799835,0.5117694139480591,0.8588697910308838,0.017916804179549217,0.010666882619261742,0.2765374481678009,31.488828659057617,0.32995977997779846,0.6012510657310486,0.7987880706787109,0.01666438952088356,0.012533582746982574,-1.310263752937317,29.22044563293457,0.3299655020236969,0.5120806694030762,0.858684241771698,0.01791292615234852,0.010673383250832558,0.3682752847671509,29.290494918823242,0.3299640715122223,0.6015284061431885,0.7985791563987732,0.016660042107105255,0.01253935694694519
1.350000000000,162,0.0,0.0,1.0,-0.5558844804763794,31.284122467041016,0.418652206659317,2.4908440113067627,18.307279586791992,-0.8611118197441101,0.0006091762334108353,asphalt,0.0,0.0,1.0,2968.062494421456,3,-7.382664680480957,-0.6501868367195129,141.71354602901476,159.98192718234358,-176.93181355696734,7604.291317404869,4166.37897503606,0.03540070354938507,0.01069686629381159,False,True,0,0,-0.7922096252441406,18.290130615234375,0.08175419270992279,False,-1.4428448677062988,32.34537124633789,0.32996219396591187,0.9347100853919983,-0.3547458350658417,-0.007707225624471903,0.020322540774941444,0.23556791245937347,32.41838073730469,0.3299608826637268,0.8890414834022522,-0.45731040835380554,-0.009937228634953499,0.01933024451136589,-1.347222924232483,30.147199630737305,0.3299644887447357,0.9345815181732178,-0.35508450865745544,-0.0077145895920693874,0.020319746807217598,0.33118975162506104,30.220212936401367,0.3299631178379059,0.8888826966285706,-0.4576190412044525,-0.009943936951458454,0.019326796755194664
1.400000000000,168,0.0,0.0,1.0,-0.5956839323043823,32.193763732910156,0.41865214705467224,2.592064380645752,17.938213348388672,-0.8608604669570923,0.0003285098064225167,asphalt,0.0,0.0,1.0,2908.2257208938595,3,-7.378336429595947,-0.6370748281478882,136.0755876517346,159.9819396611099,-176.87072326687664,7605.8983897639955,4164.772820802165,0.03539661690592766,0.01073868729779191,False,True,0,0,-0.8078863024711609,17.920011520385742,0.08173605799674988,False,-1.484517216682434,33.253440856933594,0.3299630582332611,0.15940739214420319,0.9869537353515625,0.022329196333885193,0.003603551536798477,0.19376376271247864,33.32941818237305,0.3299618661403656,0.2733926773071289,0.9616366028785706,0.021756784990429878,0.006182527635246515,-1.385012149810791,31.05544662475586,0.32996389269828796,0.15976503491401672,0.9868959188461304,0.022327886894345284,0.0036116435658186674,0.29326894879341125,31.13142204284668,0.32996252179145813,0.27372288703918457,0.9615426659584045,0.021754659712314606,0.006189998704940081
1.450000000000,174,0.0,0.0,1.0,-0.6362506151199341,33.08489990234375,0.4186513423919678,2.693269729614258,17.569385528564453,-0.8608380556106567,5.4285788792185485e-05,asphalt,0.0,0.0,1.0,2849.3950466146666,3,-7.373622894287109,-0.623969316482544,130.55557073739627,159.98194194679084,-176.85953133909166,7606.748869199997,4163.922509535139,0.03539253771305084,0.010783911065709924,False,True,0,0,-0.8222647309303284,17.550134658813477,0.08172927051782608,False,-1.5269540548324585,34.143009185791016,0.3299637734889984,0.997246503829956,0.07033540308475494,0.00165388488676399,0.02344278059899807,0.15119020640850067,34.22195053100586,0.32996246218681335,0.9984264373779297,-0.05091548711061478,-0.0011964242439717054,0.023470565676689148,-1.4235663414001465,31.945188522338867,0.32996341586112976,0.9972719550132751,0.06997399032115936,0.0016453886637464166,0.023443372920155525,0.2545778453350067,32.024131774902344,0.32996198534965515,0.9984089136123657,-0.05125826597213745,-0.0012044825125485659,0.023470155894756317
1.500000000000,180,0.0,0.0,1.0,-0.677519679069519,33.957550048828125,0.4186502993106842,2.794463634490967,17.200786590576172,-0.8609541654586792,-0.0002165694604627788,asphalt,0.0,0.0,1.0,2791.1889445725687,3,-7.369202136993408,-0.6109015941619873,125.15316481065157,159.98193777043738,-176.87998048492372,7607.067844567235,4163.603226892696,0.03538854047656059,0.010828098978760914,False,True,0,0,-0.8353473544120789,17.180490493774414,0.08173199743032455,False,-1.5700900554656982,35.01408386230469,0.3299640715122223,-0.32289090752601624,0.9461219906806946,0.023077689111232758,-0.00787405576556921,0.10791200399398804,35.09598922729492,0.32996270060539246,-0.20156624913215637,0.9791713356971741,0.023883553221821785,-0.004914551042020321,-1.4628207683563232,32.81644821166992,0.3299630582332611,-0.3225480020046234,0.9462389945983887,0.02308054082095623,-0.007865690626204014,0.21518144011497498,32.898353576660156,0.3299616277217865,-0.2012300342321396,0.9792404770851135,0.023885240778326988,-0.004906350281089544
1.550000000000,186,0.0,0.0,1.0,-0.7194262742996216,34.81172561645508,0.41864949464797974,2.895646095275879,16.8324031829834,-0.8611236810684204,-0.000494274019729346,asphalt,0.0,0.0,1.0,2733.3751049975876,3,-7.364847660064697,-0.5978473424911499,119.86799484754017,159.98193083212198,-176.91394810682047,7607.019750577705,4163.650810395669,0.03538460657000542,0.01087001831005135,False,True,0,0,-0.8471352458000183,16.811071395874023,0.08173899352550507,False,-1.613860845565796,35.866676330566406,0.32996416091918945,0.8163589239120483,0.5769919157028198,0.014579788781702518,0.02063574269413948,0.06399406492710114,35.95154571533203,0.32996267080307007,0.8844413161277771,0.46596693992614746,0.0117733683437109,0.022356020286679268,-1.5027104616165161,33.66923904418945,0.32996299862861633,0.8165680766105652,0.5766959190368652,0.014572303742170334,0.02064102329313755,0.17514444887638092,33.75410842895508,0.3299616277217865,0.8846012353897095,0.4656633138656616,0.011765696108341217,0.02236006408929825
1.600000000000,192,0.0,0.0,1.0,-0.7619057893753052,35.64743423461914,0.4186490476131439,2.996819496154785,16.46424102783203,-0.8612843155860901,-0.0007835142314434052,asphalt,0.0,0.0,1.0,2675.812577081499,3,-7.360561370849609,-0.5847713947296143,114.69993840558921,159.98192389247427,-176.94791572724398,7606.696329552393,4163.973720836402,0.03538063168525696,0.010913975276827527,False,True,0,0,-0.8576299548149109,16.4418888092041,0.08174610137939453,False,-1.6582013368606567,36.7008056640625,0.32996395230293274,0.8010697960853577,-0.5979995131492615,-0.015648098662495613,0.02095048874616623,0.019501062110066414,36.78863525390625,0.32996246218681335,0.7133908271789551,-0.7002783417701721,-0.018322935327887535,0.018656261265277863,-1.5431708097457886,34.50356674194336,0.3299630880355835,0.8008506298065186,-0.598292887210846,-0.015655767172574997,0.020944753661751747,0.13453169167041779,34.59139633178711,0.32996153831481934,0.7131503820419312,-0.7005231976509094,-0.01832933910191059,0.01864997297525406
1.650000000000,198,0.0,0.0,1.0,-0.8048765659332275,36.46440887451172,0.418649822473526,3.091569423675537,16.052000045776367,-0.8654263615608215,-0.0007497587939724326,asphalt,0.0,0.0,1.0,2617.632825461915,3,-8.680997848510742,-0.4543394148349762,109.19772709598212,159.98186039824606,-177.25839979137965,7653.024302310005,4117.641076490949,0.02407139725983143,0.011810210199435754,False,True,0,0,-0.8625902533531189,16.028806686401367,0.08230888843536377,False,-1.70291268825531,37.516292572021484,0.3300287127494812,0.2937123775482178,0.9555131196975708,0.025783207267522812,0.007932302542030811,-0.02535775490105152,37.60689926147461,0.33003509044647217,0.4228643774986267,0.9057914018630981,0.024440612643957138,0.01141722034662962,-1.5842485427856445,35.319244384765625,0.32988372445106506,0.2940731942653656,0.955402135848999,0.025780215859413147,0.007942035794258118,0.09330648183822632,35.409847259521484,0.32989004254341125,0.4231856167316437,0.9056413769721985,0.024436568841338158,0.011425885371863842
1.700000000000,204,0.0,0.0,1.0,-0.8479333519935608,37.260189056396484,0.41870203614234924,3.149860382080078,15.618473052978516,-0.9005439281463623,0.0005360609502531588,asphalt,0.0,0.0,1.0,2556.111698957511,3,-8.662703514099121,-0.29751694202423096,103.40275498877288,159.98056683443,-183.46948753902012,7725.8661611133175,4044.704043729869,0.01739252358675003,0.00747216753205339,False,True,0,0,-0.8563026785850525,15.59498119354248,0.08419393748044968,False,-1.7470383644104004,38.31111526489258,0.33009132742881775,0.9967042207717896,0.07632351666688919,0.0021031477954238653,0.02740360237658024,-0.06957654654979706,38.40342712402344,0.3300949037075043,0.9975453615188599,-0.0644039437174797,-0.0017660896992310882,0.027427388355135918,-1.62613844871521,36.11416244506836,0.32978567481040955,0.9967362284660339,0.07590527087450027,0.002091648755595088,0.027404475957155228,0.05132336542010307,36.206478118896484,0.3297893702983856,0.9975199699401855,-0.06479589641094208,-0.0017768661491572857,0.027426697313785553
1.750000000000,210,0.0,0.0,1.0,-0.8906091451644897,38.0343017578125,0.41883906722068787,3.1978583335876465,15.185919761657715,-0.9512678980827332,0.000710619380697608,asphalt,0.0,0.0,1.0,2492.3400044857667,3,-8.637299537658691,-0.25527071952819824,97.77757604623359,159.9783483873904,-193.65811087643092,7777.886286118823,3992.520696483427,0.01629035174846649,0.005438058486953653,False,True,0,0,-0.8457327485084534,15.162351608276367,0.08500083535909653,False,-1.7905908823013306,39.084407806396484,0.3300924003124237,-0.464763879776001,0.8849949240684509,0.024700572714209557,-0.012978757731616497,-0.11320691555738449,39.17812728881836,0.3300897777080536,-0.33390581607818604,0.9421933889389038,0.026297960430383682,-0.009326338768005371,-1.6678489446640015,36.88752746582031,0.3297632038593292,-0.46435198187828064,0.8852111101150513,0.024706603959202766,-0.012967267073690891,0.00953508261591196,36.98124313354492,0.32976076006889343,-0.33348897099494934,0.9423409700393677,0.026302078738808632,-0.00931470561772585
1.800000000000,216,0.0,0.0,1.0,-0.93270343542099,38.78636169433594,0.41899681091308594,3.234468460083008,14.711034774780273,-1.0054160356521606,0.0004935938632115722,asphalt,0.0,0.0,1.0,2426.2634063941728,3,-9.636139869689941,-0.12354597449302673,91.88927545826644,159.97586564839833,-204.45922008592123,7862.0938673159235,3908.1304477649846,0.005172200500965118,0.005042277556214918,False,True,0,0,-0.8289093971252441,14.687663078308105,0.0847535952925682,False,-1.833351731300354,39.8358268737793,0.33012473583221436,0.6019530296325684,0.7980325818061829,0.022533869370818138,0.016991812735795975,-0.15602809190750122,39.93061447143555,0.33012819290161133,0.7103265523910522,0.703306257724762,0.01985984854400158,0.02005196176469326,-1.7092039585113525,37.63898468017578,0.3297170400619507,0.602370023727417,0.7977178692817688,0.02252497337758541,0.01700359582901001,-0.031880177557468414,37.7337760925293,0.3297204077243805,0.7106806635856628,0.7029484510421753,0.01984974555671215,0.020061956718564034
1.850000000000,222,0.0,0.0,1.0,-0.9738434553146362,39.5145263671875,0.4191422760486603,3.2426419258117676,14.231465339660645,-1.070457935333252,0.0011472851037979126,asphalt,0.0,0.0,1.0,2356.827438697507,3,-9.56021499633789,-0.02858436107635498,86.01980410179567,159.97263187030958,-217.72547521317932,7938.591105390876,3831.395284467152,0.0009454276878386736,0.0015247055276497391,False,True,0,0,-0.8046985864639282,14.208697319030762,0.08413040637969971,False,-1.8746376037597656,40.56378173828125,0.33011913299560547,0.9852959513664246,-0.16849744319915771,-0.004759408533573151,0.027890248224139214,-0.19732747972011566,40.658809661865234,0.33012062311172485,0.950817883014679,-0.30845558643341064,-0.008721238002181053,0.026915758848190308,-1.7501744031906128,38.366912841796875,0.32971855998039246,0.9851961731910706,-0.1690799593925476,-0.00477589713409543,0.02788742631673813,-0.07286415994167328,38.46194076538086,0.3297201693058014,0.9506412148475647,-0.30899950861930847,-0.008736632764339447,0.02691076695919037
1.900000000000,228,0.0,0.0,1.0,-1.013738751411438,40.218788146972656,0.4192418158054352,3.244140625,13.754936218261719,-1.1266493797302246,0.001183485728688538,asphalt,0.0,0.0,1.0,2285.508463556731,3,-9.508051872253418,-0.006281435489654541,80.38163680795007,159.96951299573846,-229.79572585407666,7989.6620644417235,3780.094854219733,0.00017581948486622423,0.00015151426950190145,False,True,0,0,-0.7783829569816589,13.732893943786621,0.082365021109581,False,-1.914556622505188,41.26795196533203,0.3300727307796478,-0.3369138240814209,0.9411098957061768,0.026646697893738747,-0.009550345130264759,-0.23724889755249023,41.36302185058594,0.330071359872818,-0.19801871478557587,0.9797894358634949,0.0277435090392828,-0.0056175533682107925,-1.7900335788726807,39.071044921875,0.329782634973526,-0.3363034427165985,0.9413281679153442,0.026652870699763298,-0.009533068165183067,-0.11272585391998291,39.16611862182617,0.32978126406669617,-0.19739823043346405,0.9799146056175232,0.02774704620242119,-0.005599986761808395
1.950000000000,234,0.0,0.0,1.0,-1.0523117780685425,40.899288177490234,0.419243723154068,3.244412660598755,13.280491828918457,-1.1626784801483154,0.0008048807503655553,asphalt,0.0,0.0,1.0,2213.204550272033,3,-9.472281455993652,-0.0010516047477722168,74.95948502970025,159.96730902856007,-237.9561799317875,8023.2808076426045,3746.3139541337023,3.355123772053048e-05,-0.00021768333509471677,False,True,0,0,-0.7516648173332214,13.259203910827637,0.08005857467651367,False,-1.9531316757202148,41.948402404785156,0.3300167918205261,0.6266399621963501,0.778794527053833,0.022060103714466095,0.01774114929139614,-0.2758243978023529,42.04348373413086,0.330014705657959,0.7321684956550598,0.6805350184440613,0.019278081133961678,0.02073042467236519,-1.828596591949463,39.75147247314453,0.3298702836036682,0.627171516418457,0.7783665657043457,0.022047966718673706,0.01775621622800827,-0.15128929913043976,39.846553802490234,0.3298680782318115,0.732620120048523,0.6800487637519836,0.01926431804895401,0.02074321359395981
2.000000000000,240,0.0,0.0,1.0,-1.0895482301712036,41.55613327026367,0.41913333535194397,3.2444591522216797,12.807482719421387,-1.1768600940704346,0.0003989131946582347,asphalt,0.0,0.0,1.0,2140.4112496940793,3,-9.448508262634277,0.00039756298065185547,69.74318654424476,159.9663060428693,-241.57856878617397,8045.004242112385,3724.516724991723,6.211274921952281e-06,-0.00022753684928999415,False,True,0,0,-0.7248995900154114,12.786952018737793,0.0782797634601593,False,-1.9903675317764282,42.60523223876953,0.3299681544303894,0.9953800439834595,-0.0917450413107872,-0.0025948211550712585,0.028190219774842262,-0.3130604028701782,42.700313568115234,0.32996666431427,0.9718244671821594,-0.23399962484836578,-0.0066236574202775955,0.027523599565029144,-1.8658298254013062,40.408294677734375,0.3299488425254822,0.9953157305717468,-0.09243986755609512,-0.002614498371258378,0.028188401833176613,-0.18852266669273376,40.50337600708008,0.329947292804718,0.9716653227806091,-0.23465944826602936,-0.006642345804721117,0.027519097551703453
2.050000000000,246,0.0,0.0,1.0,-1.1254466772079468,42.18937301635742,0.4189564883708954,3.2444655895233154,12.335457801818848,-1.1742547750473022,0.00016679102554917336,asphalt,0.0,0.0,1.0,2067.395081500619,3,-9.432355880737305,0.00035506486892700195,64.72588733828563,159.9663283508308,-241.498592273158,8058.786889175888,3710.735719236489,8.389298500333098e-07,-0.00011991368219164892,False,True,0,0,-0.6981635689735413,12.31568431854248,0.07832223922014236,False,-2.02626633644104,43.23847579956055,0.32993271946907043,0.5051153302192688,-0.8625874519348145,-0.024428492411971092,0.01430654339492321,-0.3489590883255005,43.33355712890625,0.3299320638179779,-0.37574928998947144,0.9262888431549072,0.026232773438096046,-0.010642866604030132,-1.9017282724380493,41.04154586791992,0.32998865842819214,0.5045194625854492,-0.8629359602928162,-0.024438362568616867,0.014289667829871178,-0.22442111372947693,41.136627197265625,0.32998794317245483,-0.37513434886932373,0.9265380501747131,0.026239831000566483,-0.010625452734529972
2.100000000000,252,0.0,0.0,1.0,-1.1600090265274048,42.7990608215332,0.4187983572483063,3.2444655895233154,11.864121437072754,-1.1631693840026855,5.6957775086630136e-05,asphalt,0.0,0.0,1.0,1994.2950787062975,3,-9.420684814453125,0.0001780390739440918,59.90317699240433,159.96690805354802,-239.41092219097644,8067.3931818664405,3702.1720781733566,2.057450387837889e-08,-6.39259965122015e-05,False,True,0,0,-0.6714774966239929,11.845104217529297,0.07952695339918137,False,-2.0608294010162354,43.848182678222656,0.32991039752960205,0.3740841746330261,0.9269625544548035,0.026252517476677895,0.010593920014798641,-0.3835221827030182,43.94326400756836,0.3299099802970886,0.5035675764083862,0.863491952419281,0.02445508912205696,0.014261030592024326,-1.9362919330596924,41.6512565612793,0.3299957513809204,0.3746923506259918,0.9267169237136841,0.026245558634400368,0.010611145757138729,-0.25898465514183044,41.746337890625,0.32999539375305176,0.5041079521179199,0.8631765842437744,0.02444615587592125,0.014276335015892982
2.150000000000,258,0.0,0.0,1.0,-1.1932377815246582,43.38522720336914,0.4187050759792328,3.244466781616211,11.393278121948242,-1.149450659751892,2.1715568436775357e-06,asphalt,0.0,0.0,1.0,1921.1804241679201,3,-9.411910057067871,0.00011998414993286133,55.27218537001674,159.9676746868909,-236.62176715433174,8072.664625932247,3696.957039155751,-1.3047684888078948e-07,-2.9655395429783268e-05,False,True,0,0,-0.6448231339454651,11.375017166137695,0.08088244497776031,False,-2.0940589904785156,44.434364318847656,0.32989954948425293,0.9520695805549622,0.3045687675476074,0.008625675924122334,0.026963436976075172,-0.416751891374588,44.52944564819336,0.32989925146102905,0.9859855771064758,0.16441096365451813,0.004656281787902117,0.027923977002501488,-1.9695221185684204,42.23745346069336,0.3299863040447235,0.9522621631622314,0.3039659261703491,0.008608600124716759,0.026968901976943016,-0.292214959859848,42.33253479003906,0.32998624444007874,0.986084520816803,0.1638166755437851,0.004639449063688517,0.02792678028345108
2.200000000000,264,0.0,0.0,1.0,-1.2251341342926025,43.947898864746094,0.4186738431453705,3.2444684505462646,10.92280101776123,-1.1367518901824951,-1.5274215911631472e-05,asphalt,0.0,0.0,1.0,1848.0831942091468,3,-9.405272483825684,4.684925079345703e-05,50.83101553521039,159.96840328799732,-233.940149796004,8075.814615769125,3693.860656145279,-8.832347475618008e-08,-7.407105084613042e-06,False,True,0,0,-0.618192195892334,10.905293464660645,0.0817142203450203,False,-2.1259562969207764,44.99705123901367,0.329900860786438,0.8612613677978516,-0.5073730945587158,-0.01436937227845192,0.024391623213887215,-0.4486491084098816,45.092132568359375,0.32990092039108276,0.7792959213256836,-0.6260163187980652,-0.017729440703988075,0.022070273756980896,-2.00141978263855,42.800148010253906,0.3299720287322998,0.8609476685523987,-0.5079051852226257,-0.014384445734322071,0.024382740259170532,-0.3241126239299774,42.89522933959961,0.32997190952301025,0.7789279818534851,-0.6264740824699402,-0.01774240843951702,0.022059854120016098
2.250000000000,270,0.0,0.0,1.0,-1.2556991577148438,44.48708724975586,0.4186762273311615,3.2444701194763184,10.452609062194824,-1.1271644830703735,-1.4900565474817995e-05,asphalt,0.0,0.0,1.0,1775.0164081327882,3,-9.39992618560791,1.6629695892333984e-05,46.578445204735566,159.9689662828586,-231.84679602337215,8077.6439853379625,3692.0727089233596,-4.958194210757938e-08,3.0352648056221204e-06,False,True,0,0,-0.5915796160697937,10.4358549118042,0.08193556219339371,False,-2.156522035598755,45.536251068115234,0.32991135120391846,-0.22984649240970612,0.9728150963783264,0.027550972998142242,-0.006509275175631046,-0.4792148470878601,45.63133239746094,0.3299112915992737,-0.08748117089271545,0.9957637786865234,0.02820095419883728,-0.002477591158822179,-2.0319859981536865,43.33935546875,0.3299584686756134,-0.22925269603729248,0.9729551672935486,0.027554944157600403,-0.006492458749562502,-0.3546786904335022,43.4344367980957,0.32995834946632385,-0.08690378814935684,0.9958143830299377,0.02820238471031189,-0.0024612389970570803
2.300000000000,276,0.0,0.0,1.0,-1.2849338054656982,45.0028076171875,0.4186839461326599,3.2444708347320557,9.982650756835938,-1.1214314699172974,-8.789548701315653e-06,asphalt,0.0,0.0,1.0,1701.98404453717,3,-9.39559555053711,-1.531839370727539e-05,42.51365545467206,159.96931611212582,-230.53646571479158,8078.667231642629,3691.075201307028,-1.664104587462134e-08,5.116145544359179e-06,False,True,0,0,-0.5649818181991577,9.966650009155273,0.08176043629646301,False,-2.1857571601867676,46.051979064941406,0.3299251198768616,0.5129479765892029,0.8579527139663696,0.024298012256622314,0.01452726498246193,-0.5084499716758728,46.14706039428711,0.32992517948150635,0.6310570240020752,0.775219738483429,0.021954858675599098,0.01787213608622551,-2.061221122741699,43.85508728027344,0.32994771003723145,0.5134714245796204,0.8576395511627197,0.024289140477776527,0.014542090706527233,-0.38391390442848206,43.95016860961914,0.329947829246521,0.6315065622329712,0.774853527545929,0.02194448746740818,0.017884867265820503
2.350000000000,282,0.0,0.0,1.0,-1.3128390312194824,45.49507141113281,0.4186807870864868,3.2444708347320557,9.515023231506348,-1.1192680597305298,-3.8160287658683956e-06,asphalt,0.0,0.0,1.0,1678.2497189433889,2,-9.135683059692383,-1.4781951904296875e-05,38.63602244897083,159.96946395292713,-229.98046399714693,8079.208195254888,3690.5451150817253,-6.478210856641908e-09,2.9083571988105054e-06,False,True,0,0,-0.538516104221344,9.499772071838379,0.08146944642066956,False,-2.2136623859405518,46.544246673583984,0.32993757724761963,0.9559588432312012,0.2921321988105774,0.008273419924080372,0.02707364410161972,-0.5363552570343018,46.63932800292969,0.3299376368522644,0.9880450367927551,0.15154412388801575,0.0042918347753584385,0.02798234485089779,-2.0891263484954834,44.34735107421875,0.32994040846824646,0.9561370015144348,0.29154860973358154,0.00825689546763897,0.02707868628203869,-0.4118193984031677,44.44243240356445,0.32994046807289124,0.9881327152252197,0.1509712040424347,0.004275611601769924,0.02798483520746231
2.400000000000,288,0.0,0.0,1.0,-1.3394360542297363,45.964256286621094,0.4186649024486542,3.2444703578948975,9.057783126831055,-1.119754433631897,-1.3843114174960647e-06,asphalt,0.0,0.0,1.0,1821.6064626192392,2,-9.147490501403809,1.7404556274414062e-05,35.04078505340041,159.9694573319901,-230.0053928673646,8063.2772162126985,3706.4756069884734,6.710045852287294e-10,-9.848481847327218e-07,False,True,0,0,-0.5126383304595947,9.043264389038086,0.08138128370046616,False,-2.2402594089508057,47.013427734375,0.3299451470375061,0.919150173664093,-0.3928886353969574,-0.011126979254186153,0.02603117749094963,-0.5629522800445557,47.1085090637207,0.3299451470375061,0.8530550003051758,-0.5210524797439575,-0.014756697230041027,0.024159301072359085,-2.1157236099243164,44.81653594970703,0.3299350440502167,0.9189102053642273,-0.39344966411590576,-0.011142863892018795,0.026024378836154938,-0.43841636180877686,44.911617279052734,0.3299350440502167,0.852752685546875,-0.5215471386909485,-0.014770700596272945,0.024150731042027473
2.450000000000,294,0.0,0.0,1.0,-1.3647387027740479,46.41061019897461,0.4186478555202484,3.244471311569214,8.60010814666748,-1.121870756149292,-3.969474278164853e-07,asphalt,0.0,0.0,1.0,1869.049457472308,2,-9.15429973602295,-7.152557373046875e-07,31.617622073221515,159.96935320840987,-230.39707964648846,8052.5447353992895,3717.200426909467,-1.7806245367069096e-09,6.317524891027585e-07,False,True,0,0,-0.48673540353775024,8.586322784423828,0.08151613920927048,False,-2.265562057495117,47.45978546142578,0.32994750142097473,-0.48009324073791504,0.8767605423927307,0.024830689653754234,-0.01359672099351883,-0.5882548689842224,47.554866790771484,0.3299475610256195,-0.3489447236061096,0.9367156028747559,0.02652866393327713,-0.00988247711211443,-2.141026020050049,45.26288604736328,0.32993024587631226,-0.4795580208301544,0.8770533800125122,0.02483898214995861,-0.013581564649939537,-0.4637187719345093,45.35797119140625,0.3299301862716675,-0.34840160608291626,0.936917781829834,0.026534391567111015,-0.00986709538847208
2.500000000000,300,0.0,0.0,1.0,-1.3887462615966797,46.8341178894043,0.41863834857940674,3.244474172592163,8.14217758178711,-1.1247526407241821,1.7345620051401056e-07,asphalt,0.0,0.0,1.0,1858.288330546321,2,-9.15851879119873,-2.300739288330078e-05,28.36845828159721,159.9691994113342,-230.97441006607266,8045.262711736405,3724.4711349525087,-7.3608568129657215e-09,1.3063632396169117e-06,False,True,0,0,-0.46081870794296265,8.12912654876709,0.08168280124664307,False,-2.28956937789917,47.8832893371582,0.32994672656059265,0.12981227040290833,0.9911343455314636,0.02806984819471836,0.0036764468532055616,-0.6122622489929199,47.978370666503906,0.32994672656059265,0.2710709571838379,0.9621429443359375,0.027248788625001907,0.007677022367715836,-2.1650331020355225,45.6863899230957,0.3299274742603302,0.13041719794273376,0.9910549521446228,0.02806759625673294,0.003693578764796257,-0.48772603273391724,45.781471252441406,0.3299274742603302,0.27162885665893555,0.9619855880737305,0.02724432945251465,0.007692822255194187
2.550000000000,306,0.0,0.0,1.0,-1.4114577770233154,47.234764099121094,0.41863641142845154,3.2444753646850586,7.684112071990967,-1.127663016319275,2.234918525800822e-07,asphalt,0.0,0.0,1.0,1812.2073676710727,2,-9.16025161743164,-5.781650543212891e-06,25.294405442356858,159.96903768565932,-231.57995012955155,8040.2747561454635,3729.447191576921,5.587935447692871e-09,4.7371988795350107e-07,False,True,0,0,-0.43489405512809753,7.671795845031738,0.08177613466978073,False,-2.3122808933258057,48.283931732177734,0.3299444615840912,0.6641752123832703,0.7470407485961914,0.021156910806894302,0.01881008967757225,-0.6349736452102661,48.37901306152344,0.32994452118873596,0.764752209186554,0.6437022686004639,0.018230261281132698,0.021658513695001602,-2.187744140625,46.087032318115234,0.3299272358417511,0.664631187915802,0.7466350793838501,0.021145422011613846,0.01882300339639187,-0.5104371905326843,46.18211364746094,0.3299272358417511,0.7651253938674927,0.6432586908340454,0.018217703327536583,0.02166908234357834
2.600000000000,312,0.0,0.0,1.0,-1.432873249053955,47.612545013427734,0.4186379611492157,3.2444779872894287,7.225986003875732,-1.130089521408081,2.1682062367744948e-07,asphalt,0.0,0.0,1.0,1744.6955350096218,2,-9.16101360321045,-8.64267349243164e-06,22.39616599239782,159.96889845377945,-232.1000019829334,8036.80229189489,3732.9094118419325,8.088164804576081e-09,8.088554106435482e-07,False,True,0,0,-0.4089658260345459,7.2144036293029785,0.0817800760269165,False,-2.333696126937866,48.66170883178711,0.329941987991333,0.960049569606781,0.27839431166648865,0.00788439903408289,0.02718953788280487,-0.6563889980316162,48.75679016113281,0.329941987991333,0.9901164770126343,0.13736069202423096,0.0038901888765394688,0.028041068464517593,-2.2091596126556396,46.46480941772461,0.32992908358573914,0.9602192640304565,0.27780836820602417,0.007867805659770966,0.027194352820515633,-0.5318523049354553,46.55989074707031,0.32992908358573914,0.9901959300041199,0.13678652048110962,0.0038739272858947515,0.028043314814567566
2.650000000000,318,0.0,0.0,1.0,-1.452987551689148,47.967376708984375,0.4186389148235321,3.2444777488708496,6.758187770843506,-1.1317765712738037,1.4677098647553066e-07,asphalt,0.0,0.0,1.0,1664.0157234337132,2,-9.542905807495117,1.5497207641601562e-06,19.636897561171445,159.96879830032915,-232.47337038124982,8043.692836630571,3726.0114983161475,-1.1216380713108265e-08,2.2790468661407906e-07,False,True,0,0,-0.3824900984764099,6.7473554611206055,0.08172725141048431,False,-2.3538103103637695,49.016536712646484,0.32993948459625244,0.9698432087898254,-0.24208001792430878,-0.006855943240225315,0.02746690809726715,-0.6765031814575195,49.11161804199219,0.3299395442008972,0.9249196648597717,-0.3791070580482483,-0.010736683383584023,0.026194632053375244,-2.229273557662964,46.819637298583984,0.3299318850040436,0.9696934223175049,-0.24267934262752533,-0.0068729170598089695,0.0274626687169075,-0.5519664883613586,46.91471862792969,0.3299318850040436,0.9246967434883118,-0.37965044379234314,-0.010752073489129543,0.0261883195489645
2.700000000000,324,0.0,0.0,1.0,-1.4717603921890259,48.29854202270508,0.41863682866096497,3.2444772720336914,6.281569957733154,-1.1324862241744995,1.3342820182060677e-08,asphalt,0.0,0.0,1.0,1574.1106354439996,2,-9.52261734008789,1.9073486328125e-06,16.993859213524047,159.96874838364135,-232.65923414551744,8063.435811827756,3706.2648504986573,-1.2147670425122215e-08,6.976348151030856e-07,False,True,0,0,-0.35551509261131287,6.271501541137695,0.08164902031421661,False,-2.3725831508636475,49.34770202636719,0.3299362063407898,0.7412402033805847,-0.670642614364624,-0.018993252888321877,0.020992647856473923,-0.6952759623527527,49.44278335571289,0.3299362063407898,0.6370317935943604,-0.7703174948692322,-0.02181607484817505,0.018041295930743217,-2.248046398162842,47.15079879760742,0.3299364149570465,0.7408257126808167,-0.6711004972457886,-0.019006220623850822,0.02098090760409832,-0.570739209651947,47.245880126953125,0.3299364149570465,0.6365790963172913,-0.7706916928291321,-0.021826671436429024,0.01802847534418106
2.750000000000,330,0.0,0.0,1.0,-1.489185094833374,48.605918884277344,0.41863152384757996,3.244478464126587,5.805769443511963,-1.1319652795791626,-1.0007112649645933e-07,asphalt,0.0,0.0,1.0,1478.4531532031601,2,-9.508800506591797,-1.0788440704345703e-05,14.546078205951488,159.96876641481,-232.59211260044825,8076.428009597481,3693.2739793721667,-7.025442005925697e-09,1.6914421401285885e-06,False,True,0,0,-0.32858648896217346,5.796463966369629,0.08165852725505829,False,-2.390007734298706,49.65507888793945,0.32993289828300476,-0.37134143710136414,0.9280647039413452,0.026283664628863335,-0.010516772046685219,-0.7127007246017456,49.750160217285156,0.32993289828300476,-0.2339426577091217,0.9718381762504578,0.027523363009095192,-0.006625514477491379,-2.2654712200164795,47.45817565917969,0.3299400508403778,-0.3707677721977234,0.9282940626144409,0.026290159672498703,-0.010500525124371052,-0.5881640315055847,47.55325698852539,0.3299400508403778,-0.23337174952030182,0.9719753861427307,0.027527252212166786,-0.006609346251934767
2.800000000000,336,0.0,0.0,1.0,-1.5052638053894043,48.889556884765625,0.41862791776657104,3.244481086730957,5.3305344581604,-1.1305023431777954,-1.0340678358033983e-07,asphalt,0.0,0.0,1.0,1379.3665900882775,2,-9.499190330505371,-1.3470649719238281e-05,12.291283843139245,159.96884008389281,-232.31767576307985,8084.926807529284,3684.7806016431314,3.6440583883745603e-09,2.1870500646524427e-06,False,True,0,0,-0.3016900420188904,5.321990489959717,0.08174192160367966,False,-2.4060866832733154,49.938716888427734,0.3299301862716675,0.03808837756514549,0.9988732933998108,0.028289012610912323,0.0010786543134599924,-0.7287796139717102,50.0338020324707,0.3299301862716675,0.18141505122184753,0.9829990267753601,0.027839433401823044,0.005137798376381397,-2.2815499305725098,47.741817474365234,0.32994183897972107,0.038705650717020035,0.9988495707511902,0.0282883383333683,0.0010961362859234214,-0.6042428016662598,47.83689880371094,0.32994183897972107,0.18199250102043152,0.9828922748565674,0.027836427092552185,0.005154238548129797
2.850000000000,342,0.0,0.0,1.0,-1.5199980735778809,49.149478912353516,0.4186285138130188,3.244483709335327,4.85569429397583,-1.1285663843154907,3.335700604623071e-09,asphalt,0.0,0.0,1.0,1278.2417908074067,2,-9.492419242858887,-1.3768672943115234e-05,10.227999418625537,159.9689442301323,-231.92914919201925,8090.4431433315785,3679.271928400407,-3.2100277991276016e-09,2.387864750765032e-06,False,True,0,0,-0.27481594681739807,4.847911357879639,0.08180856704711914,False,-2.420821189880371,50.19864273071289,0.32992908358573914,0.4083772897720337,0.9123741388320923,0.025839295238256454,0.011565661057829857,-0.7435140013694763,50.29372787475586,0.32992908358573914,0.5354049205780029,0.8441209197044373,0.02390626072883606,0.015163124538958073,-2.2962844371795654,48.00174331665039,0.3299419581890106,0.4089410603046417,0.912121593952179,0.025832142680883408,0.01158162858337164,-0.6189771890640259,48.096824645996094,0.3299420177936554,0.5359007120132446,0.843806266784668,0.02389739267528057,0.015177239663898945
2.900000000000,348,0.0,0.0,1.0,-1.5333887338638306,49.38569641113281,0.4186317026615143,3.2444841861724854,4.38113260269165,-1.126622200012207,1.2342083266503323e-07,asphalt,0.0,0.0,1.0,1175.9098572064836,2,-9.487475395202637,4.172325134277344e-07,8.355259973916604,159.96905258226465,-231.52423988157796,8093.994061673274,3675.7289820668493,1.545681449499625e-08,1.3754254987962526e-06,False,True,0,0,-0.24795734882354736,4.374110221862793,0.08182058483362198,False,-2.4342119693756104,50.43486022949219,0.3299299478530884,0.6941605806350708,0.7192632555961609,0.020370399579405785,0.019659463316202164,-0.7569047808647156,50.529945373535156,0.3299299478530884,0.7904286980628967,0.6118994951248169,0.01732962392270565,0.02238575369119644,-2.3096752166748047,48.23796463012695,0.3299412727355957,0.6946048736572266,0.7188342213630676,0.020358173176646233,0.019671961665153503,-0.6323680877685547,48.33304977416992,0.3299412727355957,0.7907880544662476,0.611435055732727,0.01731647364795208,0.02239593118429184
2.950000000000,354,0.0,0.0,1.0,-1.5454368591308594,49.59823226928711,0.4186348617076874,3.2444872856140137,3.9067704677581787,-1.1250181198120117,3.435767155224312e-07,asphalt,0.0,0.0,1.0,1075.4520272944283,2,-9.484026908874512,-5.7220458984375e-06,6.672438238086375,159.96914463894976,-231.17966882164694,8096.2547834980405,3673.4750333126876,9.803313716361117e-09,1.0743734990569858e-06,False,True,0,0,-0.2211102992296219,3.900508403778076,0.08178316056728363,False,-2.4462602138519287,50.64739990234375,0.3299317955970764,0.8808934092521667,0.4724673330783844,0.013380768708884716,0.024947822093963623,-0.7689531445503235,50.74248123168945,0.32993173599243164,0.9397081732749939,0.3408035635948181,0.009651915170252323,0.026613524183630943,-2.321723461151123,48.45050048828125,0.3299403786659241,0.8811851739883423,0.47192293405532837,0.013365358114242554,0.024956095963716507,-0.644416332244873,48.54558563232422,0.3299403786659241,0.9399082660675049,0.3402514159679413,0.009636277332901955,0.026619186624884605
3.000000000000,360,0.0,0.0,1.0,-1.556142807006836,49.78709030151367,0.4186357855796814,3.244488477706909,3.4325528144836426,-1.1239278316497803,3.6359077171255194e-07,asphalt,0.0,0.0,1.0,1006.4170338628088,2,-9.48150634765625,8.344650268554688e-07,5.179103601941676,159.96920936472242,-230.9370902847827,8097.679191786374,3672.0553872230776,4.362366468058099e-09,4.0045234689162754e-07,False,True,0,0,-0.1942712962627411,3.427050828933716,0.08172391355037689,False,-2.4569661617279053,50.83626174926758,0.3299342393875122,0.9760794639587402,0.2155630886554718,0.006104977801442146,0.02764362096786499,-0.7796590924263,50.93134307861328,0.32993417978286743,0.9969390630722046,0.07287666201591492,0.002063945634290576,0.028234390541911125,-2.3324294090270996,48.63936233520508,0.32993921637535095,0.9762124419212341,0.21495984494686127,0.006087892223149538,0.027647385373711586,-0.6551223993301392,48.73444366455078,0.3299391567707062,0.9969817399978638,0.07229098677635193,0.002047358313575387,0.02823559381067753
3.050000000000,366,0.0,0.0,1.0,-1.565506935119629,49.95227813720703,0.4186337888240814,3.244490623474121,2.958441972732544,-1.1233675479888916,2.5351278054586146e-07,asphalt,0.0,0.0,1.0,964.5451937534712,2,-9.479623794555664,2.384185791015625e-07,3.874974192468731,159.9692446523216,-230.80473238032252,8098.5630841208895,3671.1740911736742,5.334616748342569e-09,1.1210168993884992e-06,False,True,0,0,-0.16743822395801544,2.953700065612793,0.0816715806722641,False,-2.4663305282592773,51.00144958496094,0.3299362361431122,0.9993642568588257,-0.021671995520591736,-0.0006137745222076774,0.028303079307079315,-0.7890233397483826,51.09653091430664,0.3299362361431122,0.985846996307373,-0.1652401238679886,-0.004679780453443527,0.027920259162783623,-2.3417935371398926,48.80455017089844,0.3299380838871002,0.9993506669998169,-0.022289589047431946,-0.000631265458650887,0.028302699327468872,-0.6644865274429321,48.899635314941406,0.3299380838871002,0.9857497215270996,-0.16581928730010986,-0.004696182440966368,0.02791750058531761
3.100000000000,372,0.0,0.0,1.0,-1.5735294818878174,50.09379959106445,0.41862952709198,3.2444918155670166,2.484412670135498,-1.1232331991195679,3.6359068644742365e-07,asphalt,0.0,0.0,1.0,939.1486389485726,2,-9.47821044921875,-1.1324882507324219e-06,2.7598560024774415,159.9692552640221,-230.76491480705232,8099.0976044591425,3670.6403515912843,4.72178030008763e-09,1.029093966539993e-06,False,True,0,0,-0.1406097710132599,2.4804303646087646,0.08165568113327026,False,-2.474353075027466,51.14297103881836,0.3299374580383301,0.9744431972503662,-0.2228430211544037,-0.006311160046607256,0.02759730815887451,-0.7970459461212158,51.23805236816406,0.3299374580383301,0.9322397708892822,-0.3607320189476013,-0.01021632645279169,0.026402050629258156,-2.349816083908081,48.946075439453125,0.32993727922439575,0.9743053317070007,-0.2234451174736023,-0.006328210700303316,0.027593394741415977,-0.6725090146064758,49.04115676879883,0.32993727922439575,0.9320276975631714,-0.3612796366214752,-0.010231837630271912,0.026396049186587334
3.150000000000,378,0.0,0.0,1.0,-1.5802106857299805,50.2116584777832,0.41862502694129944,3.244493246078491,2.0104434490203857,-1.123342514038086,1.767918007544722e-07,asphalt,0.0,0.0,1.0,923.7448498083295,2,-9.477158546447754,1.430511474609375e-06,1.8336099781073756,159.96925079375646,-230.78168912329687,8099.408035654838,3670.3295914957944,3.737365528166947e-09,9.477749640525699e-07,False,True,0,0,-0.11378466337919235,2.007220983505249,0.08167432993650436,False,-2.481034278869629,51.26082992553711,0.32993781566619873,0.9237539768218994,-0.3819386661052704,-0.010816927999258041,0.026161741465330124,-0.8037271499633789,51.35591125488281,0.32993781566619873,0.8591864705085754,-0.5108788013458252,-0.014468654990196228,0.024333113804459572,-2.356497287750244,49.06393051147461,0.329936683177948,0.9235178232192993,-0.38250935077667236,-0.01083308644592762,0.02615504339337349,-0.6791902184486389,49.15901565551758,0.329936683177948,0.858886182308197,-0.5113835334777832,-0.014482947066426277,0.02432461455464363
3.200000000000,384,0.0,0.0,1.0,-1.5855714082717896,50.30622482299805,0.41862162947654724,3.244495391845703,1.5540683269500732,-1.123576045036316,1.601133448048131e-07,asphalt,0.0,0.0,1.0,914.4019794190234,1,-9.123773574829102,-2.562999725341797e-06,1.1160545282433816,159.969239593825,-230.8237106200353,8080.094182134293,3689.6426209813817,1.6623951104577372e-09,1.561642964743368e-06,False,True,0,0,-0.08795535564422607,1.5515774488449097,0.08170948177576065,False,-2.4863951206207275,51.35539245605469,0.3299383223056793,0.8653919696807861,-0.5002951622009277,-0.014168924652040005,0.024508874863386154,-0.8090879321098328,51.450477600097656,0.3299383223056793,0.7844019532203674,-0.6196064352989197,-0.01754795014858246,0.02221515029668808,-2.3618581295013428,49.15849685668945,0.3299356698989868,0.8650826215744019,-0.5008299350738525,-0.014184072613716125,0.024500122293829918,-0.6845508813858032,49.25358200073242,0.3299356698989868,0.7840378284454346,-0.6200671792030334,-0.017560996115207672,0.022204838693141937
3.250000000000,390,0.0,0.0,1.0,-1.5896414518356323,50.378021240234375,0.4186202883720398,3.2444965839385986,1.0980463027954102,-1.1242300271987915,1.8346325703078037e-07,asphalt,0.0,0.0,1.0,908.7352420781881,1,-9.114452362060547,-5.960464477539062e-07,0.5788902867923252,159.96920897288715,-230.9385595675546,8062.5836690220585,3707.1508811581134,3.059396291860139e-09,5.101727935431538e-07,False,True,0,0,-0.062145963311195374,1.0962862968444824,0.08176667243242264,False,-2.4904651641845703,51.42719268798828,0.329939603805542,0.8125393390655518,-0.5822184681892395,-0.01648908667266369,0.02301204204559326,-0.8131579756736755,51.522274017333984,0.329939603805542,0.7203118205070496,-0.693072497844696,-0.01962859556078911,0.020400049164891243,-2.3659279346466064,49.23029327392578,0.32993316650390625,0.812179446220398,-0.5827204585075378,-0.016503311693668365,0.023001857101917267,-0.6886208653450012,49.32537841796875,0.3299331068992615,0.7199044227600098,-0.6934956312179565,-0.01964058354496956,0.020388515666127205
3.300000000000,396,0.0,0.0,1.0,-1.5924224853515625,50.42707443237305,0.41862189769744873,3.2444963455200195,0.6433427929878235,-1.1254853010177612,2.0347751217286714e-07,asphalt,0.0,0.0,1.0,905.298192140433,1,-9.064485549926758,-4.76837158203125e-07,0.21705993181260091,115.00094541550797,-231.1767302572814,8048.726492727408,3721.0033818018946,-2.4284005917252216e-09,0,False,True,0,0,-0.03641117736697197,0.6423115730285645,0.0818231999874115,False,-2.493246078491211,51.47624206542969,0.3299407958984375,0.7742193341255188,-0.6322839260101318,-0.017906997352838516,0.021926775574684143,-0.8159388899803162,51.571327209472656,0.3299407958984375,0.675186812877655,-0.7371033430099487,-0.020875416696071625,0.019121883437037468,-2.368708848953247,49.27934646606445,0.32993084192276,0.7738284468650818,-0.6327623128890991,-0.017920546233654022,0.021915709599852562,-0.6914017796516418,49.374427795410156,0.32993084192276,0.6747536659240723,-0.7374998331069946,-0.020886823534965515,0.019109776243567467
3.350000000000,402,0.0,0.0,1.0,-1.5939209461212158,50.45351028442383,0.41862598061561584,3.244494676589966,0.19213807582855225,-1.1272094249725342,2.2682752387481742e-07,asphalt,0.0,0.0,1.0,903.2135159742212,1,-8.992470741271973,-5.960464477539062e-07,0.029961520173821227,42.72610018927703,-231.51772606763006,8034.4779828186665,3735.245189054004,6.62854926503087e-09,0,False,True,0,0,-0.010874410159885883,0.1918300986289978,0.0818527489900589,False,-2.494744300842285,51.50267791748047,0.3299413323402405,0.7556955218315125,-0.654310941696167,-0.018530819565057755,0.02140214294195175,-0.8174372315406799,51.59775924682617,0.3299413323402405,0.6536864042282104,-0.7562358379364014,-0.021417269483208656,0.018512969836592674,-2.3702070713043213,49.30577850341797,0.3299291431903839,0.7552909851074219,-0.6547779440879822,-0.018544044345617294,0.02139069326221943,-0.6929000616073608,49.40085983276367,0.32992908358573914,0.6532420516014099,-0.7566196918487549,-0.02142813801765442,0.01850038394331932
3.366666666667,404,0.0,0.0,1.0,-1.594137191772461,50.45732498168945,0.41862767934799194,3.2444944381713867,0.04253103584051132,-1.1278529167175293,2.0014196877582435e-07,asphalt,0.0,0.0,1.0,902.7201825448223,1,-8.968770027160645,5.960464477539063e-08,0.005777449437753314,18.762007920697815,-231.6471207644946,8029.5881363221815,3740.1324895653124,4.089358185410674e-09,0,False,True,0,0,-0.0024071261286735535,0.04246286302804947,0.08185496926307678,False,-2.4949605464935303,51.506492614746094,0.3299415111541748,0.7543674111366272,-0.6558417081832886,-0.01857416331768036,0.02136453241109848,-0.8176534175872803,51.6015739440918,0.3299415111541748,0.6521518230438232,-0.757559597492218,-0.021454758942127228,0.01846950873732567,-2.3704233169555664,49.30958938598633,0.32992884516716003,0.7539619207382202,-0.6563078761100769,-0.018587371334433556,0.02135304920375347,-0.6931162476539612,49.40467071533203,0.32992884516716003,0.6517067551612854,-0.7579424977302551,-0.021465659141540527,0.018456967547535896
